-147.5,0,120
-147.501398166165,-0.18181906656901,119.997583637339
-147.502572211503,-0.363639718455061,119.995167274677
-147.503522136525,-0.545461679406784,119.992750912016
-147.504247942083,-0.727284673116221,119.990334549355
-147.504749629368,-0.909108423361193,119.987918186694
-147.505027199913,-1.09093265384799,119.985501824032
-147.50508065559,-1.27275708833799,119.983085461371
-147.504909998614,-1.45458145061651,119.98066909871
-147.504515231536,-1.63640546443014,119.978252736049
-147.503896357253,-1.81822885355027,119.975836373387
-147.503053378998,-2.00005134178925,119.973420010726
-147.501986300346,-2.18187265292198,119.971003648065
-147.500695125212,-2.36369251076518,119.968587285404
-147.499179857853,-2.54551063913049,119.966170922742
-147.497440502863,-2.72732676185641,119.963754560081
-147.495477065179,-2.90914060277722,119.96133819742
-147.493289550078,-3.09095188575492,119.958921834758
-147.490877963175,-3.27276033464809,119.956505472097
-147.488242310428,-3.45456567332811,119.954089109436
-147.485382598134,-3.63636762571112,119.951672746775
-147.48229883293,-3.81816591566376,119.949256384113
-147.478991021792,-3.99996026712983,119.946840021452
-147.475459172039,-4.18175040403605,119.944423658791
-147.471703291328,-4.36353605033977,119.94200729613
-147.467723387656,-4.54531692998211,119.939590933468
-147.46351946936,-4.72709276696723,119.937174570807
-147.459091545118,-4.90886328528386,119.934758208146
-147.454439623947,-5.09062820893731,119.932341845485
-147.449563715205,-5.27238726194984,119.929925482823
-147.444463828588,-5.45414016839265,119.927509120162
-147.439139974133,-5.63588665230745,119.925092757501
-147.433592162219,-5.81762643776995,119.922676394839
-147.427820403559,-5.999359248906,119.920260032178
-147.421824709212,-6.18108480982903,119.917843669517
-147.415605090573,-6.36280284465617,119.915427306856
-147.409161559377,-6.54451307757173,119.913010944194
-147.4024941277,-6.72621523274883,119.910594581533
-147.395602807957,-6.90790903439706,119.908178218872
-147.388487612902,-7.08959420671568,119.905761856211
-147.38114855563,-7.27127047395701,119.903345493549
-147.373585649574,-7.45293756039537,119.900929130888
-147.365798908507,-7.63459519029598,119.898512768227
-147.357788346541,-7.81624308799413,119.896096405566
-147.349553978128,-7.99788097781687,119.893680042904
-147.341095818058,-8.17950858413064,119.891263680243
-147.332413881464,-8.3611256312787,119.888847317582
-147.323508183814,-8.54273184370758,119.88643095492
-147.314378740917,-8.72432694582569,119.884014592259
-147.305025568921,-8.9059106620983,119.881598229598
-147.295448684312,-9.0874827170164,119.879181866937
-147.28564810392,-9.26904283506565,119.876765504275
-147.275623844907,-9.4505907407898,119.874349141614
-147.265375924778,-9.63212615875957,119.871932778953
-147.254904361378,-9.81364881354161,119.869516416292
-147.244209172887,-9.99515842977765,119.86710005363
-147.233290377827,-10.1766547321062,119.864683690969
-147.222147995058,-10.3581374451943,119.862267328308
-147.21078204378,-10.5396062937382,119.859850965647
-147.199192543527,-10.7210610024952,119.857434602985
-147.187379514179,-10.9025012962051,119.855018240324
-147.17534297595,-11.0839268996539,119.852601877663
-147.163082949391,-11.2653375376897,119.850185515001
-147.150599455396,-11.4467329351604,119.84776915234
-147.137892515196,-11.6281128169297,119.845352789679
-147.124962150357,-11.8094769079562,119.842936427018
-147.11180838279,-11.9908249331366,119.840520064356
-147.098431234737,-12.1721566175105,119.838103701695
-147.084830728785,-12.3534716860563,119.835687339034
-147.071006887855,-12.5347698638333,119.833270976373
-147.056959735206,-12.7160508759348,119.830854613711
-147.04268929444,-12.8973144474573,119.82843825105
-147.02819558949,-13.0785603035793,119.826021888389
-147.013478644631,-13.259788169483,119.823605525728
-146.998538484478,-13.4409977703865,119.821189163066
-146.98337513398,-13.6221888315442,119.818772800405
-146.967988618425,-13.8033610782781,119.816356437744
-146.952378963439,-13.9845142359003,119.813940075082
-146.936546194989,-14.165648029776,119.811523712421
-146.920490339373,-14.3467621853397,119.80910734976
-146.904211423231,-14.5278564280324,119.806690987099
-146.887709473543,-14.7089304833183,119.804274624437
-146.870984517618,-14.8899840767634,119.801858261776
-146.854036583112,-15.0710169338947,119.799441899115
-146.836865698013,-15.252028780326,119.797025536454
-146.819471890649,-15.4330193417117,119.794609173792
-146.801855189682,-15.6139883437308,119.792192811131
-146.784015624113,-15.7949355121196,119.78977644847
-146.765953223283,-15.9758605726242,119.787360085809
-146.747668016865,-16.1567632510798,119.784943723147
-146.729160034871,-16.3376432733326,119.782527360486
-146.710429307652,-16.5185003652717,119.780110997825
-146.691475865896,-16.6993342528292,119.777694635163
-146.672299740623,-16.8801446619966,119.775278272502
-146.652900963194,-17.0609313188094,119.772861909841
-146.633279565306,-17.2416939493319,119.77044554718
-146.613435578992,-17.4224322796731,119.768029184518
-146.593369036624,-17.6031460359874,119.765612821857
-146.573079970905,-17.7838349445062,119.763196459196
-146.552568414883,-17.9644987314443,119.760780096535
-146.531834401932,-18.1451371231412,119.758363733873
-146.510877965771,-18.3257498459208,119.755947371212
-146.48969914045,-18.5063366261857,119.753531008551
-146.468297960358,-18.6868971903704,119.75111464589
-146.446674460221,-18.8674312649577,119.748698283228
-146.424828675097,-19.0479385764945,119.746281920567
-146.402760640382,-19.2284188515768,119.743865557906
-146.38047039181,-19.4088718168185,119.741449195244
-146.35795796545,-19.5892971989147,119.739032832583
-146.335223397702,-19.7696947246108,119.736616469922
-146.312266725308,-19.9500641206871,119.734200107261
-146.289087985343,-20.1304051139749,119.731783744599
-146.265687215217,-20.3107174313726,119.729367381938
-146.242064452675,-20.4910007998304,119.726951019277
-146.218219735804,-20.671254946304,119.724534656616
-146.194153103014,-20.8514795978799,119.722118293954
-146.16986459306,-21.031674481635,119.719701931293
-146.14535424503,-21.2118393247312,119.717285568632
-146.120622098346,-21.3919738543686,119.714869205971
-146.095668192764,-21.5720777978171,119.712452843309
-146.070492568377,-21.752150882386,119.710036480648
-146.045095265614,-21.9321928354395,119.707620117987
-146.019476325235,-22.112203384413,119.705203755325
-145.993635788338,-22.2921822567824,119.702787392664
-145.96757369635,-22.472129180111,119.700371030003
-145.941290091042,-22.6520438819567,119.697954667342
-145.914785014515,-22.8319260899811,119.69553830468
-145.888058509198,-23.0117755319193,119.693121942019
-145.861110617864,-23.1915919355174,119.690705579358
-145.833941383618,-23.3713750285957,119.688289216697
-145.806550849892,-23.5511245390644,119.685872854035
-145.778939060461,-23.7308401948462,119.683456491374
-145.75110605943,-23.9105217239546,119.681040128713
-145.723051891239,-24.0901688544477,119.678623766052
-145.694776600659,-24.2697813144595,119.67620740339
-145.666280232796,-24.4493588321849,119.673791040729
-145.637562833096,-24.6289011358335,119.671374678068
-145.608624447327,-24.8084079537544,119.668958315406
-145.579465121599,-24.9878790142964,119.666541952745
-145.550084902352,-25.1673140459022,119.664125590084
-145.520483836362,-25.3467127770615,119.661709227423
-145.490661970732,-25.5260749363433,119.659292864761
-145.460619352907,-25.7054002523644,119.6568765021
-145.430356030659,-25.8846884538061,119.654460139439
-145.399872052093,-26.0639392694296,119.652043776778
-145.369167465651,-26.2431524280455,119.649627414116
-145.338242320101,-26.4223276585454,119.647211051455
-145.307096664553,-26.6014646898557,119.644794688794
-145.27573054844,-26.7805632510152,119.642378326133
-145.244144021529,-26.9596230711143,119.639961963471
-145.21233713393,-27.1386438792634,119.63754560081
-145.180309936071,-27.3176254047026,119.635129238149
-145.148062478722,-27.4965673767087,119.632712875487
-145.115594812981,-27.6754695246268,119.630296512826
-145.082906990274,-27.8543315779015,119.627880150165
-145.049999062372,-28.0331532659846,119.625463787504
-145.016871081361,-28.2119343184747,119.623047424842
-144.983523099674,-28.3906744649628,119.620631062181
-144.949955170065,-28.5693734351723,119.61821469952
-144.916167345623,-28.7480309588659,119.615798336859
-144.882159679771,-28.9266467658777,119.613381974197
-144.847932226259,-29.1052205861287,119.610965611536
-144.813485039174,-29.2837521495806,119.608549248875
-144.778818172923,-29.4622411863296,119.606132886214
-144.743931682259,-29.640687426467,119.603716523552
-144.708825622253,-29.8190906002191,119.601300160891
-144.673500048317,-29.9974504378394,119.59888379823
-144.637955016184,-30.1757666697016,119.596467435568
-144.602190581927,-30.3540390262073,119.594051072907
-144.566206801944,-30.5322672378638,119.591634710246
-144.53000373296,-30.7104510352536,119.589218347585
-144.493581432043,-30.8885901490035,119.586801984923
-144.456939956579,-31.0666843098475,119.584385622262
-144.420079364286,-31.2447332485957,119.581969259601
-144.382999713217,-31.4227366961195,119.57955289694
-144.345701061753,-31.6006943833675,119.577136534278
-144.308183468602,-31.7786060413813,119.574720171617
-144.270446992805,-31.9564714012648,119.572303808956
-144.23249169373,-32.1342901942161,119.569887446295
-144.194317631076,-32.3120621514961,119.567471083633
-144.155924864873,-32.4897870044453,119.565054720972
-144.117313455476,-32.6674644844988,119.562638358311
-144.078483463574,-32.8450943231566,119.560221995649
-144.03943495018,-33.0226762520142,119.557805632988
-144.00016797664,-33.2002100027325,119.555389270327
-143.960682604629,-33.3776953070536,119.552972907666
-143.920978896147,-33.5551318968167,119.550556545004
-143.881056913526,-33.7325195039273,119.548140182343
-143.840916719424,-33.9098578603889,119.545723819682
-143.80055837683,-34.0871466982722,119.543307457021
-143.759981949061,-34.2643857497313,119.540891094359
-143.719187499759,-34.441574747019,119.538474731698
-143.678175092897,-34.6187134224568,119.536058369037
-143.636944792775,-34.7958015084659,119.533642006376
-143.595496664017,-34.9728387375525,119.531225643714
-143.553830771588,-35.1498248422616,119.528809281053
-143.511947180765,-35.3267595552854,119.526392918392
-143.469845957158,-35.5036426093866,119.52397655573
-143.42752716671,-35.6804737373836,119.521560193069
-143.384990875683,-35.8572526722124,119.519143830408
-143.342237150668,-36.0339791468959,119.516727467747
-143.299266058586,-36.2106528945296,119.514311105085
-143.256077666685,-36.3872736482968,119.511894742424
-143.21267204254,-36.563841141469,119.509478379763
-143.169049254045,-36.7403551074374,119.507062017102
-143.125209369431,-36.9168152796363,119.50464565444
-143.08115245725,-37.0932213916202,119.502229291779
-143.036878586381,-37.2695731770182,119.499812929118
-142.992387826028,-37.4458703695653,119.497396566457
-142.947680245728,-37.6221127030565,119.494980203795
-142.902755915327,-37.798299911439,119.492563841134
-142.857614905019,-37.9744317286754,119.490147478473
-142.812257285307,-38.1505078888812,119.487731115811
-142.766683127029,-38.3265281262186,119.48531475315
-142.720892501344,-38.502492174973,119.482898390489
-142.674885479734,-38.6783997695229,119.480482027828
-142.628662134012,-38.8542506443251,119.478065665166
-142.582222536314,-39.0300445339305,119.475649302505
-142.535566759102,-39.2057811729843,119.473232939844
-142.488694875156,-39.3814602962567,119.470816577183
-142.441606957591,-39.5570816385677,119.468400214521
-142.394303079838,-39.7326449348629,119.46598385186
-142.346783315659,-39.908149920169,119.463567489199
-142.29904773913,-40.0835963296392,119.461151126538
-142.251096424669,-40.2589838984626,119.458734763876
-142.202929447004,-40.4343123619711,119.456318401215
-142.154546881184,-40.6095814556094,119.453902038554
-142.105948802595,-40.7847909148744,119.451485675892
-142.05713528694,-40.9599404753764,119.449069313231
-142.008106410239,-41.1350298728551,119.44665295057
-141.958862248849,-41.3100588431033,119.444236587909
-141.909402879439,-41.4850271220441,119.441820225247
-141.859728379008,-41.6599344456851,119.439403862586
-141.809838824871,-41.8347805501492,119.436987499925
-141.759734294674,-42.0095651716451,119.434571137264
-141.709414866377,-42.1842880464974,119.432154774602
-141.658880618275,-42.3589489111023,119.429738411941
-141.60813162897,-42.5335475020028,119.42732204928
-141.557167977401,-42.7080835557991,119.424905686619
-141.505989742814,-42.8825568092392,119.422489323957
-141.454597004793,-43.0569669991289,119.420072961296
-141.402989843238,-43.2313138623925,119.417656598635
-141.351168338357,-43.4055971361035,119.415240235973
-141.299132570702,-43.5798165573639,119.412823873312
-141.24688262114,-43.7539718634108,119.410407510651
-141.194418570842,-43.9280627916313,119.40799114799
-141.141740501325,-44.1020890794425,119.405574785328
-141.088848494409,-44.2760504644279,119.403158422667
-141.035742632249,-44.4499466842314,119.400742060006
-140.98242299731,-44.6237774766342,119.398325697345
-140.928889672378,-44.797542579524,119.395909334683
-140.875142740567,-44.9712417308809,119.393492972022
-140.821182285307,-45.1448746687929,119.391076609361
-140.767008390352,-45.3184411314559,119.3886602467
-140.712621139764,-45.4919408572046,119.386243884038
-140.65802061794,-45.6653735844374,119.383827521377
-140.603206909588,-45.838739051692,119.381411158716
-140.548180099736,-46.0120369976158,119.378994796054
-140.492940273739,-46.1852671609363,119.376578433393
-140.437487517264,-46.3584292805215,119.374162070732
-140.381821916301,-46.5315230953352,119.371745708071
-140.325943557149,-46.7045483444825,119.369329345409
-140.269852526446,-46.87750476712,119.366912982748
-140.213548911129,-47.0503921025764,119.364496620087
-140.157032798459,-47.2232100902779,119.362080257426
-140.100304276025,-47.3959584697334,119.359663894764
-140.04336343173,-47.5686369805799,119.357247532103
-139.986210353784,-47.7412453625981,119.354831169442
-139.928845130726,-47.9137833556527,119.352414806781
-139.871267851418,-48.0862506997075,119.349998444119
-139.813478605023,-48.2586471348864,119.347582081458
-139.755477481034,-48.4309724013981,119.345165718797
-139.69726456926,-48.6032262395669,119.342749356135
-139.638839959824,-48.7754083898481,119.340332993474
-139.580203743173,-48.9475185927833,119.337916630813
-139.521356010059,-49.1195565890754,119.335500268152
-139.462296851559,-49.2915221195148,119.33308390549
-139.403026359062,-49.4634149250241,119.330667542829
-139.34354462429,-49.6352347465989,119.328251180168
-139.283851739255,-49.8069813254277,119.325834817507
-139.223947796305,-49.978654402758,119.323418454845
-139.163832888094,-50.1502537199859,119.321002092184
-139.103507107599,-50.3217790186121,119.318585729523
-139.042970548104,-50.4932300402719,119.316169366862
-138.982223303217,-50.6646065267058,119.3137530042
-138.92126546686,-50.8359082197751,119.311336641539
-138.860097133266,-51.0071348614764,119.308920278878
-138.798718396987,-51.1782861939131,119.306503916216
-138.737129352885,-51.3493619593249,119.304087553555
-138.675330096149,-51.5203619000441,119.301671190894
-138.613320722264,-51.6912857585697,119.299254828233
-138.551101327042,-51.8621332774939,119.296838465571
-138.488672006609,-52.0329041995323,119.29442210291
-138.426032857406,-52.2035982675238,119.292005740249
-138.363183976174,-52.3742152244611,119.289589377588
-138.300125459994,-52.5447548134019,119.287173014926
-138.23685740623,-52.7152167776027,119.284756652265
-138.173379912588,-52.8856008603711,119.282340289604
-138.10969307706,-53.0559068052142,119.279923926943
-138.045796997979,-53.226134355691,119.277507564281
-137.981691773975,-53.396283255531,119.27509120162
-137.917377503988,-53.5663532485906,119.272674838959
-137.852854287279,-53.7363440788381,119.270258476297
-137.788122223415,-53.9062554903841,119.267842113636
-137.723181412281,-54.0760872274524,119.265425750975
-137.658031954081,-54.24583903438,119.263009388314
-137.592673949306,-54.4155106556914,119.260593025652
-137.527107498783,-54.5851018359812,119.258176662991
-137.461332703646,-54.7546123199879,119.25576030033
-137.395349665332,-54.9240418525945,119.253343937669
-137.329158485597,-55.0933901787992,119.250927575007
-137.262759266503,-55.2626570437455,119.248511212346
-137.196152110427,-55.4318421926928,119.246094849685
-137.129337120058,-55.6009453710319,119.243678487024
-137.062314398384,-55.7699663243144,119.241262124362
-136.995084048726,-55.9389047981652,119.238845761701
-136.927646174694,-56.1077605384001,119.23642939904
-136.860000880216,-56.2765332909384,119.234013036378
-136.792148269528,-56.445222801847,119.231596673717
-136.724088447186,-56.6138288172971,119.229180311056
-136.655821518037,-56.7823510836375,119.226763948395
-136.587347587258,-56.9507893473074,119.224347585733
-136.51866676032,-57.1191433549097,119.221931223072
-136.449779143004,-57.2874128531824,119.219514860411
-136.380684841415,-57.4555975889696,119.21709849775
-136.311383961944,-57.6236973092948,119.214682135088
-136.241876611319,-57.7917117612593,119.212265772427
-136.172162896542,-57.9596406921737,119.209849409766
-136.102242924945,-58.1274838494417,119.207433047105
-136.032116804172,-58.2952409805899,119.205016684443
-135.961784642164,-58.4629118333111,119.202600321782
-135.891246547168,-58.6304961554364,119.200183959121
-135.820502627747,-58.7979936949207,119.197767596459
-135.749552992769,-58.9654041998574,119.195351233798
-135.678397751411,-59.1327274184791,119.192934871137
-135.607037013142,-59.2999630991869,119.190518508476
-135.53547088776,-59.4671109904781,119.188102145814
-135.463699485355,-59.6341708410192,119.185685783153
-135.391722916323,-59.8011423996173,119.183269420492
-135.31954129138,-59.9680254151915,119.180853057831
-135.247154721535,-60.1348196368311,119.178436695169
-135.174563318108,-60.3015248137526,119.176020332508
-135.101767192715,-60.4681406953434,119.173603969847
-135.028766457294,-60.6346670310902,119.171187607186
-134.955561224082,-60.8011035706367,119.168771244524
-134.882151605616,-60.9674500637844,119.166354881863
-134.808537714738,-61.133706260478,119.163938519202
-134.734719664606,-61.2998719107776,119.16152215654
-134.660697568665,-61.4659467649307,119.159105793879
-134.586471540682,-61.6319305732862,119.156689431218
-134.512041694711,-61.7978230863811,119.154273068557
-134.437408145134,-61.9636240548404,119.151856705895
-134.362571006612,-62.1293332294923,119.149440343234
-134.287530394116,-62.2949503612967,119.147023980573
-134.212286422932,-62.4604752013314,119.144607617912
-134.136839208639,-62.6259075008495,119.14219125525
-134.061188867123,-62.7912470112372,119.139774892589
-133.985335514569,-62.9564934840426,119.137358529928
-133.909279267467,-63.1216466709473,119.134942167267
-133.833020242608,-63.2867063237957,119.132525804605
-133.756558557095,-63.4516721945522,119.130109441944
-133.679894328314,-63.6165440353731,119.127693079283
-133.603027673967,-63.7813215985356,119.125276716621
-133.525958712065,-63.9460046364524,119.12286035396
-133.448687560897,-64.1105929017291,119.120443991299
-133.371214339072,-64.2750861470935,119.118027628638
-133.293539165495,-64.439484125424,119.115611265976
-133.215662159375,-64.6037865897505,119.113194903315
-133.137583440208,-64.7679932932828,119.110778540654
-133.059303127811,-64.9321039893402,119.108362177993
-132.980821342285,-65.0961184314225,119.105945815331
-132.902138204042,-65.2600363731683,119.10352945267
-132.823253833792,-65.423857568369,119.101113090009
-132.744168352531,-65.5875817709981,119.098696727348
-132.664881881575,-65.7512087351401,119.096280364686
-132.585394542533,-65.9147382150478,119.093864002025
-132.5057064573,-66.0781699651573,119.091447639364
-132.425817748089,-66.2415037400166,119.089031276702
-132.3457285374,-66.4047392943575,119.086614914041
-132.265438948037,-66.5678763830531,119.08419855138
-132.184949103089,-66.7309147611611,119.081782188719
-132.104259125971,-66.8938541838386,119.079365826057
-132.023369140375,-67.056694406442,119.076949463396
-131.942279270283,-67.2194351844988,119.074533100735
-131.860989640005,-67.3820762736375,119.072116738074
-131.779500374111,-67.5446174297149,119.069700375412
-131.697811597504,-67.7070584086755,119.067284012751
-131.615923435356,-67.8693989666784,119.06486765009
-131.533836013156,-68.0316388599998,119.062451287428
-131.451549456671,-68.1937778451169,119.060034924767
-131.369063891981,-68.3558156786243,119.057618562106
-131.286379445453,-68.517752117305,119.055202199445
-131.203496243746,-68.679586918102,119.052785836783
-131.120414413832,-68.8413198380909,119.050369474122
-131.037134082963,-69.0029506345364,119.047953111461
-130.953655378684,-69.1644790648647,119.0455367488
-130.869978428847,-69.3259048866494,119.043120386138
-130.786103361595,-69.4872278576266,119.040704023477
-130.70203030536,-69.6484477357084,119.038287660816
-130.617759388875,-69.8095642789561,119.035871298155
-130.53329074117,-69.9705772455938,119.033454935493
-130.448624491557,-70.1314863940234,119.031038572832
-130.363760769655,-70.2922914827964,119.028622210171
-130.278699705363,-70.4529922706428,119.026205847509
-130.193441428886,-70.6135885164429,119.023789484848
-130.107986070712,-70.7740799792561,119.021373122187
-130.022333761637,-70.9344664182791,119.018956759526
-129.936484632738,-71.0947475929022,119.016540396864
-129.850438815379,-71.2549232626816,119.014124034203
-129.764196441237,-71.414993187312,119.011707671542
-129.677757642256,-71.5749571266967,119.009291308881
-129.591122550686,-71.7348148408779,119.006874946219
-129.50429129907,-71.8945660900657,119.004458583558
-129.417264020244,-72.0542106346375,119.002042220897
-129.330040847325,-72.213748235153,118.999625858236
-129.242621913722,-72.3731786523401,118.997209495574
-129.155007353151,-72.5325016470681,118.994793132913
-129.067197299603,-72.691716980403,118.992376770252
-128.979191887359,-72.8508244135803,118.98996040759
-128.890991251006,-73.0098237079778,118.987544044929
-128.802595525405,-73.168714625171,118.985127682268
-128.714004845708,-73.3274969269062,118.982711319607
-128.625219347355,-73.4861703751005,118.980294956945
-128.536239166099,-73.6447347318009,118.977878594284
-128.447064437953,-73.8031897592811,118.975462231623
-128.357695299233,-73.9615352199594,118.973045868962
-128.268131886534,-74.11977087644,118.9706295063
-128.178374336759,-74.2778964914724,118.968213143639
-128.088422787073,-74.4359118280203,118.965796780978
-127.998277374945,-74.5938166491931,118.963380418317
-127.907938238141,-74.7516107182607,118.960964055655
-127.817405514689,-74.9092937987077,118.958547692994
-127.726679342922,-75.0668656541659,118.956131330333
-127.63575986146,-75.2243260484419,118.953714967671
-127.544647209201,-75.3816747455311,118.95129860501
-127.453341525345,-75.5389115095768,118.948882242349
-127.361842949357,-75.6960361049393,118.946465879688
-127.270151621003,-75.8530482961278,118.944049517026
-127.178267680333,-76.0099478478276,118.941633154365
-127.086191267686,-76.1667345249014,118.939216791704
-126.993922523676,-76.3234080924023,118.936800429043
-126.901461589205,-76.4799683155609,118.934384066381
-126.808808605475,-76.6364149597588,118.93196770372
-126.715963713954,-76.7927477905827,118.929551341059
-126.622927056408,-76.9489665737844,118.927134978398
-126.529698774867,-77.1050710753216,118.924718615736
-126.43627901168,-77.2610610612774,118.922302253075
-126.342667909437,-77.4169362979816,118.919885890414
-126.248865611055,-77.572696551877,118.917469527752
-126.15487225971,-77.7283415896265,118.915053165091
-126.06068799885,-77.8838711780877,118.91263680243
-125.966312972242,-78.0392850842449,118.910220439769
-125.871747323902,-78.1945830753176,118.907804077107
-125.776991198145,-78.3497649186802,118.905387714446
-125.682044739568,-78.5048303818889,118.902971351785
-125.586908093051,-78.6597792326823,118.900554989124
-125.491581403739,-78.8146112390087,118.898138626462
-125.396064817082,-78.9693261689587,118.895722263801
-125.300358478798,-79.1239237908334,118.89330590114
-125.204462534883,-79.2784038731176,118.890889538479
-125.10837713164,-79.4327661844398,118.888473175817
-125.012102415613,-79.5870104936799,118.886056813156
-124.915638533658,-79.7411365698488,118.883640450495
-124.818985632894,-79.8951441821694,118.881224087833
-124.722143860729,-80.0490331000365,118.878807725172
-124.625113364852,-80.2028030930307,118.876391362511
-124.527894293222,-80.3564539309319,118.87397499985
-124.430486794076,-80.5099853837064,118.871558637188
-124.332891015951,-80.6633972214806,118.869142274527
-124.235107107641,-80.8166892145946,118.866725911866
-124.137135218223,-80.9698611335759,118.864309549205
-124.038975497066,-81.1229127491132,118.861893186543
-123.940628093801,-81.2758438321097,118.859476823882
-123.842093158338,-81.4286541536571,118.857060461221
-123.743370840873,-81.5813434850226,118.85464409856
-123.64446129187,-81.7339115976756,118.852227735898
-123.545364662087,-81.8863582632485,118.849811373237
-123.446081102543,-82.03868325359,118.847395010576
-123.346610764542,-82.1908863407256,118.844978647914
-123.246953799646,-82.3429672968975,118.842562285253
-123.147110359729,-82.494925894486,118.840145922592
-123.047080596907,-82.6467619061152,118.837729559931
-122.946864663577,-82.7984751045874,118.835313197269
-122.846462712442,-82.9500652628571,118.832896834608
-122.745874896443,-83.1015321541236,118.830480471947
-122.645101368804,-83.2528755517654,118.828064109286
-122.544142283043,-83.4040952293275,118.825647746624
-122.442997792934,-83.5551909605742,118.823231383963
-122.341668052535,-83.70616251945,118.820815021302
-122.240153216167,-83.8570096801063,118.818398658641
-122.138453438445,-84.0077322168625,118.815982295979
-122.036568874219,-84.1583299042845,118.813565933318
-121.934499678661,-84.3088025170677,118.811149570657
-121.832246007186,-84.4591498301417,118.808733207995
-121.729808015483,-84.6093716186313,118.806316845334
-121.62718585953,-84.7594676578313,118.803900482673
-121.524379695543,-84.9094377232843,118.801484120012
-121.421389680063,-85.0592815906513,118.79906775735
-121.31821596985,-85.208999035868,118.796651394689
-121.214858721971,-85.3585898350151,118.794235032028
-121.111318093735,-85.5080537644097,118.791818669367
-121.007594242763,-85.6573906005146,118.789402306705
-120.903687326905,-85.8066001200424,118.786985944044
-120.799597504303,-85.9556820998782,118.784569581383
-120.69532493337,-86.1046363171057,118.782153218722
-120.590869772776,-86.2534625490206,118.77973685606
-120.486232181466,-86.4021605731176,118.777320493399
-120.381412318677,-86.5507301670525,118.774904130738
-120.276410343873,-86.6991711087458,118.772487768076
-120.171226416822,-86.8474831762661,118.770071405415
-120.065860697552,-86.9956661478961,118.767655042754
-119.96031334634,-87.1437198021447,118.765238680093
-119.854584523761,-87.2916439176836,118.762822317431
-119.748674390638,-87.4394382734119,118.76040595477
-119.642583108072,-87.5871026484176,118.757989592109
-119.53631083743,-87.7346368219908,118.755573229448
-119.429857740339,-87.8820405736373,118.753156866786
-119.32322397869,-88.0293136830653,118.750740504125
-119.216409714662,-88.1764559301609,118.748324141464
-119.109415110672,-88.3234670950519,118.745907778803
-119.002240329439,-88.4703469580189,118.743491416141
-118.894885533904,-88.6170952996104,118.74107505348
-118.787350887308,-88.7637119005282,118.738658690819
-118.67963655314,-88.9101965417046,118.736242328157
-118.571742695173,-89.0565490042515,118.733825965496
-118.463669477418,-89.202769069524,118.731409602835
-118.355417064176,-89.3488565190454,118.728993240174
-118.246985619995,-89.4948111345699,118.726576877512
-118.138375309689,-89.6406326980583,118.724160514851
-118.029586298342,-89.7863209916655,118.72174415219
-117.920618751303,-89.9318757977531,118.719327789529
-117.811472834175,-90.0772968989028,118.716911426867
-117.702148712835,-90.2225840778914,118.714495064206
-117.592646553419,-90.3677371177036,118.712078701545
-117.482966522329,-90.5127558015323,118.709662338884
-117.373108786209,-90.6576399128042,118.707245976222
-117.263073511983,-90.8023892351296,118.704829613561
-117.15286086685,-90.9470035523156,118.7024132509
-117.042471018246,-91.091482648404,118.699996888238
-116.931904133872,-91.2358263076461,118.697580525577
-116.821160381699,-91.3800343144912,118.695164162916
-116.710239929948,-91.5241064536112,118.692747800255
-116.599142947121,-91.6680425098641,118.690331437593
-116.48786960196,-91.8118422683438,118.687915074932
-116.376420063466,-91.9555055143557,118.685498712271
-116.264794500911,-92.0990320334042,118.68308234961
-116.152993083825,-92.2424216112059,118.680665986948
-116.041015981989,-92.3856740337023,118.678249624287
-115.928863365462,-92.5287890870225,118.675833261626
-115.81653540453,-92.6717665575458,118.673416898965
-115.704032269759,-92.81460623184,118.671000536303
-115.591354131972,-92.9573078966865,118.668584173642
-115.478501162241,-93.0998713390929,118.666167810981
-115.365473531915,-93.2422963462564,118.663751448319
-115.252271412569,-93.3845827056255,118.661335085658
-115.138894976066,-93.5267302048268,118.658918722997
-115.025344394506,-93.6687386317265,118.656502360336
-114.911619840244,-93.8106077744061,118.654085997674
-114.797721485903,-93.9523374211508,118.651669635013
-114.68364950437,-94.0939273604495,118.649253272352
-114.569404068749,-94.2353773810563,118.646836909691
-114.454985352448,-94.3766872718809,118.644420547029
-114.340393529102,-94.5178568220866,118.642004184368
-114.225628772598,-94.658885821054,118.639587821707
-114.110691257079,-94.7997740583813,118.637171459046
-113.995581156973,-94.9405213238479,118.634755096384
-113.88029864691,-95.0811274075124,118.632338733723
-113.764843901825,-95.2215920995908,118.629922371062
-113.649217096867,-95.3619151905668,118.6275060084
-113.533418407456,-95.5020964711188,118.625089645739
-113.417448009267,-95.6421357321446,118.622673283078
-113.301306078215,-95.7820327647738,118.620256920417
-113.18499279048,-95.9217873603439,118.617840557755
-113.068508322482,-96.0613993104247,118.615424195094
-112.951852850914,-96.2008684067827,118.613007832433
-112.8350265527,-96.3401944414291,118.610591469772
-112.718029605014,-96.4793772065967,118.60817510711
-112.600862185292,-96.6184164947274,118.605758744449
-112.483524471222,-96.7573120984852,118.603342381788
-112.366016640729,-96.8960638107679,118.600926019127
-112.248338872001,-97.0346714246841,118.598509656465
-112.130491343475,-97.1731347335649,118.596093293804
-112.012474233826,-97.3114535309762,118.593676931143
-111.894287721989,-97.4496276106956,118.591260568481
-111.775931987139,-97.5876567667362,118.58884420582
-111.657407208708,-97.7255407933227,118.586427843159
-111.538713566378,-97.8632794849044,118.584011480498
-111.419851240078,-98.000872636155,118.581595117836
-111.300820409964,-98.1383200419967,118.579178755175
-111.181621256472,-98.2756214975411,118.576762392514
-111.062253960263,-98.4127767981492,118.574346029853
-110.942718702256,-98.5497857393955,118.571929667191
-110.823015663615,-98.6866481170807,118.56951330453
-110.703145025733,-98.8233637272554,118.567096941869
-110.583106970287,-98.9599323661493,118.564680579208
-110.46290167915,-99.0963538302783,118.562264216546
-110.342529334492,-99.2326279163262,118.559847853885
-110.221990118687,-99.3687544212517,118.557431491224
-110.101284214385,-99.5047331422055,118.555015128562
-109.980411804447,-99.6405638766021,118.552598765901
-109.859373072014,-99.7762464220488,118.55018240324
-109.738168200448,-99.9117805764049,118.547766040579
-109.616797373352,-100.047166137759,118.545349677917
-109.495260774599,-100.182402904405,118.542933315256
-109.37355858828,-100.31749067489,118.540516952595
-109.251690998742,-100.452429247979,118.538100589934
-109.129658190562,-100.587218422679,118.535684227272
-109.00746034857,-100.721857998216,118.533267864611
-108.88509765783,-100.856347774058,118.53085150195
-108.762570303656,-100.990687549891,118.528435139289
-108.639878471604,-101.124877125635,118.526018776627
-108.517022347471,-101.258916301438,118.523602413966
-108.394002117274,-101.392804877707,118.521186051305
-108.270817967313,-101.526542655032,118.518769688643
-108.147470084076,-101.660129434294,118.516353325982
-108.023958654332,-101.79356501656,118.513936963321
-107.90028386508,-101.926849203142,118.51152060066
-107.776445903548,-102.059981795597,118.509104237998
-107.652444957212,-102.192962595704,118.506687875337
-107.528281213779,-102.325791405487,118.504271512676
-107.403954861203,-102.458468027192,118.501855150015
-107.279466087678,-102.590992263301,118.499438787353
-107.154815081623,-102.72336391654,118.497022424692
-107.030002031707,-102.855582789861,118.494606062031
-106.905027126837,-102.987648686449,118.49218969937
-106.779890556144,-103.119561409738,118.489773336708
-106.654592508999,-103.251320763395,118.487356974047
-106.529133175027,-103.382926551303,118.484940611386
-106.403512744082,-103.514378577592,118.482524248724
-106.277731406219,-103.645676646663,118.480107886063
-106.151789351784,-103.776820563095,118.477691523402
-106.025686771338,-103.90781013173,118.475275160741
-105.89942385564,-104.038645157679,118.472858798079
-105.773000795743,-104.169325446236,118.470442435418
-105.646417782899,-104.299850802966,118.468026072757
-105.519675008594,-104.430221033673,118.465609710096
-105.39277266456,-104.560435944387,118.463193347434
-105.265710942762,-104.690495341379,118.460776984773
-105.138490035398,-104.820399031157,118.458360622112
-105.011110134876,-104.950146820493,118.455944259451
-104.883571433872,-105.079738516363,118.453527896789
-104.75587412527,-105.209173926006,118.451111534128
-104.628018402198,-105.338452856892,118.448695171467
-104.500004458016,-105.467575116728,118.446278808805
-104.371832486304,-105.596540513477,118.443862446144
-104.243502680872,-105.725348855341,118.441446083483
-104.115015235785,-105.85399995074,118.439029720822
-103.986370345315,-105.98249360836,118.43661335816
-103.857568203976,-106.110829637117,118.434196995499
-103.728609006488,-106.239007846192,118.431780632838
-103.599492947848,-106.367028044962,118.429364270177
-103.470220223246,-106.494890043083,118.426947907515
-103.34079102809,-106.622593650464,118.424531544854
-103.211205558065,-106.750138677211,118.422115182193
-103.081464009023,-106.877524933731,118.419698819532
-102.951566577105,-107.004752230621,118.41728245687
-102.821513458642,-107.131820378752,118.414866094209
-102.691304850196,-107.25872918924,118.412449731548
-102.560940948565,-107.385478473438,118.410033368886
-102.430421950762,-107.51206804295,118.407617006225
-102.299748054053,-107.638497709606,118.405200643564
-102.168919455891,-107.764767285516,118.402784280903
-102.037936353993,-107.890876582998,118.400367918241
-101.906798946277,-108.016825414644,118.39795155558
-101.775507430899,-108.142613593275,118.395535192919
-101.644062006238,-108.268240931964,118.393118830258
-101.512462870876,-108.39370724405,118.390702467596
-101.380710223654,-108.519012343086,118.388286104935
-101.248804263613,-108.644156042895,118.385869742274
-101.116745190031,-108.769138157536,118.383453379613
-100.984533202408,-108.893958501318,118.381037016951
-100.852168500456,-109.018616888807,118.37862065429
-100.719651284109,-109.143113134818,118.376204291629
-100.586981753561,-109.267447054381,118.373787928967
-100.454160109166,-109.391618462832,118.371371566306
-100.321186551549,-109.515627175709,118.368955203645
-100.188061281534,-109.639473008825,118.366538840984
-100.054784500176,-109.763155778229,118.364122478322
-99.9213564087521,-109.886675300222,118.361706115661
-99.7877772087474,-110.010031391365,118.359289753
-99.6540471018799,-110.133223868458,118.356873390339
-99.5201662900754,-110.256252548564,118.354457027677
-99.3861349755031,-110.379117248976,118.352040665016
-99.2519533605162,-110.501817787268,118.349624302355
-99.1176216477222,-110.624353981236,118.347207939694
-98.9831400399122,-110.746725648959,118.344791577032
-98.8485087401427,-110.868932608725,118.342375214371
-98.7137279516294,-110.990974679127,118.33995885171
-98.5787978778649,-111.112851678959,118.337542489048
-98.4437187225119,-111.23456342731,118.335126126387
-98.3084906894857,-111.35610974349,118.332709763726
-98.1731139828831,-111.477490447094,118.330293401065
-98.037588807053,-111.598705357939,118.327877038403
-97.9019153665245,-111.719754296127,118.325460675742
-97.7660938660908,-111.840637081974,118.323044313081
-97.6301245107125,-111.96135353609,118.32062795042
-97.4940075055896,-112.08190347932,118.318211587758
-97.357743056125,-112.202286732774,118.315795225097
-97.2213313679602,-112.322503117797,118.313378862436
-97.084772646927,-112.44255245601,118.310962499775
-96.9480670990712,-112.562434569288,118.308546137113
-96.8112149306642,-112.682149279754,118.306129774452
-96.674216348203,-112.801696409776,118.303713411791
-96.5370715583492,-112.92107578202,118.301297049129
-96.3997807680375,-113.040287219356,118.298880686468
-96.2623441843667,-113.159330544952,118.296464323807
-96.124762014684,-113.278205582205,118.294047961146
-95.9870344665239,-113.396912154787,118.291631598484
-95.8491617476326,-113.51545008663,118.289215235823
-95.7111440659794,-113.633819201912,118.286798873162
-95.5729816297564,-113.75201932506,118.284382510501
-95.4346746473299,-113.870050280789,118.281966147839
-95.2962233273005,-113.987911894053,118.279549785178
-95.1576278784788,-114.105603990066,118.277133422517
-95.0188885098725,-114.22312639431,118.274717059856
-94.880005430723,-114.340478932506,118.272300697194
-94.7409788504437,-114.457661430667,118.269884334533
-94.6018089786812,-114.574673715042,118.267467971872
-94.4624960253024,-114.691515612135,118.26505160921
-94.3230402003453,-114.808186948736,118.262635246549
-94.1834417140801,-114.924687551879,118.260218883888
-94.0437007769839,-115.041017248858,118.257802521227
-93.9038175997287,-115.157175867236,118.255386158565
-93.7637923932176,-115.273163234821,118.252969795904
-93.6236253685353,-115.3889791797,118.250553433243
-93.4833167369723,-115.504623530222,118.248137070582
-93.3428667100371,-115.620096114991,118.24572070792
-93.2022754994311,-115.735396762881,118.243304345259
-93.0615433170853,-115.850525303007,118.240887982598
-92.9206703751107,-115.965481564771,118.238471619937
-92.7796568858224,-116.080265377835,118.236055257275
-92.6385030617643,-116.194876572106,118.233638894614
-92.4972091156591,-116.309314977774,118.231222531953
-92.3557752604328,-116.423580425293,118.228806169291
-92.2142017092267,-116.537672745369,118.22638980663
-92.0724886753849,-116.651591768977,118.223973443969
-91.9306363724535,-116.765337327353,118.221557081308
-91.7886450141561,-116.878909252018,118.219140718646
-91.6465148144548,-116.992307374729,118.216724355985
-91.5042459875009,-117.105531527518,118.214307993324
-91.3618387476216,-117.218581542702,118.211891630663
-91.2192933093823,-117.331457252836,118.209475268001
-91.0766098875234,-117.444158490758,118.20705890534
-90.9337886970108,-117.556685089554,118.204642542679
-90.7908299529596,-117.669036882615,118.202226180018
-90.6477338707469,-117.781213703551,118.199809817356
-90.5045006658986,-117.893215386278,118.197393454695
-90.3611305541899,-118.005041764937,118.194977092034
-90.2176237515308,-118.11669267399,118.192560729372
-90.0739804740674,-118.228167948133,118.190144366711
-89.930200938156,-118.339467422324,118.18772800405
-89.7862853603251,-118.450590931806,118.185311641389
-89.6422339573126,-118.561538312081,118.182895278727
-89.4980469460406,-118.67230939893,118.180478916066
-89.35372454364,-118.782904028393,118.178062553405
-89.2092669674251,-118.893322036788,118.175646190744
-89.0646744349185,-119.003563260693,118.173229828082
-88.9199471638509,-119.113627536947,118.170813465421
-88.7750853721096,-119.223514702686,118.16839710276
-88.6300892777896,-119.333224595306,118.165980740099
-88.484959099218,-119.442757052447,118.163564377437
-88.3396950548526,-119.552111912065,118.161148014776
-88.1942973634081,-119.661289012339,118.158731652115
-88.0487662437546,-119.770288191749,118.156315289453
-87.9031019149551,-119.879109289045,118.153898926792
-87.7573045962648,-119.987752143247,118.151482564131
-87.6113745071574,-120.096216593632,118.14906620147
-87.4653118672852,-120.204502479752,118.146649838808
-87.3191168964668,-120.312609641456,118.144233476147
-87.1727898147504,-120.420537918833,118.141817113486
-87.0263308423365,-120.528287152274,118.139400750825
-86.8797401996679,-120.635857182406,118.136984388163
-86.7330181073259,-120.743247850164,118.134568025502
-86.5861647861075,-120.85045899674,118.132151662841
-86.4391804569866,-120.957490463607,118.12973530018
-86.2920653411518,-121.064342092494,118.127318937518
-86.144819659955,-121.171013725422,118.124902574857
-85.9974436349365,-121.277505204686,118.122486212196
-85.8499374878508,-121.383816372837,118.120069849534
-85.7023014406012,-121.489947072727,118.117653486873
-85.5545357153178,-121.595897147457,118.115237124212
-85.4066405342913,-121.70166644042,118.112820761551
-85.258616120013,-121.807254795276,118.110404398889
-85.110462695147,-121.912662055967,118.107988036228
-84.9621804825699,-122.017888066696,118.105571673567
-84.8137697053052,-122.122932671967,118.103155310906
-84.6652305865875,-122.227795716541,118.100738948244
-84.5165633498498,-122.332477045448,118.098322585583
-84.3677682186709,-122.436976504021,118.095906222922
-84.2188454168398,-122.541293937852,118.093489860261
-84.0697951683297,-122.645429192808,118.091073497599
-83.9206176972978,-122.749382115036,118.088657134938
-83.7713132280713,-122.853152550967,118.086240772277
-83.6218819851605,-122.956740347311,118.083824409615
-83.4723241932847,-123.060145351036,118.081408046954
-83.3226400773326,-123.163367409398,118.078991684293
-83.1728298623484,-123.266406369951,118.076575321632
-83.0228937735843,-123.369262080507,118.07415895897
-82.8728320364739,-123.471934389156,118.071742596309
-82.7226448766449,-123.574423144261,118.069326233648
-82.5723325198531,-123.676728194496,118.066909870987
-82.421895192087,-123.778849388783,118.064493508325
-82.2713331195022,-123.880786576327,118.062077145664
-82.1206465284204,-123.982539606627,118.059660783003
-81.9698356453558,-124.084108329449,118.057244420342
-81.8189006970019,-124.185492594841,118.05482805768
-81.6678419102036,-124.286692253148,118.052411695019
-81.5166595120376,-124.387707154961,118.049995332358
-81.3653537297051,-124.488537151188,118.047578969696
-81.2139247906113,-124.589182092997,118.045162607035
-81.0623729223388,-124.68964183184,118.042746244374
-80.9106983526335,-124.789916219459,118.040329881713
-80.7589013094313,-124.890005107867,118.037913519051
-80.6069820208438,-124.98990834936,118.03549715639
-80.4549407151454,-125.089625796525,118.033080793729
-80.3027776207991,-125.189157302222,118.030664431068
-80.1504929664431,-125.288502719593,118.028248068406
-79.9980869808767,-125.387661902072,118.025831705745
-79.8455598930736,-125.486634703375,118.023415343084
-79.692911932222,-125.585420977475,118.020998980423
-79.5401433276163,-125.684020578674,118.018582617761
-79.387254308778,-125.782433361518,118.0161662551
-79.2342451053884,-125.88065918085,118.013749892439
-79.081115947274,-125.978697891811,118.011333529777
-78.927867064488,-126.076549349793,118.008917167116
-78.7744986872009,-126.174213410506,118.006500804455
-78.6210110457689,-126.271689929935,118.004084441794
-78.4674043707594,-126.368978764327,118.001668079132
-78.3136788928432,-126.466079770253,117.999251716471
-78.1598348429294,-126.562992804528,117.99683535381
-78.0058724520428,-126.659717724287,117.994418991149
-77.8517919514189,-126.756254386922,117.992002628487
-77.6975935724217,-126.85260265014,117.989586265826
-77.5432775466249,-126.948762371906,117.987169903165
-77.3888441057442,-127.044733410488,117.984753540504
-77.2342934816768,-127.140515624432,117.982337177842
-77.0796259064744,-127.23610887258,117.979920815181
-76.9248416123837,-127.331513014041,117.97750445252
-76.7699408317777,-127.426727908239,117.975088089858
-76.6149237972237,-127.521753414867,117.972671727197
-76.4597907414691,-127.616589393896,117.970255364536
-76.3045418973866,-127.71123570561,117.967839001875
-76.1491774980422,-127.805692210565,117.965422639213
-75.9936977766808,-127.899958769596,117.963006276552
-75.8381029666719,-127.994035243848,117.960589913891
-75.6823933015765,-128.087921494743,117.95817355123
-75.5265690151207,-128.181617383986,117.955757188568
-75.3706303411943,-128.275122773573,117.953340825907
-75.2145775138371,-128.368437525798,117.950924463246
-75.0584107672525,-128.461561503242,117.948508100585
-74.902130335834,-128.55449456876,117.946091737923
-74.7457364541245,-128.647236585503,117.943675375262
-74.5892293568013,-128.739787416929,117.941259012601
-74.4326092787312,-128.832146926769,117.938842649939
-74.2758764549427,-128.924314979045,117.936426287278
-74.1190311206391,-129.016291438059,117.934009924617
-73.9620735111298,-129.108076168436,117.931593561956
-73.8050038619532,-129.199669035053,117.929177199294
-73.6478224087528,-129.291069903107,117.926760836633
-73.4905293873596,-129.382278638072,117.924344473972
-73.3331250337639,-129.473295105712,117.921928111311
-73.1756095841151,-129.564119172082,117.919511748649
-73.0179832747072,-129.654750703537,117.917095385988
-72.8602463420069,-129.745189566716,117.914679023327
-72.7023990226385,-129.835435628547,117.912262660666
-72.5444415533562,-129.925488756269,117.909846298004
-72.3863741711269,-130.01534881738,117.907429935343
-72.2281971130191,-130.105015679703,117.905013572682
-72.0699106162715,-130.194489211343,117.90259721002
-71.9115149183206,-130.283769280676,117.900180847359
-71.7530102567033,-130.372855756402,117.897764484698
-71.5943968691397,-130.461748507499,117.895348122037
-71.4356749935047,-130.550447403237,117.892931759375
-71.2768448678144,-130.638952313188,117.890515396714
-71.1179067302529,-130.727263107208,117.888099034053
-70.9588608191583,-130.815379655449,117.885682671392
-70.7997073729945,-130.903301828372,117.88326630873
-70.6404466304346,-130.9910294967,117.880849946069
-70.4810788302623,-131.078562531474,117.878433583408
-70.3216042114003,-131.165900804037,117.876017220747
-70.1620230129651,-131.253044186004,117.873600858085
-70.0023354742111,-131.339992549293,117.871184495424
-69.8425418345303,-131.426745766123,117.868768132763
-69.6826423334795,-131.513303709001,117.866351770101
-69.5226372107524,-131.599666250739,117.86393540744
-69.3625267062209,-131.685833264425,117.861519044779
-69.202311059865,-131.771804623471,117.859102682118
-69.041990511842,-131.857580201564,117.856686319456
-68.881565302473,-131.943159872684,117.854269956795
-68.7210356721855,-132.028543511127,117.851853594134
-68.5604018615835,-132.113730991471,117.849437231473
-68.3996641114336,-132.198722188585,117.847020868811
-68.2388226626076,-132.283516977655,117.84460450615
-68.077877756153,-132.368115234148,117.842188143489
-67.9168296332644,-132.452516833831,117.839771780828
-67.755678535283,-132.536721652766,117.837355418166
-67.5944247036822,-132.620729567321,117.834939055505
-67.4330683800954,-132.704540454153,117.832522692844
-67.2716098062876,-132.788154190226,117.830106330182
-67.1100492241971,-132.871570652785,117.827689967521
-66.9483868758646,-132.954789719396,117.82527360486
-66.786623003518,-133.037811267902,117.822857242199
-66.6247578495006,-133.120635176458,117.820440879537
-66.4627916563137,-133.203261323511,117.818024516876
-66.3007246665737,-133.28568958782,117.815608154215
-66.1385571231109,-133.367919848408,117.813191791554
-65.9762892687988,-133.449951984648,117.810775428892
-65.8139213467384,-133.531785876167,117.808359066231
-65.6514536001443,-133.613421402907,117.80594270357
-65.4888862723294,-133.694858445132,117.803526340909
-65.3262196068196,-133.776096883369,117.801109978247
-65.1634538472383,-133.857136598465,117.798693615586
-65.000589237364,-133.937977471562,117.796277252925
-64.8376260211006,-134.018619384109,117.793860890263
-64.6745644424916,-134.099062217854,117.791444527602
-64.5114047457632,-134.179305854825,117.789028164941
-64.3481471752083,-134.259350177388,117.78661180228
-64.1847919753161,-134.339195068177,117.784195439618
-64.0213393906994,-134.41884041014,117.781779076957
-63.8577896660946,-134.498286086528,117.779362714296
-63.6941430463753,-134.577531980896,117.776946351635
-63.5303997765956,-134.656577977079,117.774529988973
-63.366560101874,-134.735423959249,117.772113626312
-63.2026242675232,-134.81406981185,117.769697263651
-63.0385925189628,-134.892515419645,117.76728090099
-62.8744651017624,-134.970760667689,117.764864538328
-62.7102422616413,-135.048805441335,117.762448175667
-62.545924244396,-135.126649626264,117.760031813006
-62.3815112960149,-135.204293108433,117.757615450344
-62.2170036626062,-135.281735774108,117.755199087683
-62.0524015904117,-135.35897750986,117.752782725022
-61.8877053257778,-135.436018202574,117.750366362361
-61.7229151152271,-135.51285773942,117.747949999699
-61.5580312053858,-135.589496007882,117.745533637038
-61.3930538430268,-135.665932895743,117.743117274377
-61.2279832750403,-135.742168291097,117.740700911716
-61.0628197484771,-135.818202082327,117.738284549054
-60.8975635104899,-135.894034158133,117.735868186393
-60.7322148083621,-135.96966440752,117.733451823732
-60.566773889522,-136.045092719791,117.731035461071
-60.4012410015278,-136.120318984552,117.728619098409
-60.2356163920529,-136.195343091722,117.726202735748
-60.0699003089287,-136.270164931509,117.723786373087
-59.904093000072,-136.344784394448,117.721370010425
-59.7381947135716,-136.419201371359,117.718953647764
-59.5722056976153,-136.493415753379,117.716537285103
-59.4061262005185,-136.567427431951,117.714120922442
-59.2399564707531,-136.64123629881,117.71170455978
-59.0736967568889,-136.714842246011,117.709288197119
-58.9073473076367,-136.788245165906,117.706871834458
-58.7409083718042,-136.861444951167,117.704455471797
-58.5743801983836,-136.934441494747,117.702039109135
-58.4077630364484,-137.007234689924,117.699622746474
-58.2410571351975,-137.079824430282,117.697206383813
-58.074262743954,-137.15221060971,117.694790021152
-57.9073801121949,-137.224393122394,117.69237365849
-57.7404094895065,-137.29637186283,117.689957295829
-57.5733511255691,-137.368146725836,117.687540933168
-57.4062052702304,-137.439717606518,117.685124570506
-57.2389721734312,-137.511084400298,117.682708207845
-57.0716520852498,-137.582247002905,117.680291845184
-56.9042452558861,-137.65320531037,117.677875482523
-56.7367519356327,-137.723959219047,117.675459119861
-56.5691723749618,-137.794508625573,117.6730427572
-56.4015068243932,-137.864853426922,117.670626394539
-56.2337555346409,-137.934993520347,117.668210031878
-56.0659187564946,-138.004928803427,117.665793669216
-55.8979967408638,-138.074659174047,117.663377306555
-55.7299897387922,-138.144184530399,117.660960943894
-55.5618980014425,-138.213504770979,117.658544581233
-55.3937217800812,-138.282619794601,117.656128218571
-55.2254613261224,-138.351529500373,117.65371185591
-55.0571168910541,-138.420233787733,117.651295493249
-54.8886887265108,-138.488732556413,117.648879130587
-54.7201770842594,-138.55702570645,117.646462767926
-54.5515822161239,-138.625113138215,117.644046405265
-54.3829043741338,-138.692994752351,117.641630042604
-54.2141438103453,-138.760670449847,117.639213679942
-54.0453007769898,-138.828140131977,117.636797317281
-53.8763755263839,-138.89540370034,117.63438095462
-53.7073683109741,-138.962461056835,117.631964591959
-53.5382793833062,-139.029312103679,117.629548229297
-53.3691089960699,-139.095956743389,117.627131866636
-53.1998574020389,-139.1623948788,117.624715503975
-53.0305248541,-139.228626413062,117.622299141314
-52.8611116052678,-139.294651249627,117.619882778652
-52.6916179086695,-139.360469292259,117.617466415991
-52.5220440175442,-139.426080445032,117.61505005333
-52.3523901852281,-139.491484612339,117.612633690668
-52.1826566651835,-139.556681698875,117.610217328007
-52.0128437109688,-139.621671609654,117.607800965346
-51.8429515762678,-139.686454249997,117.605384602685
-51.6729805148747,-139.751029525534,117.602968240023
-51.5029307806784,-139.815397342213,117.600551877362
-51.3328026277073,-139.879557606284,117.598135514701
-51.1625963100537,-139.943510224324,117.59571915204
-50.9923120819638,-140.007255103207,117.593302789378
-50.8219501977469,-140.070792150134,117.590886426717
-50.6515109118804,-140.134121272596,117.588470064056
-50.4809944788738,-140.197242378427,117.586053701394
-50.3104011534193,-140.260155375743,117.583637338733
-50.1397311902704,-140.32286017299,117.581220976072
-49.968984844272,-140.385356678933,117.578804613411
-49.7981623704353,-140.447644802627,117.576388250749
-49.6272640238167,-140.509724453462,117.573971888088
-49.456290059623,-140.571595541125,117.571555525427
-49.2852407331208,-140.633257975633,117.569139162766
-49.1141162997412,-140.694711667295,117.566722800104
-48.9429170149442,-140.755956526758,117.564306437443
-48.7716431343535,-140.816992464964,117.561890074782
-48.6002949136812,-140.877819393173,117.559473712121
-48.4288726087422,-140.938437222958,117.557057349459
-48.2573764754237,-140.998845866218,117.554640986798
-48.0858067697454,-141.059045235155,117.552224624137
-47.9141637478435,-141.119035242279,117.549808261475
-47.7424476659256,-141.178815800427,117.547391898814
-47.5706587803003,-141.238386822747,117.544975536153
-47.3987973473916,-141.297748222699,117.542559173492
-47.2268636237239,-141.356899914057,117.54014281083
-47.0548578659213,-141.41584181091,117.537726448169
-46.8827803306923,-141.474573827667,117.535310085508
-46.7106312748444,-141.53309587905,117.532893722847
-46.5384109553138,-141.591407880089,117.530477360185
-46.3661196291049,-141.649509746137,117.528060997524
-46.1937575533351,-141.707401392859,117.525644634863
-46.0213249852041,-141.765082736239,117.523228272202
-45.8488221820387,-141.822553692567,117.52081190954
-45.6762494012174,-141.879814178464,117.518395546879
-45.5036069002602,-141.936864110851,117.515979184218
-45.3308949367377,-141.993703406981,117.513562821556
-45.1581137683612,-142.050331984406,117.511146458895
-44.9852636529224,-142.106749761002,117.508730096234
-44.8123448482924,-142.162956654963,117.506313733573
-44.6393576124365,-142.218952584802,117.503897370911
-44.4663022034446,-142.274737469336,117.50148100825
-44.2931788794697,-142.33031122771,117.499064645589
-44.1199878987581,-142.385673779385,117.496648282928
-43.9467295196791,-142.440825044129,117.494231920266
-43.7734040006642,-142.495764942037,117.491815557605
-43.6000116002368,-142.55049339352,117.489399194944
-43.4265525770274,-142.605010319303,117.486982832283
-43.2530271897727,-142.65931564042,117.484566469621
-43.0794356972547,-142.713409278239,117.48215010696
-42.9057783583915,-142.767291154431,117.479733744299
-42.7320554321458,-142.820961190998,117.477317381637
-42.5582671776155,-142.874419310246,117.474901018976
-42.3844138539573,-142.927665434806,117.472484656315
-42.2104957204475,-142.980699487621,117.470068293654
-42.0365130363898,-143.033521391966,117.467651930992
-41.8624660612522,-143.086131071415,117.465235568331
-41.6883550545449,-143.13852844987,117.46281920567
-41.5141802758654,-143.190713451554,117.460402843009
-41.3399419849285,-143.242686000998,117.457986480347
-41.16564044149,-143.294446023064,117.455570117686
-40.9912759054375,-143.345993442921,117.453153755025
-40.8168486367141,-143.397328186063,117.450737392364
-40.6423588953786,-143.448450178296,117.448321029702
-40.4678069415137,-143.499359345761,117.445904667041
-40.2931930353634,-143.550055614895,117.44348830438
-40.1185174371945,-143.600538912473,117.441071941718
-39.9437804074037,-143.650809165575,117.438655579057
-39.7689822064403,-143.700866301609,117.436239216396
-39.5941230948522,-143.750710248298,117.433822853735
-39.4192033332546,-143.800340933687,117.431406491073
-39.2442231823755,-143.849758286135,117.428990128412
-39.069182902979,-143.898962234331,117.426573765751
-38.8940827559564,-143.947952707269,117.42415740309
-38.7189230022342,-143.996729634279,117.421741040428
-38.5437039028812,-144.045292944991,117.419324677767
-38.3684257189847,-144.093642569373,117.416908315106
-38.1930887117429,-144.141778437705,117.414491952445
-38.0176931424336,-144.189700480584,117.412075589783
-37.842239272398,-144.237408628935,117.409659227122
-37.6667273630718,-144.284902813997,117.407242864461
-37.4911576759687,-144.332182967328,117.404826501799
-37.3155304726654,-144.379249020813,117.402410139138
-37.1398460148465,-144.426100906647,117.399993776477
-36.9641045642278,-144.47273855736,117.397577413816
-36.788306382648,-144.519161905788,117.395161051154
-36.6124517319761,-144.5653708851,117.392744688493
-36.4365408742031,-144.611365428776,117.390328325832
-36.2605740713805,-144.657145470618,117.387911963171
-36.0845515856036,-144.702710944758,117.385495600509
-35.908473679105,-144.748061785634,117.383079237848
-35.7323406141138,-144.793197928022,117.380662875187
-35.5561526530107,-144.838119307003,117.378246512526
-35.3799100581883,-144.882825857992,117.375830149864
-35.2036130921585,-144.927317516716,117.373413787203
-35.0272620174599,-144.971594219232,117.370997424542
-34.8508570967498,-145.01565590191,117.36858106188
-34.6743985927422,-145.059502501443,117.366164699219
-34.4978867681918,-145.103133954854,117.363748336558
-34.3213218859863,-145.146550199473,117.361331973897
-34.144704209007,-145.18975117297,117.358915611235
-33.9680340002676,-145.232736813323,117.356499248574
-33.7913115228365,-145.275507058833,117.354082885913
-33.6145370398514,-145.318061848125,117.351666523252
-33.4377108144888,-145.360401120153,117.34925016059
-33.2608331100403,-145.402524814183,117.346833797929
-33.0839041898349,-145.444432869808,117.344417435268
-32.9069243172856,-145.486125226943,117.342001072607
-32.7298937558726,-145.527601825823,117.339584709945
-32.5528127691128,-145.568862607012,117.337168347284
-32.3756816206519,-145.609907511384,117.334751984623
-32.1985005741556,-145.650736480146,117.332335621961
-32.0212698933402,-145.69134945483,117.3299192593
-31.8439898420499,-145.731746377278,117.327502896639
-31.666660684132,-145.771927189668,117.325086533978
-31.4892826835298,-145.811891834494,117.322670171316
-31.3118561042669,-145.851640254569,117.320253808655
-31.1343812103843,-145.89117239304,117.317837445994
-30.9568582660021,-145.930488193372,117.315421083333
-30.7792875353664,-145.969587599343,117.313004720671
-30.6016692826769,-146.008470555075,117.31058835801
-30.4240037722895,-146.047137004993,117.308171995349
-30.24629126856,-146.085586893859,117.305755632688
-30.0685320359683,-146.123820166747,117.303339270026
-29.8907263389776,-146.161836769069,117.300922907365
-29.7128744421746,-146.199636646547,117.298506544704
-29.534976610191,-146.237219745231,117.296090182042
-29.3570331077029,-146.274586011498,117.293673819381
-29.1790441994621,-146.311735392044,117.29125745672
-29.0010101502638,-146.348667833894,117.288841094059
-28.8229312249939,-146.385383284389,117.286424731397
-28.6448076885496,-146.421881691204,117.284008368736
-28.4666398059335,-146.458163002327,117.281592006075
-28.2884278421746,-146.494227166079,117.279175643414
-28.1101720623907,-146.530074131097,117.276759280752
-27.9318727316939,-146.565703846355,117.274342918091
-27.7535301153313,-146.601116261135,117.27192655543
-27.5751444785435,-146.636311325057,117.269510192769
-27.3967160866898,-146.671288988051,117.267093830107
-27.2182452051062,-146.706049200389,117.264677467446
-27.0397320992467,-146.740591912654,117.262261104785
-26.8611770346044,-146.774917075756,117.259844742123
-26.6825802766949,-146.809024640936,117.257428379462
-26.5039420911507,-146.842914559748,117.255012016801
-26.3252627435948,-146.876586784083,117.25259565414
-26.1465424997347,-146.91004126615,117.250179291478
-25.9677816253463,-146.943277958478,117.247762928817
-25.788980386195,-146.976296813937,117.245346566156
-25.6101390481763,-147.009097785703,117.242930203495
-25.4312578771904,-147.041680827288,117.240513840833
-25.2523371391884,-147.074045892528,117.238097478172
-25.0733771001876,-147.106192935581,117.235681115511
-24.8943780262559,-147.138121910931,117.23326475285
-24.7153401835108,-147.169832773387,117.230848390188
-24.5362638381038,-147.201325478084,117.228432027527
-24.3571492562353,-147.232599980486,117.226015664866
-24.1779967042016,-147.26365623637,117.223599302204
-23.9988064482686,-147.294494201854,117.221182939543
-23.819578754813,-147.325113833371,117.218766576882
-23.6403138902276,-147.355515087684,117.216350214221
-23.4610121209838,-147.385697921875,117.213933851559
-23.281673713568,-147.415662293359,117.211517488898
-23.1022989345132,-147.445408159876,117.209101126237
-22.9228880504137,-147.474935479488,117.206684763576
-22.7434413279094,-147.504244210583,117.204268400914
-22.5639590336855,-147.533334311875,117.201852038253
-22.3844414344402,-147.562205742409,117.199435675592
-22.2048887969791,-147.590858461545,117.197019312931
-22.0253013880885,-147.619292428979,117.194602950269
-21.8456794746299,-147.647507604729,117.192186587608
-21.666023323508,-147.675503949138,117.189770224947
-21.4863332016699,-147.703281422874,117.187353862285
-21.3066093760737,-147.730839986938,117.184937499624
-21.1268521137824,-147.758179602646,117.182521136963
-20.9470616818375,-147.78530023165,117.180104774302
-20.7672383473531,-147.812201835922,117.17768841164
-20.5873823774841,-147.838884377763,117.175272048979
-20.4074940394255,-147.865347819799,117.172855686318
-20.2275736003809,-147.891592124984,117.170439323657
-20.0476213276564,-147.917617256594,117.168022960995
-19.8676374885342,-147.943423178238,117.165606598334
-19.6876223503666,-147.969009853845,117.163190235673
-19.5075761805445,-147.994377247674,117.160773873012
-19.3274992464965,-148.019525324308,117.15835751035
-19.147391815673,-148.04445404866,117.155941147689
-18.9672541555616,-148.069163385968,117.153524785028
-18.787086533718,-148.093653301793,117.151108422366
-18.6068892177188,-148.117923762025,117.148692059705
-18.4266624751445,-148.141974732884,117.146275697044
-18.246406573643,-148.165806180915,117.143859334383
-18.0661217809132,-148.189418072983,117.141442971721
-17.8858083646569,-148.212810376289,117.13902660906
-17.7054665926103,-148.235983058356,117.136610246399
-17.5250967325754,-148.258936087034,117.134193883738
-17.3446990523398,-148.281669430501,117.131777521076
-17.1642738197723,-148.304183057261,117.129361158415
-16.9838213027263,-148.326476936147,117.126944795754
-16.8033417691674,-148.348551036311,117.124528433093
-16.6228354869816,-148.370405327245,117.122112070431
-16.4423027241662,-148.392039778758,117.11969570777
-16.2617437487493,-148.413454360986,117.117279345109
-16.0811588287423,-148.434649044398,117.114862982447
-15.9005482322188,-148.455623799787,117.112446619786
-15.719912227282,-148.476378598271,117.110030257125
-15.5392510820651,-148.496913411297,117.107613894464
-15.3585650647141,-148.51722821064,117.105197531802
-15.1778544434199,-148.537322968401,117.102781169141
-14.9971194863859,-148.557197657009,117.10036480648
-14.816360461875,-148.576852249217,117.097948443819
-14.6355776381461,-148.59628671811,117.095532081157
-14.4547712834851,-148.615501037098,117.093115718496
-14.2739416662207,-148.634495179918,117.090699355835
-14.0930890547078,-148.653269120634,117.088282993174
-13.9122137173272,-148.671822833636,117.085866630512
-13.7313159224695,-148.690156293646,117.083450267851
-13.5503959385664,-148.708269475709,117.08103390519
-13.3694540340742,-148.726162355198,117.078617542528
-13.1884904774576,-148.743834907816,117.076201179867
-13.0075055372215,-148.76128710959,117.073784817206
-12.826499481878,-148.778518936877,117.071368454545
-12.6454725799945,-148.79553036636,117.068952091883
-12.4644251001134,-148.81232137505,117.066535729222
-12.2833573108628,-148.828891940283,117.064119366561
-12.1022694808136,-148.845242039729,117.0617030039
-11.9211618786376,-148.861371651378,117.059286641238
-11.7400347729642,-148.877280753552,117.056870278577
-11.5588884324911,-148.892969324899,117.054453915916
-11.3777231258889,-148.908437344396,117.052037553255
-11.1965391218957,-148.923684791346,117.049621190593
-11.0153366892533,-148.938711645378,117.047204827932
-10.8341160966909,-148.953517886453,117.044788465271
-10.6528776130042,-148.968103494857,117.042372102609
-10.4716215069913,-148.982468451202,117.039955739948
-10.2903480474363,-148.996612736433,117.037539377287
-10.1090575031889,-149.010536331815,117.035123014626
-9.92775014309988,-149.024239218947,117.032706651964
-9.74642623600493,-149.037721379755,117.030290289303
-9.5650860508039,-149.050982796488,117.027873926642
-9.38372985639674,-149.064023451726,117.025457563981
-9.202357921667,-149.07684332838,117.023041201319
-9.02097051557727,-149.089442409681,117.020624838658
-8.83956790702509,-149.101820679195,117.018208475997
-8.65815036500214,-149.11397812081,117.015792113336
-8.47671815845028,-149.125914718747,117.013375750674
-8.29527155637279,-149.13763045755,117.010959388013
-8.11381082775422,-149.149125322094,117.008543025352
-7.93233624160785,-149.160399297579,117.00612666269
-7.75084806694334,-149.171452369537,117.003710300029
-7.56934657279837,-149.182284523823,117.001293937368
-7.38783202822207,-149.192895746623,116.998877574707
-7.20630470225884,-149.203286024449,116.996461212045
-7.02476486399583,-149.21345534414,116.994044849384
-6.84321278248266,-149.223403692867,116.991628486723
-6.6616487268267,-149.233131058123,116.989212124062
-6.48007296609719,-149.242637427735,116.9867957614
-6.29848576943629,-149.251922789851,116.984379398739
-6.11688740593106,-149.260987132952,116.981963036078
-5.93527814470896,-149.269830445845,116.979546673417
-5.75365825490537,-149.278452717665,116.977130310755
-5.57202800566326,-149.286853937873,116.974713948094
-5.39038766611687,-149.295034096261,116.972297585433
-5.2087375054071,-149.302993182947,116.969881222771
-5.02707779271334,-149.310731188377,116.96746486011
-4.84540879720479,-149.318248103322,116.965048497449
-4.66373078802451,-149.325543918887,116.962632134788
-4.48204403435258,-149.3326186265,116.960215772126
-4.30034880538978,-149.339472217917,116.957799409465
-4.11864537030947,-149.346104685223,116.955383046804
-3.93693399828891,-149.352516020832,116.952966684143
-3.75521495854089,-149.358706217481,116.950550321481
-3.57348852023356,-149.364675268242,116.94813395882
-3.39175495258568,-149.370423166507,116.945717596159
-3.2100145248025,-149.375949906001,116.943301233498
-3.02826750605931,-149.381255480776,116.940884870836
-2.84651416558086,-149.386339885209,116.938468508175
-2.66475477256125,-149.391203114008,116.936052145514
-2.48298959621122,-149.395845162206,116.933635782852
-2.30121890572608,-149.400266025166,116.931219420191
-2.11944297033301,-149.404465698577,116.92880305753
-1.93766205922681,-149.408444178456,116.926386694869
-1.75587644161757,-149.412201461148,116.923970332207
-1.57408638669807,-149.415737543326,116.921553969546
-1.39229216367562,-149.41905242199,116.919137606885
-1.21049404175543,-149.422146094468,116.916721244224
-1.02869229010839,-149.425018558415,116.914304881562
-0.846887177966539,-149.427669811814,116.911888518901
-0.665078974510775,-149.430099852975,116.90947215624
-0.483267948918434,-149.432308680537,116.907055793579
-0.301454370378763,-149.434296293466,116.904639430917
-0.119638508076758,-149.436062691054,116.902223068256
0.0621793688074984,-149.437607872923,116.899806705595
0.243998991130925,-149.438931839021,116.897390342933
0.425820089708235,-149.440034589623,116.894973980272
0.607642395391975,-149.440916125332,116.892557617611
0.789465639009076,-149.44157644708,116.89014125495
0.971289551425329,-149.442015556124,116.887724892288
1.15311386351356,-149.44223345405,116.885308529627
1.33493830613825,-149.442230142771,116.882892166966
1.51676261018789,-149.442005624527,116.880475804305
1.69858650651123,-149.441559901886,116.878059441643
1.88040972604584,-149.440892977742,116.875643078982
2.06223199965848,-149.440004855319,116.873226716321
2.24405305828937,-149.438895538165,116.87081035366
2.42587263285679,-149.437565030158,116.868393990998
2.60769045430533,-149.436013335502,116.865977628337
2.78950625354232,-149.434240458727,116.863561265676
2.9713197615503,-149.432246404694,116.861144903014
3.15313070930723,-149.430031178587,116.858728540353
3.3349388277552,-149.427594785919,116.856312177692
3.51674384792846,-149.42493723253,116.853895815031
3.69854550079413,-149.422058524589,116.851479452369
3.88034351741237,-149.418958668587,116.849063089708
4.06213762876098,-149.415637671349,116.846646727047
4.24392756592759,-149.41209554002,116.844230364386
4.42571305995028,-149.408332282078,116.841814001724
4.60749384191368,-149.404347905323,116.839397639063
4.78926964288576,-149.400142417886,116.836981276402
4.97104019401378,-149.395715828222,116.834564913741
5.15280522636518,-149.391068145116,116.832148551079
5.33456447111948,-149.386199377675,116.829732188418
5.51631765940905,-149.381109535338,116.827315825757
5.69806452241527,-149.375798627868,116.824899463095
5.8798047913052,-149.370266665356,116.822483100434
6.06153819731159,-149.364513658217,116.820066737773
6.24326447163767,-149.358539617197,116.817650375112
6.42498334555321,-149.352344553365,116.81523401245
6.60669455028324,-149.345928478119,116.812817649789
6.78839781713613,-149.339291403183,116.810401287128
6.97009287740821,-149.332433340606,116.807984924467
7.15177946241613,-149.325354302765,116.805568561805
7.33345730351313,-149.318054302365,116.803152199144
7.51512613204164,-149.310533352434,116.800735836483
7.69678567941344,-149.302791466328,116.798319473822
7.87843567701429,-149.294828657732,116.79590311116
8.06007585628412,-149.286644940653,116.793486748499
8.24170594866957,-149.278240329426,116.791070385838
8.4233256856404,-149.269614838714,116.788654023176
8.60493479870573,-149.260768483505,116.786237660515
8.78653301939849,-149.25170127911,116.783821297854
8.96812007922804,-149.242413241174,116.781404935193
9.14969570979221,-149.23290438566,116.778988572531
9.33125964269794,-149.223174728861,116.77657220987
9.51281160952963,-149.213224287396,116.774155847209
9.69435134197739,-149.203053078209,116.771739484548
9.87587857167775,-149.192661118571,116.769323121886
10.0573930303577,-149.182048426078,116.766906759225
10.2388944497392,-149.171215018652,116.764490396564
10.4203825615559,-149.160160914542,116.762074033903
10.6018570976169,-149.148886132321,116.759657671241
10.7833177897118,-149.13739069089,116.75724130858
10.9647643696907,-149.125674609473,116.754824945919
11.1461965694166,-149.113737907622,116.752408583257
11.3276141208139,-149.101580605212,116.749992220596
11.509016755757,-149.089202722448,116.747575857935
11.6904042062463,-149.076604279855,116.745159495274
11.8717762042646,-149.063785298287,116.742743132612
12.0531324818259,-149.050745798923,116.740326769951
12.2344727709598,-149.037485803269,116.73791040729
12.4157968037751,-149.024005333151,116.735494044629
12.5971043123811,-149.010304410726,116.733077681967
12.7783950289196,-148.996383058472,116.730661319306
12.9596686855653,-148.982241299196,116.728244956645
13.1409250145582,-148.967879156026,116.725828593984
13.3221637481082,-148.95329665242,116.723412231322
13.5033846185232,-148.938493812157,116.720995868661
13.6845873580975,-148.923470659342,116.718579506
13.8657716992085,-148.908227218405,116.716163143338
14.0469373742049,-148.892763514104,116.713746780677
14.2280841155509,-148.877079571514,116.711330418016
14.409211655667,-148.861175416045,116.708914055355
14.5903197270741,-148.845051073422,116.706497692693
14.771408062298,-148.828706569701,116.704081330032
14.9524763938859,-148.812141931262,116.701664967371
15.1335244544544,-148.795357184808,116.69924860471
15.3145519766742,-148.778352357364,116.696832242048
15.4955586931908,-148.761127476285,116.694415879387
15.6765443367362,-148.743682569247,116.691999516726
15.8575086400816,-148.726017664251,116.689583154065
16.0384513360221,-148.708132789621,116.687166791403
16.2193721573927,-148.690027974008,116.684750428742
16.4002708370689,-148.671703246386,116.682334066081
16.5811471079828,-148.653158636051,116.679917703419
16.7620007031077,-148.634394172624,116.677501340758
16.9428313554111,-148.615409886055,116.675084978097
17.1236387979815,-148.596205806608,116.672668615436
17.3044227638865,-148.57678196488,116.670252252774
17.4851829862525,-148.557138391788,116.667835890113
17.6659191982486,-148.537275118573,116.665419527452
17.8466311331197,-148.517192176798,116.663003164791
18.0273185241068,-148.496889598353,116.660586802129
18.2079811045269,-148.476367415449,116.658170439468
18.3886186077261,-148.455625660621,116.655754076807
18.5692307670954,-148.434664366728,116.653337714146
18.7498173160873,-148.413483566952,116.650921351484
18.9303779881686,-148.3920832948,116.648504988823
19.1109125168997,-148.370463584098,116.646088626162
19.2914206358561,-148.348624468998,116.6436722635
19.4719020786447,-148.326565983976,116.641255900839
19.6523565789673,-148.304288163829,116.638839538178
19.8327838705258,-148.281791043678,116.636423175517
20.0131836871024,-148.259074658966,116.634006812855
20.193555762512,-148.236139045461,116.631590450194
20.3738998306184,-148.212984239252,116.629174087533
20.5542156253667,-148.189610276747,116.626757724872
20.7345028806883,-148.166017194686,116.62434136221
20.9147613306283,-148.142205030122,116.621924999549
21.0949907092505,-148.118173820435,116.619508636888
21.2751907506701,-148.093923603327,116.617092274227
21.4553611890533,-148.069454416824,116.614675911565
21.6355017586183,-148.044766299273,116.612259548904
21.8156121936669,-148.019859289338,116.609843186243
21.9956922285061,-147.994733426014,116.607426823581
22.1757415975277,-147.96938874861,116.60501046092
22.3557600351447,-147.943825296765,116.602594098259
22.5357472758717,-147.918043110431,116.600177735598
22.7157030542456,-147.892042229888,116.597761372936
22.8956271048421,-147.865822695738,116.595345010275
23.0755191623391,-147.839384548899,116.592928647614
23.2553789614223,-147.812727830618,116.590512284953
23.4352062368648,-147.785852582458,116.588095922291
23.6150007234801,-147.758758846305,116.58567955963
23.7947621561535,-147.731446664365,116.583263196969
23.974490269796,-147.703916079171,116.580846834308
24.1541847994071,-147.67616713357,116.578430471646
24.3338454800441,-147.648199870732,116.576014108985
24.5134720468064,-147.620014334151,116.573597746324
24.6930642348519,-147.591610567638,116.571181383662
24.8726217793971,-147.56298861533,116.568765021001
25.0521444157178,-147.534148521682,116.56634865834
25.2316318791809,-147.505090331464,116.563932295679
25.4110839051659,-147.475814089776,116.561515933017
25.590500229144,-147.446319842033,116.559099570356
25.7698805866159,-147.416607633975,116.556683207695
25.9492247131904,-147.386677511655,116.554266845034
26.1285323444908,-147.356529521455,116.551850482372
26.3078032162335,-147.326163710069,116.549434119711
26.4870370641972,-147.295580124514,116.54701775705
26.666233624192,-147.264778812132,116.544601394389
26.8453926321223,-147.233759820578,116.542185031727
27.0245138239245,-147.202523197834,116.539768669066
27.2035969356617,-147.17106899219,116.537352306405
27.3826417033828,-147.139397252269,116.534935943743
27.561647863248,-147.107508027006,116.532519581082
27.7406151514829,-147.075401365656,116.530103218421
27.9195433043468,-147.043077317799,116.52768685576
28.0984320581962,-147.010535933326,116.525270493098
28.2772811494538,-146.97777726245,116.522854130437
28.4560903145773,-146.944801355709,116.520437767776
28.6348592901228,-146.911608263952,116.518021405115
28.8135878127136,-146.87819803835,116.515605042453
28.9922756189935,-146.844570730399,116.513188679792
29.1709224457532,-146.8107263919,116.510772317131
29.3495280298042,-146.776665074983,116.50835595447
29.5280921079961,-146.742386832099,116.505939591808
29.7066144173255,-146.707891716007,116.503523229147
29.8850946947805,-146.673179779796,116.501106866486
30.063532677482,-146.638251076862,116.498690503824
30.2419281025898,-146.603105660926,116.496274141163
30.4202807073342,-146.567743586028,116.493857778502
30.5985902290171,-146.532164906524,116.491441415841
30.7768564050272,-146.496369677085,116.489025053179
30.9550789728096,-146.460357952705,116.486608690518
31.1332576698973,-146.42412978869,116.484192327857
31.3113922338648,-146.387685240671,116.481775965196
31.4894824023907,-146.351024364592,116.479359602534
31.6675279132115,-146.314147216715,116.476943239873
31.8455285041533,-146.277053853617,116.474526877212
32.0234839130849,-146.2397443322,116.472110514551
32.2013938779967,-146.20221870967,116.469694151889
32.3792581369228,-146.164477043561,116.467277789228
32.5570764279571,-146.126519391724,116.464861426567
32.7348484893003,-146.088345812321,116.462445063905
32.9125740592293,-146.049956363832,116.460028701244
33.0902528760819,-146.011351105055,116.457612338583
33.2678846782572,-145.97253009511,116.455195975922
33.4454692042782,-145.933493393421,116.45277961326
33.6230061927147,-145.894241059737,116.450363250599
33.8004953822142,-145.854773154122,116.447946887938
33.9779365115026,-145.815089736957,116.445530525277
34.1553293194003,-145.775190868936,116.443114162615
34.3326735447759,-145.735076611073,116.440697799954
34.5099689266238,-145.694747024691,116.438281437293
34.6872152039876,-145.654202171434,116.435865074632
34.8644121159754,-145.613442113265,116.43344871197
35.0415594018072,-145.572466912455,116.431032349309
35.2186568007843,-145.531276631592,116.428615986648
35.3957040522734,-145.489871333581,116.426199623986
35.5727008957235,-145.448251081643,116.423783261325
35.7496470706656,-145.406415939314,116.421366898664
35.9265423167289,-145.364365970442,116.418950536003
36.1033863736254,-145.322101239189,116.416534173341
36.2801789811041,-145.279621810042,116.41411781068
36.4569198790598,-145.23692774779,116.411701448019
36.6336088074402,-145.194019117541,116.409285085358
36.8102455062931,-145.150895984717,116.406868722696
36.9868297157202,-145.107558415059,116.404452360035
37.1633611759395,-145.064006474616,116.402035997374
37.339839627239,-145.020240229755,116.399619634713
37.5162648099927,-144.976259747156,116.397203272051
37.6926364646921,-144.932065093805,116.39478690939
37.8689543318534,-144.887656337018,116.392370546729
38.0452181521419,-144.84303354441,116.389954184067
38.2214276662796,-144.798196783915,116.387537821406
38.3975826150762,-144.753146123781,116.385121458745
38.5736827394297,-144.70788163257,116.382705096084
38.7497277803424,-144.662403379154,116.380288733422
38.9257174788899,-144.616711432719,116.377872370761
39.1016515762529,-144.570805862763,116.3754560081
39.2775298136708,-144.524686739102,116.373039645439
39.4533519324888,-144.478354131864,116.370623282777
39.6291176741733,-144.431808111479,116.368206920116
39.8048267802509,-144.385048748697,116.365790557455
39.9804789923241,-144.338076114587,116.363374194794
40.1560740521332,-144.290890280514,116.360957832132
40.3316117014644,-144.243491318173,116.358541469471
40.507091682227,-144.195879299557,116.35612510681
40.6825137364078,-144.148054296977,116.353708744148
40.8578776060868,-144.100016383058,116.351292381487
41.0331830334529,-144.05176563073,116.348876018826
41.2084297607735,-144.003302113238,116.346459656165
41.3836175304258,-143.954625904135,116.344043293503
41.5587460848506,-143.905737077295,116.341626930842
41.733815166615,-143.856635706892,116.339210568181
41.9088245183656,-143.807321867418,116.33679420552
42.0837738828606,-143.75779563367,116.334377842858
42.2586630029235,-143.708057080763,116.331961480197
42.4334916215203,-143.658106284112,116.329545117536
42.6082594816834,-143.607943319451,116.327128754875
42.782966326527,-143.557568262825,116.324712392213
42.9576118992937,-143.506981190586,116.322296029552
43.1321959433088,-143.456182179397,116.319879666891
43.3067182020267,-143.405171306222,116.317463304229
43.4811784189392,-143.353948648354,116.315046941568
43.6555763376834,-143.302514283381,116.312630578907
43.8299117020111,-143.250868289197,116.310214216246
44.0041842557128,-143.199010744023,116.307797853584
44.1783937427251,-143.146941726375,116.305381490923
44.3525399070854,-143.094661315081,116.302965128262
44.5266224929168,-143.042169589278,116.300548765601
44.7006412444437,-142.989466628416,116.298132402939
44.8745959059922,-142.936552512251,116.295716040278
45.0484862220062,-142.883427320846,116.293299677617
45.2223119370316,-142.830091134568,116.290883314956
45.3960727956717,-142.776544034111,116.288466952294
45.5697685427093,-142.72278610045,116.286050589633
45.7433989229545,-142.668817414895,116.283634226972
45.9169636813823,-142.614638059042,116.28121786431
46.0904625630266,-142.560248114811,116.278801501649
46.2638953130563,-142.50564766442,116.276385138988
46.4372616767454,-142.450836790393,116.273968776327
46.6105613994429,-142.395815575573,116.271552413665
46.7837942266342,-142.340584103099,116.269136051004
46.9569599038957,-142.285142456423,116.266719688343
47.1300581769102,-142.229490719304,116.264303325682
47.3030887914829,-142.173628975802,116.26188696302
47.476051493511,-142.117557310289,116.259470600359
47.6489460290144,-142.06127580744,116.257054237698
47.821772144091,-142.004784552243,116.254637875037
47.9945295849925,-141.948083629982,116.252221512375
48.1672180980187,-141.891173126263,116.249805149714
48.3398374296393,-141.83405312698,116.247388787053
48.5123873264031,-141.776723718343,116.244972424391
48.684867534984,-141.719184986862,116.24255606173
48.8572778021207,-141.661437019367,116.240139699069
49.0296178747384,-141.60347990297,116.237723336408
49.2018874998125,-141.545313725108,116.235306973746
49.3740864244451,-141.486938573517,116.232890611085
49.546214395865,-141.428354536233,116.230474248424
49.7182711613981,-141.369561701603,116.228057885763
49.8902564684827,-141.310560158279,116.225641523101
50.062170064685,-141.251349995211,116.22322516044
50.2340116976545,-141.191931301665,116.220808797779
50.405781115199,-141.132304167194,116.218392435118
50.5774780652106,-141.072468681667,116.215976072456
50.7491022956802,-141.012424935263,116.213559709795
50.9206535547588,-140.952173018447,116.211143347134
51.0921315906672,-140.891713022004,116.208726984472
51.2635361517716,-140.831045037013,116.206310621811
51.4348669865392,-140.770169154862,116.20389425915
51.6061238435528,-140.709085467239,116.201477896489
51.7773064715272,-140.647794066134,116.199061533827
51.9484146192789,-140.586295043842,116.196645171166
52.1194480357564,-140.524588492958,116.194228808505
52.290406469996,-140.462674506388,116.191812445844
52.4612896711669,-140.400553177337,116.189396083182
52.6320973885866,-140.338224599301,116.186979720521
52.8028293716612,-140.275688866087,116.18456335786
52.9734853699007,-140.212946071813,116.182146995199
53.144065132965,-140.149996310885,116.179730632537
53.3145684106331,-140.086839678012,116.177314269876
53.4849949527895,-140.02347626821,116.174897907215
53.6553445094391,-139.959906176797,116.172481544553
53.8256168306928,-139.896129499396,116.170065181892
53.9958116668423,-139.83214633191,116.167648819231
54.1659287682262,-139.767956770572,116.16523245657
54.3359678853649,-139.703560911891,116.162816093908
54.5059287688561,-139.638958852694,116.160399731247
54.6758111694503,-139.574150690099,116.157983368586
54.8456148380205,-139.509136521522,116.155567005925
55.0153395255188,-139.443916444699,116.153150643263
55.1849849830953,-139.378490557633,116.150734280602
55.3545509619499,-139.312858958661,116.148317917941
55.5240372134663,-139.247021746392,116.14590155528
55.6934434891233,-139.180979019748,116.143485192618
55.86276954051,-139.114730877957,116.141068829957
56.0320151193857,-139.048277420527,116.138652467296
56.201179977591,-138.981618747284,116.136236104634
56.3702638671222,-138.914754958339,116.133819741973
56.5392665401025,-138.847686154105,116.131403379312
56.7081877487375,-138.780412435308,116.128987016651
56.8770272454341,-138.712933902944,116.126570653989
57.0457847826528,-138.645250658338,116.124154291328
57.2144601130564,-138.577362803082,116.121737928667
57.3830529893471,-138.509270439102,116.119321566006
57.5515631644447,-138.440973668586,116.116905203344
57.7199903913387,-138.372472594042,116.114488840683
57.8883344231632,-138.303767318272,116.112072478022
58.0565950132115,-138.234857944362,116.109656115361
58.224771914848,-138.165744575719,116.107239752699
58.3928648816415,-138.096427316015,116.104823390038
58.5608736672029,-138.02690626926,116.102407027377
58.7287980253633,-137.957181539718,116.099990664715
58.8966377100407,-137.887253231972,116.097574302054
59.0643924752706,-137.817121450905,116.095157939393
59.2320620752502,-137.746786301685,116.092741576732
59.3996462642947,-137.676247889783,116.09032521407
59.5671447968668,-137.605506320956,116.087908851409
59.7345574275482,-137.534561701266,116.085492488748
59.9018839110541,-137.46341413707,116.083076126087
60.0691240022337,-137.392063735018,116.080659763425
60.2362774561003,-137.320510602045,116.078243400764
60.4033440277431,-137.248754845404,116.075827038103
60.570323472445,-137.17679657262,116.073410675441
60.7372155455807,-137.104635891528,116.07099431278
60.9040200027045,-137.032272910242,116.068577950119
61.0707365994629,-136.959707737185,116.066161587458
61.2373650916538,-136.886940481073,116.063745224796
61.4039052352266,-136.813971250904,116.061328862135
61.5703567862678,-136.740800155973,116.058912499474
61.7367195009723,-136.66742730588,116.056496136813
61.9029931357024,-136.593852810506,116.054079774151
62.0691774469438,-136.520076780032,116.05166341149
62.2352721913211,-136.44609932493,116.049247048829
62.4012771256124,-136.37192055596,116.046830686168
62.5671920067206,-136.29754058418,116.044414323506
62.7330165916883,-136.222959520942,116.041997960845
62.8987506377128,-136.148177477881,116.039581598184
63.0643939021171,-136.073194566934,116.037165235522
63.2299461423651,-135.998010900328,116.034748872861
63.3954071160616,-135.92262659058,116.0323325102
63.5607765809679,-135.847041750495,116.029916147539
63.7260542949865,-135.771256493167,116.027499784877
63.8912400161188,-135.695270932004,116.025083422216
64.0563335025814,-135.619085180667,116.022667059555
64.2213345126609,-135.542699353145,116.020250696894
64.3862428048454,-135.46611356369,116.017834334232
64.5510581377229,-135.389327926863,116.015417971571
64.7157802700543,-135.312342557504,116.01300160891
64.8804089607448,-135.235157570742,116.010585246249
65.0449439688007,-135.157773082016,116.008168883587
65.2093850534456,-135.08018920702,116.005752520926
65.3737319739906,-135.002406061766,116.003336158265
65.5379844899069,-134.924423762548,116.000919795603
65.7021423608115,-134.846242425949,115.998503432942
65.8662053464969,-134.767862168828,115.996087070281
66.0301732068586,-134.689283108353,115.99367070762
66.1940457019683,-134.610505361965,115.991254344958
66.3578225920162,-134.53152904741,115.988837982297
66.5215036373832,-134.452354282699,115.986421619636
66.6850885985552,-134.372981186154,115.984005256975
66.8485772361808,-134.293409876376,115.981588894313
67.0119693110864,-134.213640472241,115.979172531652
67.1752645842183,-134.133673092925,115.976756168991
67.3384628166582,-134.0535078579,115.97433980633
67.5015637696519,-133.973144886917,115.971923443668
67.6645672046237,-133.892584299999,115.969507081007
67.8274728831201,-133.811826217471,115.967090718346
67.9902805668237,-133.730870759953,115.964674355684
68.1529900176115,-133.649718048325,115.962257993023
68.3156009974689,-133.56836820378,115.959841630362
68.4781132685618,-133.48682134778,115.957425267701
68.6405265931796,-133.405077602086,115.955008905039
68.8028407338214,-133.323137088719,115.952592542378
68.9650554530535,-133.240999930025,115.950176179717
69.127170513681,-133.158666248594,115.947759817056
69.2891856786053,-133.07613616733,115.945343454394
69.4511007108965,-132.993409809413,115.942927091733
69.6129153737925,-132.910487298301,115.940510729072
69.774629430686,-132.827368757736,115.938094366411
69.9362426450821,-132.744054311768,115.935678003749
70.097754780712,-132.660544084691,115.933261641088
70.2591656013914,-132.576838201123,115.930845278427
70.420474871149,-132.492936785933,115.928428915765
70.5816823541268,-132.408839964297,115.926012553104
70.7427878146521,-132.324547861661,115.923596190443
70.9037910172088,-132.24006060375,115.921179827782
71.06469172641,-132.15537831659,115.91876346512
71.2254897070405,-132.07050112648,115.916347102459
71.3861847240713,-131.985429159989,115.913930739798
71.5467765425891,-131.900162543988,115.911514377137
71.7072649278678,-131.814701405616,115.909098014475
71.8676496453118,-131.729045872309,115.906681651814
72.0279304605273,-131.643196071761,115.904265289153
72.1881071392516,-131.557152131964,115.901848926492
72.3481794473681,-131.470914181198,115.89943256383
72.5081471509488,-131.384482348009,115.897016201169
72.668010016226,-131.297856761222,115.894599838508
72.827767809579,-131.211037549953,115.892183475846
72.9874202975486,-131.124024843597,115.889767113185
73.146967246837,-131.036818771828,115.887350750524
73.3064084243087,-130.949419464602,115.884934387863
73.465743597004,-130.861827052146,115.882518025201
73.6249725321264,-130.774041664967,115.88010166254
73.784094997014,-130.686063433866,115.877685299879
73.9431107591963,-130.597892489907,115.875268937218
74.1020195863524,-130.509528964444,115.872852574556
74.2608212463395,-130.420972989098,115.870436211895
74.419515507151,-130.332224695786,115.868019849234
74.578102136973,-130.243284216687,115.865603486573
74.7365809041425,-130.154151684268,115.863187123911
74.8949515771759,-130.064827231262,115.86077076125
75.0532139247411,-129.975310990692,115.858354398589
75.211367715672,-129.885603095855,115.855938035927
75.369412718969,-129.795703680327,115.853521673266
75.5273487038128,-129.705612877953,115.851105310605
75.6851754395373,-129.615330822862,115.848688947944
75.8428926956575,-129.524857649451,115.846272585282
76.0005002418281,-129.434193492413,115.843856222621
76.1579978478999,-129.343338486696,115.84143985996
76.3153852838778,-129.252292767537,115.839023497299
76.4726623199354,-129.161056470445,115.836607134637
76.6298287264428,-129.06962973119,115.834190771976
76.786884273898,-128.978012685842,115.831774409315
76.9438287329686,-128.886205470744,115.829358046654
77.1006618745473,-128.794208222485,115.826941683992
77.2573834696419,-128.702021077958,115.824525321331
77.4139932894306,-128.609644174333,115.82210895867
77.5704911053179,-128.517077649018,115.819692596008
77.7268766888103,-128.424321639741,115.817276233347
77.8831498116278,-128.331376284474,115.814859870686
78.0393102456613,-128.238241721467,115.812443508025
78.1953577629474,-128.144918089257,115.810027145363
78.3512921357357,-128.051405526631,115.807610782702
78.507113136408,-127.957704172673,115.805194420041
78.6628205375326,-127.863814166732,115.80277805738
78.8184141118653,-127.76973564842,115.800361694718
78.9738936323357,-127.675468757623,115.797945332057
79.1292588720198,-127.581013634515,115.795528969396
79.284509604196,-127.486370419525,115.793112606735
79.4396456023036,-127.391539253362,115.790696244073
79.5946666399569,-127.296520277008,115.788279881412
79.7495724909594,-127.201313631704,115.785863518751
79.9043629292632,-127.105919458984,115.783447156089
80.0590377290372,-127.010337900622,115.781030793428
80.2135966645997,-126.914569098684,115.778614430767
80.3680395104318,-126.818613195513,115.776198068106
80.5223660412193,-126.722470333705,115.773781705444
80.6765760318249,-126.626140656126,115.771365342783
80.8306692572759,-126.52962430592,115.768948980122
80.9846454927637,-126.432921426509,115.766532617461
81.138504513699,-126.336032161559,115.764116254799
81.2922460956438,-126.238956655021,115.761699892138
81.4458700143257,-126.141695051127,115.759283529477
81.5993760456788,-126.044247494354,115.756867166816
81.7527639658165,-125.946614129454,115.754450804154
81.9060335510054,-125.848795101459,115.752034441493
82.0591845777329,-125.750790555647,115.749618078832
82.2122168226261,-125.652600637586,115.74720171617
82.365130062507,-125.554225493105,115.744785353509
82.5179240744055,-125.455665268284,115.742368990848
82.6705986354793,-125.356920109501,115.739952628187
82.8231535231216,-125.257990163369,115.737536265525
82.9755885148811,-125.158875576783,115.735119902864
83.1279033884888,-125.059576496907,115.732703540203
83.2800979218586,-124.960093071167,115.730287177542
83.432171893101,-124.86042544725,115.72787081488
83.5841250804831,-124.760573773124,115.725454452219
83.7359572624959,-124.660538196996,115.723038089558
83.8876682177875,-124.560318867356,115.720621726897
84.0392577251777,-124.459915932969,115.718205364235
84.1907255636968,-124.359329542845,115.715789001574
84.3420715125608,-124.258559846258,115.713372638913
84.4932953511442,-124.157606992768,115.710956276251
84.6443968590469,-124.056471132167,115.70853991359
84.795375816015,-123.95515241454,115.706123550929
84.9462320019943,-123.853650990229,115.703707188268
85.0969651971302,-123.751967009825,115.701290825606
85.2475751817419,-123.650100624195,115.698874462945
85.3980617363359,-123.548051984468,115.696458100284
85.5484246416192,-123.445821242026,115.694041737623
85.6986636784868,-123.343408548513,115.691625374961
85.8487786279823,-123.240814055862,115.6892090123
85.9987692713902,-123.138037916234,115.686792649639
86.1486353901579,-123.035080282068,115.684376286978
86.2983767659216,-122.931941306062,115.681959924316
86.4479931805199,-122.828621141171,115.679543561655
86.5974844159551,-122.725119940626,115.677127198994
86.7468502544458,-122.621437857901,115.674710836332
86.8960904783876,-122.51757504674,115.672294473671
87.045204870393,-122.413531661127,115.66987811101
87.1941932132,-122.309307855355,115.667461748349
87.3430552898294,-122.204903783909,115.665045385687
87.4917908834021,-122.100319601602,115.662629023026
87.6403997773093,-121.995555463446,115.660212660365
87.7888817550689,-121.890611524762,115.657796297704
87.9372366004306,-121.785487941101,115.655379935042
88.08546409735,-121.680184868262,115.652963572381
88.2335640299233,-121.574702462341,115.65054720972
88.3815361824796,-121.469040879663,115.648130847059
88.5293803395415,-121.363200276812,115.645714484397
88.6770962858127,-121.257180810637,115.643298121736
88.824683806191,-121.150982638246,115.640881759075
88.9721426857561,-121.044605917014,115.638465396413
89.1194727098345,-120.938050804532,115.636049033752
89.2666736638959,-120.831317458688,115.633632671091
89.4137453336057,-120.724406037627,115.63121630843
89.560687504864,-120.617316699719,115.628799945768
89.7074999637539,-120.510049603601,115.626383583107
89.8541824965165,-120.402604908193,115.623967220446
90.0007348896281,-120.294982772645,115.621550857785
90.1471569297623,-120.187183356357,115.619134495123
90.2934484037769,-120.079206818997,115.616718132462
90.4396090987277,-119.971053320488,115.614301769801
90.585638801881,-119.862723020994,115.61188540714
90.7315373006759,-119.754216080957,115.609469044478
90.8773043827884,-119.64553266104,115.607052681817
91.0229398360552,-119.536672922192,115.604636319156
91.1684434485245,-119.427637025603,115.602219956494
91.3138150084701,-119.318425132698,115.599803593833
91.459054304314,-119.209037405193,115.597387231172
91.6041611247424,-119.099474005009,115.594970868511
91.7491352585779,-118.989735094368,115.592554505849
91.8939764948822,-118.879820835713,115.590138143188
92.0386846229051,-118.769731391751,115.587721780527
92.1832594321103,-118.65946692543,115.585305417866
92.3277007121506,-118.549027599959,115.582889055204
92.4720082528931,-118.438413578788,115.580472692543
92.6161818443694,-118.327625025648,115.578056329882
92.7602212768763,-118.216662104471,115.575639967221
92.9041263408634,-118.105524979478,115.573223604559
93.0478968269955,-117.994213815132,115.570807241898
93.1915325261409,-117.882728776145,115.568390879237
93.3350332293969,-117.771070027459,115.565974516575
93.4783987280268,-117.659237734294,115.563558153914
93.6216288135109,-117.547232062111,115.561141791253
93.7647232775461,-117.435053176608,115.558725428592
93.9076819120348,-117.322701243733,115.55630906593
94.0505045090465,-117.210176429711,115.553892703269
94.1931908609187,-117.097478900967,115.551476340608
94.3357407601324,-116.984608824222,115.549059977947
94.4781539994117,-116.871566366416,115.546643615285
94.6204303716872,-116.758351694734,115.544227252624
94.7625696700837,-116.64496497662,115.541810889963
94.9045716879326,-116.531406379765,115.539394527302
95.0464362187727,-116.417676072106,115.53697816464
95.1881630563626,-116.303774221815,115.534561801979
95.3297519946563,-116.189700997323,115.532145439318
95.4712028278158,-116.075456567303,115.529729076656
95.6125153502114,-115.961041100676,115.527312713995
95.7536893564469,-115.846454766588,115.524896351334
95.8947246412854,-115.73169773447,115.522479988673
96.0356209997488,-115.616770173956,115.520063626011
96.1763782270314,-115.501672254956,115.51764726335
96.3169961185743,-115.386404147595,115.515230900689
96.457474469979,-115.27096602228,115.512814538028
96.5978130771075,-115.155358049623,115.510398175366
96.7380117360069,-115.039580400499,115.507981812705
96.8780702429358,-114.923633246025,115.505565450044
97.0179883943638,-114.807516757564,115.503149087383
97.1577659869845,-114.691231106708,115.500732724721
97.2974028176908,-114.574776465303,115.49831636206
97.4368986835879,-114.458153005437,115.495899999399
97.5762533819932,-114.341360899441,115.493483636737
97.7154667104612,-114.224400319866,115.491067274076
97.8545384667107,-114.107271439544,115.488650911415
97.9934684487223,-113.989974431508,115.486234548754
98.1322564546538,-113.872509469065,115.483818186092
98.270902282901,-113.754876725739,115.481401823431
98.4094057320737,-113.637076375294,115.47898546077
98.5477666009597,-113.519108591767,115.476569098109
98.6859846886223,-113.400973549381,115.474152735447
98.824059794291,-113.282671422643,115.471736372786
98.9619917174106,-113.164202386294,115.469320010125
99.09978025769,-113.045566615278,115.466903647464
99.2374252149931,-112.926764284825,115.464487284802
99.3749263894482,-112.807795570365,115.462070922141
99.5122835813642,-112.688660647596,115.45965455948
99.6494965912903,-112.569359692432,115.457238196818
99.7865652199806,-112.449892881037,115.454821834157
99.9234892684065,-112.330260389812,115.452405471496
100.060268537757,-112.210462395392,115.449989108835
100.196902829463,-112.090499074633,115.447572746173
100.333391945136,-111.970370604654,115.445156383512
100.46973568662,-111.850077162802,115.442740020851
100.605933855988,-111.72961892665,115.44032365819
100.741986255522,-111.608996074016,115.437907295528
100.877892687719,-111.488208782953,115.435490932867
101.0136529553,-111.367257231752,115.433074570206
101.149266861226,-111.246141598914,115.430658207545
101.284734208633,-111.124862063219,115.428241844883
101.420054800935,-111.003418803627,115.425825482222
101.555228441697,-110.881811999397,115.423409119561
101.690254934773,-110.760041829959,115.420992756899
101.825134084194,-110.638108475015,115.418576394238
101.959865694223,-110.516012114494,115.416160031577
102.094449569366,-110.393752928534,115.413743668916
102.228885514308,-110.271331097549,115.411327306254
102.363173334,-110.148746802143,115.408910943593
102.497312833581,-110.026000223184,115.406494580932
102.631303818436,-109.903091541749,115.404078218271
102.765146094175,-109.78002093915,115.401661855609
102.898839466605,-109.656788596948,115.399245492948
103.032383741781,-109.533394696916,115.396829130287
103.165778725971,-109.409839421066,115.394412767626
103.299024225667,-109.286122951644,115.391996404964
103.432120047596,-109.162245471113,115.389580042303
103.565065998697,-109.038207162176,115.387163679642
103.697861886138,-108.914008207767,115.38474731698
103.830507517307,-108.78964879105,115.382330954319
103.963002699834,-108.665129095405,115.379914591658
104.095347241559,-108.540449304453,115.377498228997
104.227540950562,-108.415609602033,115.375081866335
104.359583635126,-108.290610172233,115.372665503674
104.491475103781,-108.165451199348,115.370249141013
104.623215165277,-108.040132867911,115.367832778352
104.754803628598,-107.914655362671,115.36541641569
104.886240302935,-107.789018868627,115.363000053029
105.017524997728,-107.663223570983,115.360583690368
105.148657522647,-107.537269655167,115.358167327707
105.279637687566,-107.411157306859,115.355750965045
105.410465302608,-107.284886711941,115.353334602384
105.541140178118,-107.15845805653,115.350918239723
105.671662124665,-107.031871526972,115.348501877061
105.802030953063,-106.905127309825,115.3460855144
105.932246474341,-106.778225591882,115.343669151739
106.062308499759,-106.651166560163,115.341252789078
106.192216840818,-106.523950401898,115.338836426416
106.321971309238,-106.396577304556,115.336420063755
106.451571716959,-106.269047455837,115.334003701094
106.581017876183,-106.141361043633,115.331587338433
106.710309599324,-106.013518256082,115.329170975771
106.839446699014,-105.885519281554,115.32675461311
106.968428988151,-105.757364308609,115.324338250449
107.09725627983,-105.629053526064,115.321921887788
107.225928387403,-105.500587122934,115.319505525126
107.354445124428,-105.371965288478,115.317089162465
107.482806304734,-105.243188212143,115.314672799804
107.611011742356,-105.114256083621,115.312256437142
107.739061251566,-104.985169092822,115.309840074481
107.866954646855,-104.855927429891,115.30742371182
107.994691742983,-104.726531285157,115.305007349159
108.122272354922,-104.596980849193,115.302590986497
108.249696297876,-104.46727631279,115.300174623836
108.376963387285,-104.33741786696,115.297758261175
108.504073438824,-104.207405702934,115.295341898514
108.631026268425,-104.077240012137,115.292925535852
108.757821692209,-103.946920986261,115.290509173191
108.88445952658,-103.816448817168,115.28809281053
109.010939588141,-103.685823696974,115.285676447869
109.137261693767,-103.555045817978,115.283260085207
109.263425660524,-103.424115372741,115.280843722546
109.389431305757,-103.293032553995,115.278427359885
109.51527844703,-103.161797554715,115.276010997223
109.640966902138,-103.030410568088,115.273594634562
109.766496489108,-102.898871787532,115.271178271901
109.891867026244,-102.767181406632,115.26876190924
110.017078332037,-102.63533961925,115.266345546578
110.142130225256,-102.503346619413,115.263929183917
110.267022524877,-102.3712026014,115.261512821256
110.391755050138,-102.238907759682,115.259096458595
110.51632762049,-102.106462288965,115.256680095933
110.640740055661,-101.973866384137,115.254263733272
110.764992175591,-101.841120240321,115.251847370611
110.889083800453,-101.708224052868,115.24943100795
111.013014750679,-101.575178017315,115.247014645288
111.136784846941,-101.441982329415,115.244598282627
111.260393910132,-101.308637185155,115.242181919966
111.383841761404,-101.175142780713,115.239765557304
111.507128222153,-101.041499312477,115.237349194643
111.63025311398,-100.907706977083,115.234932831982
111.753216258785,-100.77376597132,115.232516469321
111.876017478652,-100.639676492245,115.230100106659
111.998656595952,-100.505438737082,115.227683743998
112.121133433266,-100.371052903297,115.225267381337
112.243447813449,-100.236519188535,115.222851018676
112.365599559555,-100.101837790694,115.220434656014
112.487588494923,-99.9670089078378,115.218018293353
112.609414443105,-99.8320327382733,115.215601930692
112.731077227916,-99.6969094804929,115.213185568031
112.852576673416,-99.561639333198,115.210769205369
112.973912603885,-99.4262224953221,115.208352842708
113.095084843859,-99.2906591659951,115.205936480047
113.216093218141,-99.1549495445304,115.203520117385
113.336937551744,-99.0190938304855,115.201103754724
113.457617669948,-98.8830922236004,115.198687392063
113.578133398257,-98.7469449238468,115.196271029402
113.698484562452,-98.6106521313662,115.19385466674
113.818670988527,-98.4742140465433,115.191438304079
113.938692502743,-98.337630869944,115.189021941418
114.058548931597,-98.2009028023525,115.186605578757
114.178240101832,-98.0640300447583,115.184189216095
114.297765840436,-97.9270127983559,115.181772853434
114.417125974668,-97.7898512645203,115.179356490773
114.536320331987,-97.6525456448798,115.176940128112
114.655348740145,-97.515096141218,115.17452376545
114.774211027109,-97.3775029555593,115.172107402789
114.892907021125,-97.2397662900946,115.169691040128
115.011436550643,-97.1018863472673,115.167274677466
115.129799444406,-96.9638633296749,115.164858314805
115.247995531382,-96.8256974401417,115.162441952144
115.366024640779,-96.687388881707,115.160025589483
115.483886602083,-96.5489378575752,115.157609226821
115.601581245,-96.4103445711892,115.15519286416
115.719108399504,-96.2716092261689,115.152776501499
115.83646789582,-96.1327320263351,115.150360138838
115.953659564401,-95.9937131757345,115.147943776176
116.070683235961,-95.8545528786016,115.145527413515
116.187538741475,-95.7152513393591,115.143111050854
116.304225912156,-95.5758087626416,115.140694688193
116.42074457948,-95.4362253532711,115.138278325531
116.537094575162,-95.2965013162813,115.13586196287
116.653275731161,-95.1566368569174,115.133445600209
116.769287879714,-95.0166321805857,115.131029237547
116.885130853282,-94.8764874929284,115.128612874886
117.000804484595,-94.7362029997607,115.126196512225
117.11630860664,-94.5957789070957,115.123780149564
117.231643052631,-94.4552154211689,115.121363786902
117.346807656047,-94.3145127484002,115.118947424241
117.46180225063,-94.1736710953941,115.11653106158
117.576626670364,-94.0326906689638,115.114114698919
117.691280749498,-93.8915716761064,115.111698336257
117.805764322521,-93.7503143240272,115.109281973596
117.92007722417,-93.6089188201399,115.106865610935
118.034219289462,-93.4673853720156,115.104449248274
118.148190353651,-93.3257141874454,115.102032885612
118.261990252233,-93.1839054744276,115.099616522951
118.375618820981,-93.0419594411299,115.09720016029
118.489075895921,-92.8998762959137,115.094783797628
118.602361313324,-92.7576562473468,115.092367434967
118.715474909707,-92.615299504203,115.089951072306
118.828416521864,-92.472806275424,115.087534709645
118.94118598684,-92.3301767701439,115.085118346983
119.053783141931,-92.1874111977023,115.082701984322
119.166207824677,-92.0445097676433,115.080285621661
119.278459872904,-91.9014726896649,115.077869259
119.390539124675,-91.7583001736818,115.075452896338
119.5024454183,-91.6149924298127,115.073036533677
119.614178592375,-91.471549668329,115.070620171016
119.725738485717,-91.3279720997436,115.068203808355
119.837124937445,-91.1842599346956,115.065787445693
119.948337786889,-91.0404133840782,115.063371083032
120.059376873677,-90.8964326589228,115.060954720371
120.170242037665,-90.7523179704886,115.058538357709
120.280933118975,-90.6080695302108,115.056121995048
120.391449958011,-90.4636875496877,115.053705632387
120.501792395404,-90.3191722407443,115.051289269726
120.611960272055,-90.1745238153809,115.048872907064
120.721953429132,-90.0297424857725,115.046456544403
120.831771708065,-89.8848284642814,115.044040181742
120.941414950514,-89.7397819634959,115.041623819081
121.050882998445,-89.5946031961261,115.039207456419
121.160175694038,-89.4492923751333,115.036791093758
121.269292879764,-89.3038497136261,115.034374731097
121.37823439835,-89.1582754248988,115.031958368436
121.487000092768,-89.0125697224571,115.029542005774
121.595589806279,-88.8667328199528,115.027125643113
121.704003382366,-88.7207649312746,115.024709280452
121.812240664823,-88.5746662704304,115.02229291779
121.920301497646,-88.4284370516908,115.019876555129
122.028185725161,-88.2820774894186,115.017460192468
122.135893191891,-88.1355877982515,115.015043829807
122.243423742665,-87.9889681929453,115.012627467145
122.350777222558,-87.8422188884646,115.010211104484
122.457953476909,-87.6953400999566,115.007794741823
122.564952351316,-87.5483320427509,115.005378379162
122.671773691653,-87.4011949323456,115.0029620165
122.778417344046,-87.2539289844336,115.000545653839
122.884883154887,-87.1065344148891,114.998129291178
122.991170970837,-86.9590114397542,114.995712928517
123.097280638807,-86.8113602752777,114.993296565855
123.203212005987,-86.6635811378623,114.990880203194
123.308964919833,-86.5156742440909,114.988463840533
123.414539228047,-86.3676398107523,114.986047477871
123.519934778616,-86.2194780547881,114.98363111521
123.625151419788,-86.0711891933191,114.981214752549
123.730189000051,-85.9227734436842,114.978798389888
123.835047368206,-85.7742310233346,114.976382027226
123.939726373262,-85.6255621499788,114.973965664565
124.044225864559,-85.4767670414105,114.971549301904
124.148545691648,-85.32784591568,114.969132939243
124.252685704364,-85.1787989909885,114.966716576581
124.356645752818,-85.0296264857,114.96430021392
124.460425687389,-84.8803286183555,114.961883851259
124.564025358703,-84.7309056076982,114.959467488598
124.667444617671,-84.5813576726207,114.957051125936
124.770683315464,-84.4316850322041,114.954634763275
124.873741303528,-84.2818879056912,114.952218400614
124.97661843356,-84.1319665125265,114.949802037952
125.079314557531,-83.9819210723151,114.947385675291
125.181829527702,-83.8317518048101,114.94496931263
125.284163196582,-83.6814589299644,114.942552949969
125.386315416939,-83.5310426679181,114.940136587307
125.48828604183,-83.3805032389575,114.937720224646
125.59007492457,-83.2298408635551,114.935303861985
125.691681918744,-83.0790557623558,114.932887499324
125.793106878222,-82.9281481561497,114.930471136662
125.894349657112,-82.7771182659525,114.928054774001
125.995410109824,-82.6259663128975,114.92563841134
126.096288091012,-82.4746925183294,114.923222048679
126.196983455618,-82.323297103737,114.920805686017
126.297496058846,-82.1717802907928,114.918389323356
126.39782575617,-82.0201423013393,114.915972960695
126.497972403342,-81.8683833573756,114.913556598033
126.597935856379,-81.7165036810836,114.911140235372
126.697715971567,-81.5645034948142,114.908723872711
126.797312605473,-81.4123830210738,114.90630751005
126.896725614918,-81.2601424825641,114.903891147388
126.995954857011,-81.1077821021281,114.901474784727
127.095000189124,-80.9553021027898,114.899058422066
127.193861468913,-80.8027027077273,114.896642059405
127.292538554285,-80.6499841403131,114.894225696743
127.391031303448,-80.4971466240453,114.891809334082
127.489339574845,-80.3441903826433,114.889392971421
127.587463227239,-80.1911156399243,114.88697660876
127.685402119621,-80.0379226199394,114.884560246098
127.783156111279,-79.8846115468645,114.882143883437
127.880725061778,-79.7311826450402,114.879727520776
127.978108830938,-79.5776361389997,114.877311158114
128.075307278868,-79.4239722534128,114.874894795453
128.172320265946,-79.2701912131274,114.872478432792
128.26914765283,-79.1162932431415,114.870062070131
128.365789300436,-78.9622785686437,114.867645707469
128.462245069972,-78.8081474149586,114.865229344808
128.55851482292,-78.6539000075732,114.862812982147
128.65459842102,-78.4995365721647,114.860396619486
128.750495726306,-78.3450573345448,114.857980256824
128.846206601068,-78.1904625207144,114.855563894163
128.941730907897,-78.0357523567947,114.853147531502
129.037068509644,-77.8809270690953,114.850731168841
129.132219269426,-77.7259868841006,114.848314806179
129.227183050655,-77.5709320284275,114.845898443518
129.321959717017,-77.4157627288532,114.843482080857
129.416549132459,-77.2604792123423,114.841065718195
129.51095116122,-77.1050817059908,114.838649355534
129.60516566781,-76.949570437068,114.836232992873
129.69919251702,-76.7939456329878,114.833816630212
129.793031573915,-76.6382075213366,114.83140026755
129.886682703824,-76.4823563298723,114.828983904889
129.980145772375,-76.3263922864831,114.826567542228
130.073420645469,-76.1703156192144,114.824151179567
130.166507189272,-76.0141265562966,114.821734816905
130.259405270251,-75.8578253260746,114.819318454244
130.352114755126,-75.7014121570919,114.816902091583
130.444635510905,-75.5448872780339,114.814485728922
130.536967404882,-75.3882509177274,114.81206936626
130.629110304631,-75.2315033051551,114.809653003599
130.721064077978,-75.0746446694962,114.807236640938
130.812828593063,-74.9176752400286,114.804820278276
130.904403718288,-74.7605952462126,114.802403915615
130.995789322335,-74.6034049176623,114.799987552954
131.086985274165,-74.4461044841458,114.797571190293
131.177991443028,-74.2886941755699,114.795154827631
131.268807698444,-74.1311742220087,114.79273846497
131.359433910215,-73.9735448536888,114.790322102309
131.44986994843,-73.8158063009751,114.787905739648
131.540115683445,-73.6579587944123,114.785489376986
131.63017098591,-73.5000025646686,114.783073014325
131.720035726748,-73.3419378425775,114.780656651664
131.809709777174,-73.1837648591094,114.778240289003
131.899193008664,-73.0254838454133,114.775823926341
131.988485293003,-72.8670950327461,114.77340756368
132.077586502232,-72.7085986525567,114.770991201019
132.166496508681,-72.5499949364297,114.768574838357
132.255215184972,-72.3912841160844,114.766158475696
132.343742403999,-72.2324664234033,114.763742113035
132.432078038939,-72.0735420904172,114.761325750374
132.520221963261,-71.9145113492909,114.758909387712
132.608174050706,-71.7553744323511,114.756493025051
132.695934175299,-71.5961315720719,114.75407666239
132.783502211348,-71.4367830010747,114.751660299729
132.870878033453,-71.2773289521131,114.749243937067
132.958061516486,-71.1177696581016,114.746827574406
133.045052535608,-70.9581053521005,114.744411211745
133.131850966265,-70.7983362673017,114.741994849084
133.218456684176,-70.6384626370709,114.739578486422
133.304869565359,-70.4784846948903,114.737162123761
133.391089486105,-70.3184026744009,114.7347457611
133.477116323,-70.158216809374,114.732329398438
133.562949952899,-69.9979273337531,114.729913035777
133.648590252956,-69.8375344815971,114.727496673116
133.73403710061,-69.6770384871078,114.725080310455
133.819290373569,-69.5164395846587,114.722663947793
133.904349949843,-69.3557380087373,114.720247585132
133.989215707718,-69.1949339939875,114.717831222471
134.073887525773,-69.0340277751809,114.71541485981
134.158365282853,-68.8730195872735,114.712998497148
134.242648858122,-68.7119096652907,114.710582134487
134.326738131003,-68.5506982444564,114.708165771826
134.41063298121,-68.3893855601203,114.705749409165
134.494333288754,-68.2279718477581,114.703333046503
134.577838933914,-68.0664573430139,114.700916683842
134.661149797281,-67.9048422816282,114.698500321181
134.744265759707,-67.7431268995236,114.696083958519
134.82718670235,-67.5813114327327,114.693667595858
134.909912506644,-67.419396117441,114.691251233197
134.992443054311,-67.2573811899718,114.688834870536
135.074778227362,-67.0952668867862,114.686418507874
135.1569179081,-66.9330534444683,114.684002145213
135.238861979112,-66.7707410997534,114.681585782552
135.320610323269,-66.6083300895135,114.679169419891
135.402162823734,-66.4458206507571,114.676753057229
135.483519363968,-66.2832130205994,114.674336694568
135.564679827694,-66.1205074363492,114.671920331907
135.645644098954,-65.9577041353925,114.669503969246
135.726412062053,-65.7948033552937,114.667087606584
135.806983601602,-65.6318053337228,114.664671243923
135.887358602493,-65.4687103084984,114.662254881262
135.967536949907,-65.3055185175728,114.6598385186
136.047518529321,-65.1422301990174,114.657422155939
136.127303226494,-64.9788455910513,114.655005793278
136.206890927476,-64.8153649320261,114.652589430617
136.286281518604,-64.6517884604259,114.650173067955
136.365474886516,-64.4881164148524,114.647756705294
136.444470918121,-64.324349034068,114.645340342633
136.523269500643,-64.1604865569229,114.642923979972
136.601870521573,-63.9965292224418,114.64050761731
136.680273868708,-63.832477269751,114.638091254649
136.758479430121,-63.6683309381362,114.635674891988
136.836487094195,-63.5040904669692,114.633258529327
136.914296749585,-63.3397560957953,114.630842166665
136.991908285251,-63.1753280642598,114.628425804004
137.069321590435,-63.0108066121513,114.626009441343
137.146536554673,-62.8461919793871,114.623593078681
137.223553067791,-62.6814844060125,114.62117671602
137.300371019921,-62.5166841321715,114.618760353359
137.376990301457,-62.3517913981938,114.616343990698
137.453410803109,-62.1868064444927,114.613927628036
137.529632415876,-62.0217295116078,114.611511265375
137.605655031045,-61.85656084022,114.609094902714
137.681478540186,-61.6913006711507,114.606678540053
137.757102835183,-61.5259492453032,114.604262177391
137.832527808199,-61.3605068037351,114.60184581473
137.907753351683,-61.194973587644,114.599429452069
137.98277935839,-61.0293498383224,114.597013089408
138.057605721369,-60.8636357971872,114.594596726746
138.132232333947,-60.6978317058088,114.592180364085
138.20665908976,-60.5319378058513,114.589764001424
138.280885882728,-60.3659543391167,114.587347638762
138.354912607066,-60.1998815475303,114.584931276101
138.428739157291,-60.0337196731245,114.58251491344
138.502365428204,-59.8674689580688,114.580098550779
138.575791314902,-59.7011296446546,114.577682188117
138.649016712776,-59.5347019752945,114.575265825456
138.722041517517,-59.3681861925073,114.572849462795
138.794865625105,-59.2015825389474,114.570433100134
138.867488931813,-59.0348912573892,114.568016737472
138.939911334211,-58.8681125907275,114.565600374811
139.012132729167,-58.7012467819615,114.56318401215
139.084153013841,-58.5342940742246,114.560767649488
139.155972085686,-58.3672547107691,114.558351286827
139.22758984245,-58.2001289349656,114.555934924166
139.299006182191,-58.0329169902733,114.553518561505
139.370221003234,-57.8656191203288,114.551102198843
139.441234204222,-57.6982355688412,114.548685836182
139.512045684091,-57.5307665796368,114.546269473521
139.582655342063,-57.3632123966885,114.54385311086
139.653063077671,-57.1955732640406,114.541436748198
139.723268790723,-57.0278494259133,114.539020385537
139.793272381353,-56.8600411265676,114.536604022876
139.863073749959,-56.6921486104547,114.534187660215
139.93267279725,-56.5241721221104,114.531771297553
140.002069424249,-56.3561119061405,114.529354934892
140.071263532239,-56.1879682073549,114.526938572231
140.140255022831,-56.019741270602,114.524522209569
140.209043797926,-55.8514313408591,114.522105846908
140.277629759711,-55.6830386632463,114.519689484247
140.346012810676,-55.5145634829815,114.517273121586
140.414192853615,-55.3460060453801,114.514856758924
140.482169791611,-55.1773665958843,114.512440396263
140.549943528049,-55.0086453800482,114.510024033602
140.617513966621,-54.8398426435069,114.507607670941
140.684881011286,-54.6709586320819,114.505191308279
140.752044566339,-54.5019935916147,114.502774945618
140.81900453635,-54.3329477681175,114.500358582957
140.885760826196,-54.1638214076819,114.497942220296
140.952313341043,-53.9946147565394,114.495525857634
141.018661986373,-53.8253280609853,114.493109494973
141.084806667949,-53.6559615674689,114.490693132312
141.150747291843,-53.4865155225177,114.48827676965
141.216483764417,-53.3169901727973,114.485860406989
141.282015992347,-53.1473857650358,114.483444044328
141.347343882591,-52.9777025461141,114.481027681667
141.412467342415,-52.8079407630046,114.478611319005
141.477386279391,-52.6381006627561,114.476194956344
141.542100601372,-52.4681824925844,114.473778593683
141.60661021653,-52.2981864997502,114.471362231022
141.670915033329,-52.1281129316503,114.46894586836
141.73501496053,-51.9579620357863,114.466529505699
141.79890990719,-51.78773405978,114.464113143038
141.86259978268,-51.6174292513121,114.461696780377
141.926084496665,-51.4470478581974,114.459280417715
141.989363959106,-51.2765901283546,114.456864055054
142.052438080266,-51.1060563098055,114.454447692393
142.115306770708,-50.9354466506751,114.452031329731
142.177969941304,-50.7647613991755,114.44961496707
142.240427503217,-50.5940008036362,114.447198604409
142.302679367914,-50.423165112489,114.444782241748
142.364725447162,-50.2522545742665,114.442365879086
142.426565653034,-50.0812694375877,114.439949516425
142.488199897904,-49.9102099511719,114.437533153764
142.549628094434,-49.739076363885,114.435116791103
142.610850155606,-49.5678689246314,114.432700428441
142.671865994688,-49.3965878824612,114.43028406578
142.732675525266,-49.2252334864781,114.427867703119
142.793278661208,-49.0538059859454,114.425451340458
142.853675316707,-48.882305630149,114.423034977796
142.913865406236,-48.7107326685489,114.420618615135
142.973848844582,-48.5390873506574,114.418202252474
143.033625546832,-48.3673699260995,114.415785889812
143.093195428372,-48.1955806445972,114.413369527151
143.152558404904,-48.0237197559386,114.41095316449
143.211714392411,-47.8517875100693,114.408536801829
143.270663307193,-47.6797841569851,114.406120439167
143.32940506586,-47.507709946762,114.403704076506
143.387939585296,-47.3355651296479,114.401287713845
143.446266782721,-47.1633499558934,114.398871351184
143.504386575639,-46.9910646759053,114.396454988522
143.562298881863,-46.8187095401534,114.394038625861
143.620003619505,-46.6462847992324,114.3916222632
143.677500706989,-46.473790703784,114.389205900539
143.734790063029,-46.3012275046046,114.386789537877
143.791871606662,-46.1285954525064,114.384373175216
143.848745257207,-45.9558947984705,114.381956812555
143.905410934296,-45.7831257935396,114.379540449893
143.961868557879,-45.6102886888014,114.377124087232
144.018118048187,-45.437383735512,114.374707724571
144.074159325764,-45.2644111849873,114.37229136191
144.129992311467,-45.0913712886031,114.369874999248
144.185616926444,-44.9182642978713,114.367458636587
144.241033092153,-44.7450904643783,114.365042273926
144.296240730359,-44.5718500397843,114.362625911265
144.351239763133,-44.3985432758383,114.360209548603
144.406030112836,-44.2251704244244,114.357793185942
144.460611702154,-44.0517317374534,114.355376823281
144.514984454067,-43.8782274669543,114.35296046062
144.569148291861,-43.704657865044,114.350544097958
144.623103139126,-43.5310231839265,114.348127735297
144.676848919762,-43.3573236758771,114.345711372636
144.730385557971,-43.1835595932726,114.343295009974
144.783712978255,-43.0097311885918,114.340878647313
144.836831105434,-42.8358387143522,114.338462284652
144.889739864626,-42.6618824231881,114.336045921991
144.94243918125,-42.4878625678338,114.333629559329
144.994928981044,-42.3137794010617,114.331213196668
145.047209190033,-42.1396331757904,114.328796834007
145.099279734567,-41.9654241449603,114.326380471346
145.151140541298,-41.7911525616108,114.323964108684
145.202791537169,-41.6168186789107,114.321547746023
145.254232649443,-41.4424227500651,114.319131383362
145.305463805692,-41.2679650283612,114.316715020701
145.356484933786,-41.093445767184,114.314298658039
145.407295961903,-40.9188652199997,114.311882295378
145.457896818529,-40.744223640356,114.309465932717
145.50828743246,-40.5695212818655,114.307049570055
145.558467732788,-40.3947583982529,114.304633207394
145.608437648929,-40.2199352432758,114.302216844733
145.658197110589,-40.0450520708183,114.299800482072
145.707746047788,-39.8701091348286,114.29738411941
145.757084390861,-39.6951066893023,114.294967756749
145.806212070431,-39.5200449883761,114.292551394088
145.855129017449,-39.3449242862027,114.290135031427
145.903835163157,-39.1697448370592,114.287718668765
145.952330439115,-38.9945068952689,114.285302306104
146.000614777187,-38.8192107152482,114.282885943443
146.048688109546,-38.6438565514743,114.280469580782
146.096550368667,-38.468444658532,114.27805321812
146.14420148734,-38.292975291051,114.275636855459
146.191641398658,-38.1174487037522,114.273220492798
146.238870036023,-37.9418651514316,114.270804130136
146.28588733315,-37.7662248889445,114.268387767475
146.33269322405,-37.5905281712521,114.265971404814
146.37928764306,-37.4147752533427,114.263555042153
146.425670524808,-37.2389663903252,114.261138679491
146.471841804238,-37.0631018373663,114.25872231683
146.517801416607,-36.8871818496744,114.256305954169
146.563549297469,-36.7112066825933,114.253889591508
146.609085382698,-36.535176591476,114.251473228846
146.654409608467,-36.3590918317948,114.249056866185
146.699521911266,-36.1829526590619,114.246640503524
146.744422227889,-36.0067593288766,114.244224140863
146.789110495439,-35.8305120969086,114.241807778201
146.833586651331,-35.6542112188825,114.23939141554
146.877850633286,-35.4778569506086,114.236975052879
146.921902379336,-35.3014495479668,114.234558690217
146.965741827818,-35.1249892669062,114.232142327556
147.009368917382,-34.9484763634451,114.229725964895
147.052783586989,-34.7719110936541,114.227309602234
147.09598577591,-34.5952937136723,114.224893239572
147.138975423718,-34.4186244797379,114.222476876911
147.181752470299,-34.2419036481409,114.22006051425
147.224316855853,-34.0651314752223,114.217644151589
147.266668520885,-33.8883082174057,114.215227788927
147.308807406211,-33.711434131181,114.212811426266
147.35073345296,-33.534509473088,114.210395063605
147.392446602565,-33.3575344997481,114.207978700944
147.43394679677,-33.1805094678634,114.205562338282
147.475233977635,-33.0034346341536,114.203145975621
147.516308087522,-32.8263102554497,114.20072961296
147.557169069111,-32.6491365886158,114.198313250298
147.597816865389,-32.4719138905793,114.195896887637
147.638251419647,-32.294642418378,114.193480524976
147.678472675496,-32.1173224290501,114.191064162315
147.718480576854,-31.9399541797271,114.188647799653
147.758275067944,-31.762537927619,114.186231436992
147.797856093311,-31.5850739299501,114.183815074331
147.8372235978,-31.4075624440533,114.18139871167
147.876377526576,-31.2300037272751,114.178982349008
147.915317825102,-31.0523980370862,114.176565986347
147.954044439162,-30.8747456309698,114.174149623686
147.992557314851,-30.6970467664691,114.171733261025
148.030856398568,-30.5193017012184,114.169316898363
148.068941637033,-30.3415106928639,114.166900535702
148.106812977264,-30.1636739991734,114.164484173041
148.144470366603,-29.9857918779103,114.162067810379
148.181913752697,-29.8078645869273,114.159651447718
148.219143083503,-29.6298923841349,114.157235085057
148.256158307291,-29.4518755275009,114.154818722396
148.292959372645,-29.2738142750339,114.152402359734
148.329546228454,-29.095708884831,114.149985997073
148.365918823925,-28.9175596150135,114.147569634412
148.402077108572,-28.7393667237744,114.145153271751
148.438021032227,-28.5611304693462,114.142736909089
148.473750545023,-28.3828511100483,114.140320546428
148.509265597414,-28.2045289042225,114.137904183767
148.544566140166,-28.0261641102655,114.135487821106
148.579652124349,-27.8477569866591,114.133071458444
148.614523501348,-27.669307791923,114.130655095783
148.649180222867,-27.490816784598,114.128238733122
148.68362224091,-27.3122842233415,114.12582237046
148.717849507804,-27.1337103667995,114.123406007799
148.751861976183,-26.9550954737017,114.120989645138
148.785659598991,-26.7764398028456,114.118573282477
148.819242329489,-26.597743613032,114.116156919815
148.852610121247,-26.4190071631602,114.113740557154
148.885762928147,-26.2402307121643,114.111324194493
148.91870070439,-26.0614145189966,114.108907831832
148.951423404476,-25.8825588427226,114.10649146917
148.983930983233,-25.7036639423937,114.104075106509
149.016223395789,-25.524730077158,114.101658743848
149.048300597594,-25.3457575061643,114.099242381187
149.080162544402,-25.1667464886735,114.096826018525
149.111809192287,-24.9876972839303,114.094409655864
149.14324049763,-24.8086101512751,114.091993293203
149.174456417129,-24.6294853500633,114.089576930541
149.205456907795,-24.4503231396967,114.08716056788
149.236241926944,-24.2711237796717,114.084744205219
149.266811432216,-24.0918875294668,114.082327842558
149.297165381558,-23.9126146486377,114.079911479896
149.32730373323,-23.7333053967856,114.077495117235
149.357226445805,-23.5539600335563,114.075078754574
149.386933478172,-23.3745788186242,114.072662391913
149.416424789528,-23.1951620117397,114.070246029251
149.44570033939,-23.0157098726488,114.06782966659
149.474760087579,-22.8362226612048,114.065413303929
149.503603994241,-22.6567006372243,114.062996941268
149.532232019824,-22.4771440606459,114.060580578606
149.560644125096,-22.2975531914027,114.058164215945
149.588840271135,-22.1179282894855,114.055747853284
149.616820419334,-21.9382696149266,114.053331490622
149.644584531404,-21.7585774277672,114.050915127961
149.672132569359,-21.5788519881532,114.0484987653
149.699464495534,-21.3990935562229,114.046082402639
149.726580272578,-21.2193023921543,114.043666039977
149.753479863451,-21.0394787561812,114.041249677316
149.780163231427,-20.8596229085762,114.038833314655
149.80663034009,-20.6797351096669,114.036416951994
149.832881153349,-20.4998156197553,114.034000589332
149.858915635413,-20.3198646992613,114.031584226671
149.884733750812,-20.1398826086105,114.02916786401
149.910335464392,-19.9598696082336,114.026751501349
149.935720741307,-19.7798259586465,114.024335138687
149.96088954703,-19.5997519203693,114.021918776026
149.985841847345,-19.4196477539743,114.019502413365
150.010577608349,-19.2395137200696,114.017086050703
150.035096796455,-19.0593500792987,114.014669688042
150.059399378391,-18.8791570923239,114.012253325381
150.083485321197,-18.6989350198583,114.00983696272
150.107354592226,-18.518684122665,114.007420600058
150.131007159152,-18.3384046614771,114.005004237397
150.15444298995,-18.1580968971573,114.002587874736
150.177662052923,-17.9777610905213,114.000171512075
150.200664316683,-17.7973975024331,113.997755149413
150.223449750153,-17.6170063938216,113.995338786752
150.246018322573,-17.4365880256316,113.992922424091
150.268370003498,-17.256142658823,113.99050606143
150.290504762797,-17.0756705544035,113.988089698768
150.312422570654,-16.8951719733951,113.985673336107
150.334123397561,-16.7146471768987,113.983256973446
150.355607214337,-16.5340964259646,113.980840610784
150.376873992104,-16.3535199817377,113.978424248123
150.397923702302,-16.1729181053915,113.976007885462
150.418756316689,-15.9922910580645,113.973591522801
150.439371807333,-15.8116391010041,113.971175160139
150.459770146618,-15.6309624954375,113.968758797478
150.479951307242,-15.4502615026359,113.966342434817
150.49991526222,-15.2695363838979,113.963926072156
150.519661984879,-15.0887874005329,113.961509709494
150.539191448864,-14.9080148138772,113.959093346833
150.558503628128,-14.7272188853412,113.956676984172
150.577598496944,-14.5463998763135,113.954260621511
150.596476029903,-14.3655580481917,113.951844258849
150.615136201901,-14.184693662463,113.949427896188
150.633578988156,-14.0038069805912,113.947011533527
150.6518043642,-13.8228982640643,113.944595170865
150.669812305877,-13.6419677744266,113.942178808204
150.687602789348,-13.4610157732137,113.939762445543
150.705175791088,-13.2800425220008,113.937346082882
150.722531287887,-13.0990482823857,113.93492972022
150.739669256851,-12.9180333159727,113.932513357559
150.756589675399,-12.7369978844042,113.930096994898
150.773292521266,-12.5559422493445,113.927680632237
150.789777772501,-12.374866672479,113.925264269575
150.806045407468,-12.1937714155142,113.922847906914
150.822095404848,-12.0126567401613,113.920431544253
150.837927743636,-11.8315229081512,113.918015181592
150.853542403138,-11.6503701812835,113.91559881893
150.868939362982,-11.4691988213123,113.913182456269
150.884118603106,-11.2880090900434,113.910766093608
150.899080103763,-11.1068012493172,113.908349730946
150.913823845525,-10.9255755609441,113.905933368285
150.928349809274,-10.7443322868008,113.903517005624
150.942657976212,-10.5630716887492,113.901100642963
150.956748327851,-10.3817940286848,113.898684280301
150.970620846023,-10.2004995685195,113.89626791764
150.98427551287,-10.0191885701819,113.893851554979
150.997712310853,-9.83786129560034,113.891435192318
151.010931222748,-9.65651800673509,113.889018829656
151.023932231644,-9.47515896556164,113.886602466995
151.036715320945,-9.29378443407029,113.884186104334
151.049280474373,-9.11239467424979,113.881769741673
151.061627675962,-8.93098994813547,113.879353379011
151.073756910064,-8.74957051772762,113.87693701635
151.085668161344,-8.56813664508877,113.874520653689
151.097361414781,-8.38668859227795,113.872104291027
151.108836655673,-8.20522662135097,113.869687928366
151.120093869631,-8.02375099439171,113.867271565705
151.131133042581,-7.84226197348011,113.864855203044
151.141954160764,-7.66075982073965,113.862438840382
151.152557210736,-7.47924479828882,113.860022477721
151.162942179371,-7.29771716822463,113.85760611506
151.173109053854,-7.11617719270276,113.855189752399
151.183057821688,-6.93462513387287,113.852773389737
151.192788470691,-6.75306125387787,113.850357027076
151.202300988993,-6.57148581490234,113.847940664415
151.211595365045,-6.38989907909118,113.845524301754
151.220671587609,-6.20830130863001,113.843107939092
151.229529645762,-6.02669276572881,113.840691576431
151.238169528897,-5.84507371258893,113.83827521377
151.246591226725,-5.66344441138685,113.835858851108
151.254794729267,-5.48180512435451,113.833442488447
151.262780026864,-5.30015611369788,113.831026125786
151.27054711017,-5.11849764164545,113.828609763125
151.278095970152,-4.93682997044762,113.826193400463
151.285426598097,-4.7551533623118,113.823777037802
151.292538985603,-4.57346807949879,113.821360675141
151.299433124586,-4.39177438424185,113.81894431248
151.306109007276,-4.2100725387784,113.816527949818
151.312566626218,-4.02836280539848,113.814111587157
151.318805974271,-3.84664544633084,113.811695224496
151.324827044612,-3.66492072385592,113.809278861835
151.330629830732,-3.48318890022454,113.806862499173
151.336214326436,-3.30145023768999,113.804446136512
151.341580525844,-3.11970499853994,113.802029773851
151.346728423394,-2.9379534450312,113.799613411189
151.351658013837,-2.75619583945443,113.797197048528
151.356369292237,-2.57443244406857,113.794780685867
151.360862253979,-2.39266352111706,113.792364323206
151.365136894757,-2.21088933292425,113.789947960544
151.369193210583,-2.02911014173348,113.787531597883
151.373031197784,-1.84732620980347,113.785115235222
151.376650853002,-1.66553779944056,113.782698872561
151.380052173194,-1.48374517286876,113.780282509899
151.383235155631,-1.30194859239124,113.777866147238
151.386199797901,-1.1201483202605,113.775449784577
151.388946097905,-0.938344618742652,113.773033421916
151.391474053861,-0.75653775008468,113.770617059254
151.3937836643,-0.574727976562846,113.768200696593
151.395874928069,-0.392915560417141,113.765784333932
151.397747844331,-0.211100763883719,113.76336797127
151.399402412561,-0.0292838492265892,113.760951608609
151.400838632553,0.152534921311301,113.758535245948
151.402056504412,0.334355285524383,113.756118883287
151.40305602856,0.516176981147958,113.753702520625
151.403837205734,0.697999745988003,113.751286157964
151.404400036986,0.879823317808254,113.748869795303
151.40474452368,1.06164743442775,113.746453432642
151.4048706675,1.24347183360769,113.74403706998
151.40477847044,1.42529625318156,113.741620707319
151.404467934811,1.60712043094209,113.739204344658
151.40393906324,1.78894410472255,113.736787981997
151.403191858665,1.97076701234873,113.734371619335
151.402226324343,2.15258889165515,113.731955256674
151.401042463842,2.33440948050201,113.729538894013
151.399640281048,2.51622851672681,113.727122531351
151.39801978016,2.69804573820938,113.72470616869
151.396180965691,2.87986088282411,113.722289806029
151.39412384247,3.06167368847207,113.719873443368
151.39184841564,3.24348389304964,113.717457080706
151.389354690658,3.42529123444842,113.715040718045
151.386642673298,3.60709545060448,113.712624355384
151.383712369645,3.78889627946616,113.710207992723
151.380563786101,3.9706934589622,113.707791630061
151.377196929382,4.15248672706675,113.7053752674
151.373611806518,4.33427582175128,113.702958904739
151.369808424854,4.51606048101741,113.700542542078
151.365786792049,4.69784044284843,113.698126179416
151.361546916076,4.87961544525861,113.695709816755
151.357088805224,5.06138522630942,113.693293454094
151.352412468094,5.24314952402931,113.690877091432
151.347517913604,5.42490807647851,113.688460728771
151.342405150984,5.60666062174953,113.68604436611
151.337074189779,5.78840689793542,113.683628003449
151.331525039849,5.97014664312965,113.681211640787
151.325757711366,6.15187959550786,113.678795278126
151.31977221482,6.33360549316606,113.676378915465
151.31356856101,6.51532407431553,113.673962552804
151.307146761054,6.69703507712111,113.671546190142
151.300506826382,6.87873823978249,113.669129827481
151.293648768737,7.06043330053486,113.66671346482
151.286572600177,7.24211999760036,113.664297102159
151.279278333075,7.42379806925365,113.661880739497
151.271765980116,7.6054672537893,113.659464376836
151.2640355543,7.78712728949037,113.657048014175
151.256087068941,7.96877791469336,113.654631651513
151.247920537667,8.15041886772357,113.652215288852
151.239535974418,8.3320498869768,113.649798926191
151.230933393451,8.51367071082239,113.64738256353
151.222112809332,8.69528107768453,113.644966200868
151.213074236946,8.87688072599409,113.642549838207
151.203817691489,9.05846939418913,113.640133475546
151.19434318847,9.24004682077988,113.637717112885
151.184650743712,9.42161274426816,113.635300750223
151.174740373353,9.60316690316408,113.632884387562
151.164612093842,9.78470903605097,113.630468024901
151.154265921945,9.96623888147264,113.62805166224
151.143701874737,10.1477561780632,113.625635299578
151.13291996961,10.3292606644502,113.623218936917
151.121920224268,10.5107520792876,113.620802574256
151.110702656727,10.6922301612557,113.618386211594
151.09926728532,10.8736946490623,113.615969848933
151.087614128689,11.0551452814584,113.613553486272
151.075743205792,11.2365817972066,113.611137123611
151.063654535899,11.4180039350818,113.608720760949
151.051348138592,11.5994114339355,113.606304398288
151.038824033767,11.7808040326163,113.603888035627
151.026082241634,11.9621814700014,113.601471672966
151.013122782717,12.1435434849822,113.599055310304
150.999945677849,12.324889816528,113.596638947643
150.986550948178,12.5062202035903,113.594222584982
150.972938615166,12.6875343851838,113.591806222321
150.959108700585,12.8688321003379,113.589389859659
150.945061226522,13.0501130881137,113.586973496998
150.930796215377,13.2313770876043,113.584557134337
150.916313689859,13.4126238379672,113.582140771675
150.901613672995,13.5938530783117,113.579724409014
150.886696188121,13.7750645478773,113.577308046353
150.871561258883,13.9562579858882,113.574891683692
150.856208909249,14.1374331315702,113.57247532103
150.840639163486,14.3185897242639,113.570058958369
150.824852046185,14.4997275032799,113.567642595708
150.808847582242,14.6808462079798,113.565226233047
150.792625796871,14.8619455777606,113.562809870385
150.776186715592,15.0430253520707,113.560393507724
150.759530364241,15.2240852703788,113.557977145063
150.742656768966,15.4051250721896,113.555560782402
150.725565956226,15.5861444970449,113.55314441974
150.708257952792,15.7671432845396,113.550728057079
150.690732785746,15.9481211742898,113.548311694418
150.672990482485,16.1290779059499,113.545895331756
150.655031070714,16.3100132192121,113.543478969095
150.636854578452,16.4909268538237,113.541062606434
150.61846103403,16.6718185495545,113.538646243773
150.59985046609,16.852688046198,113.536229881111
150.581022903584,17.0335350836354,113.53381351845
150.561978375778,17.2143594017398,113.531397155789
150.542716912248,17.3951607404571,113.528980793128
150.523238542882,17.5759388397578,113.526564430466
150.503543297879,17.7566934396538,113.524148067805
150.483631207751,17.9374242801984,113.521731705144
150.463502303317,18.1181311015031,113.519315342483
150.443156615713,18.2988136436896,113.516898979821
150.42259417638,18.4794716469705,113.51448261716
150.401815017074,18.6601048515532,113.512066254499
150.38081916986,18.8407129977206,113.509649891837
150.359606667118,19.0212958257678,113.507233529176
150.338177541534,19.2018530760656,113.504817166515
150.316531826107,19.3823844890138,113.502400803854
150.294669554144,19.5628898050729,113.499984441192
150.272590759269,19.7433687647168,113.497568078531
150.250295475408,19.9238211085131,113.49515171587
150.227783736806,20.1042465770114,113.492735353209
150.205055578013,20.2846449108718,113.490318990547
150.182111033892,20.4650158507531,113.487902627886
150.158950139614,20.6453591373934,113.485486265225
150.135572930663,20.8256745115623,113.483069902564
150.111979442832,21.0059617140774,113.480653539902
150.088169712222,21.1862204858203,113.478237177241
150.064143775249,21.3664505676896,113.47582081458
150.039901668632,21.5466517006808,113.473404451918
150.01544342941,21.7268236257746,113.470988089257
149.990769094921,21.9069660840658,113.468571726596
149.965878702821,22.0870788166511,113.466155363935
149.940772291068,22.267161564726,113.463739001273
149.91544989794,22.4472140694724,113.461322638612
149.889911562017,22.6272360721718,113.458906275951
149.864157322188,22.8072273141572,113.45648991329
149.838187217655,22.9871875367978,113.454073550628
149.812001287928,23.1671164815148,113.451657187967
149.785599572828,23.3470138897825,113.449240825306
149.758982112483,23.5268795031278,113.446824462645
149.732148947329,23.7067130631477,113.444408099983
149.705100118115,23.8865143114764,113.441991737322
149.677835665896,24.0662829898029,113.439575374661
149.650355632038,24.2460188398702,113.437159011999
149.622660058214,24.4257216034928,113.434742649338
149.594748986408,24.605391022508,113.432326286677
149.566622458908,24.7850268388571,113.429909924016
149.538280518319,24.9646287944733,113.427493561354
149.509723207543,25.1441966314264,113.425077198693
149.480950569805,25.3237300917468,113.422660836032
149.451962648623,25.503228917618,113.420244473371
149.422759487834,25.6826928512173,113.417828110709
149.393341131581,25.8621216347955,113.415411748048
149.363707624311,26.0415150106781,113.412995385387
149.333859010785,26.2208727212329,113.410579022726
149.303795336071,26.4001945088707,113.408162660064
149.273516645539,26.5794801161099,113.405746297403
149.243022984875,26.7587292854803,113.403329934742
149.212314400065,26.9379417596042,113.40091357208
149.181390937409,27.1171172811478,113.398497209419
149.150252643511,27.2962555928388,113.396080846758
149.118899565283,27.4753564374815,113.393664484097
149.087331749949,27.6544195579102,113.391248121435
149.055549245033,27.8334446970528,113.388831758774
149.023552098371,28.0124315978837,113.386415396113
148.991340358106,28.1913800034399,113.383999033452
148.958914072684,28.3702896568373,113.38158267079
148.926273290865,28.5491603012235,113.379166308129
148.89341806171,28.7279916798417,113.376749945468
148.860348434587,28.906783535999,113.374333582807
148.827064459176,29.0855356130354,113.371917220145
148.793566185458,29.2642476543874,113.369500857484
148.759853663726,29.442919403525,113.367084494823
148.725926944572,29.6215506040316,113.364668132161
148.691786078906,29.8001409994928,113.3622517695
148.657431117931,29.9786903336241,113.359835406839
148.62286211316,30.1571983501921,113.357419044178
148.588079116422,30.3356647929823,113.355002681516
148.553082179842,30.5140894058955,113.352586318855
148.517871355854,30.6924719328845,113.350169956194
148.482446697193,30.870812118002,113.347753593533
148.446808256914,31.0491097052895,113.345337230871
148.410956088356,31.227364438969,113.34292086821
148.374890245185,31.4055760632203,113.340504505549
148.338610781359,31.5837443223721,113.338088142888
148.302117751145,31.7618689607915,113.335671780226
148.265411209118,31.939949722916,113.333255417565
148.228491210156,32.1179863532536,113.330839054904
148.191357809443,32.2959785963835,113.328422692242
148.154011062464,32.473926196972,113.326006329581
148.116451025015,32.6518288997417,113.32358996692
148.078677753193,32.8296864494868,113.321173604259
148.040691303403,33.0074985910746,113.318757241597
148.002491732349,33.1852650694606,113.316340878936
147.964079097044,33.3629856296581,113.313924516275
147.925453454809,33.5406600167379,113.311508153614
147.886614863259,33.7182879758925,113.309091790952
147.847563380324,33.8958692523411,113.306675428291
147.808299064229,34.073403591409,113.30425906563
147.76882197351,34.2508907384812,113.301842702969
147.729132167004,34.4283304390179,113.299426340307
147.689229703854,34.605722438555,113.297009977646
147.649114643506,34.7830664827046,113.294593614985
147.608787045701,34.9603623171869,113.292177252323
147.568246970501,35.1376096877359,113.289760889662
147.527494478255,35.3148083402257,113.287344527001
147.486529629627,35.4919580205609,113.28492816434
147.445352485576,35.6690584747556,113.282511801678
147.403963107372,35.8461094488703,113.280095439017
147.362361556578,36.023110689092,113.277679076356
147.32054789507,36.200061941639,113.275262713695
147.278522185019,36.3769629528408,113.272846351033
147.236284488907,36.553813469075,113.270429988372
147.193834869512,36.7306132368308,113.268013625711
147.151173389913,36.9073620026779,113.26559726305
147.1083001135,37.0840595132353,113.263180900388
147.06521510396,37.2607055152191,113.260764537727
147.021918425277,37.4372997554583,113.258348175066
146.97841014175,37.6138419808007,113.255931812404
146.934690317967,37.7903319382397,113.253515449743
146.890759018823,37.9667693748195,113.251099087082
146.846616309521,38.1431540376517,113.248682724421
146.802262255557,38.3194856739628,113.246266361759
146.757696922732,38.4957640310471,113.243849999098
146.712920377146,38.6719888562988,113.241433636437
146.667932685206,38.8481598971651,113.239017273776
146.622733913614,39.0242769012092,113.236600911114
146.577324129377,39.2003396160642,113.234184548453
146.531703399798,39.3763477894638,113.231768185792
146.485871792491,39.5523011691966,113.229351823131
146.43982937536,39.7281995031687,113.226935460469
146.393576216616,39.904042539357,113.224519097808
146.347112384769,40.0798300258254,113.222102735147
146.300437948631,40.2555617107251,113.219686372485
146.253552977309,40.4312373423104,113.217270009824
146.206457540214,40.6068566689084,113.214853647163
146.159151707059,40.7824194389341,113.212437284502
146.111635547856,40.9579254008914,113.21002092184
146.063909132912,41.133374303389,113.207604559179
146.015972532843,41.3087658950937,113.205188196518
145.967825818556,41.4840999247932,113.202771833857
145.919469061257,41.6593761413656,113.200355471195
145.870902332462,41.8345942937479,113.197939108534
145.822125703979,42.0097541309841,113.195522745873
145.773139247912,42.1848554022245,113.193106383212
145.723943036666,42.3598978567111,113.19069002055
145.674537142956,42.5348812437314,113.188273657889
145.624921639779,42.709805312727,113.185857295228
145.575096600438,42.8846698132012,113.183440932566
145.525062098537,43.0594744947505,113.181024569905
145.474818207982,43.2342191070489,113.178608207244
145.424365002959,43.4089033999263,113.176191844583
145.373702557979,43.5835271232135,113.173775481921
145.322830947825,43.7580900269289,113.17135911926
145.271750247601,43.9325918611081,113.168942756599
145.220460532687,44.1070323759438,113.166526393938
145.16896187878,44.2814113216776,113.164110031276
145.117254361862,44.4557284486779,113.161693668615
145.065338058217,44.629983507394,113.159277305954
145.013213044433,44.804176248356,113.156860943293
144.960879397374,44.978306422253,113.154444580631
144.908337194232,45.1523737797782,113.15202821797
144.855586512465,45.3263780718156,113.149611855309
144.802627429854,45.5003190492695,113.147195492647
144.749460024456,45.6741964632044,113.144779129986
144.69608437464,45.8480100647372,113.142362767325
144.642500559065,46.0217596050991,113.139946404664
144.58870865668,46.1954448356517,113.137530042002
144.534708746746,46.3690655077944,113.135113679341
144.480500908803,46.5426213730885,113.13269731668
144.4260852227,46.7161121831493,113.130280954019
144.371461768574,46.8895376897239,113.127864591357
144.31663062686,47.0628976446448,113.125448228696
144.261591878287,47.2361917998616,113.123031866035
144.20634560389,47.4094199073794,113.120615503374
144.150891884984,47.5825817193671,113.118199140712
144.095230803187,47.7556769880653,113.115782778051
144.039362440411,47.9287054658175,113.11336641539
143.983286878864,48.1016669050704,113.110950052728
143.927004201044,48.2745610583896,113.108533690067
143.870514489755,48.4473876784139,113.106117327406
143.813817828082,48.620146517917,113.103700964745
143.756914299408,48.7928373297774,113.101284602083
143.699803987422,48.9654598669324,113.098868239422
143.64248697609,49.138013882486,113.096451876761
143.584963349681,49.3104991296171,113.0940355141
143.527233192757,49.4829153616108,113.091619151438
143.469296590174,49.6552623318583,113.089202788777
143.411153627077,49.8275397938732,113.086786426116
143.352804388916,49.9997475012449,113.084370063455
143.29424896142,50.1718852077016,113.081953700793
143.235487430622,50.3439526670634,113.079537338132
143.176519882842,50.5159496332587,113.077120975471
143.117346404692,50.6878758603395,113.074704612809
143.057967083086,50.8597311024362,113.072288250148
142.998382005214,51.031515113834,113.069871887487
142.938591258576,51.203227648882,113.067455524826
142.878594930962,51.3748684620389,113.065039162164
142.818393110435,51.5464373079348,113.062622799503
142.757985885376,51.7179339412338,113.060206436842
142.697373344442,51.889358116757,113.057790074181
142.636555576581,52.0607095894364,113.055373711519
142.575532671045,52.2319881142852,113.052957348858
142.51430471737,52.4031934464438,113.050540986197
142.452871805374,52.5743253411952,113.048124623536
142.391234025188,52.7453835538741,113.045708260874
142.32939146721,52.9163678399893,113.043291898213
142.267344222144,53.0872779551321,113.040875535552
142.205092380993,53.2581136549771,113.03845917289
142.142636035022,53.4288746953892,113.036042810229
142.079975275805,53.5995608323017,113.033626447568
142.017110195218,53.7701718217321,113.031210084907
141.954040885403,53.9407074198742,113.028793722245
141.890767438805,54.1111673830063,113.026377359584
141.827289948156,54.2815514675224,113.023960996923
141.763608506482,54.4518594299329,113.021544634262
141.699723207089,54.6220910268795,113.0191282716
141.635634143587,54.7922460150904,113.016711908939
141.571341409861,54.9623241514411,113.014295546278
141.506845100093,55.1323251929094,113.011879183617
141.442145308747,55.3022488966061,113.009462820955
141.377242130588,55.4720950197297,113.007046458294
141.312135660658,55.6418633196274,113.004630095633
141.246825994294,55.8115535537503,113.002213732971
141.181313227126,55.9811654796532,112.99979737031
141.11559745505,56.1506988550711,112.997381007649
141.049678774284,56.3201534377678,112.994964644988
140.983557281299,56.4895289857183,112.992548282326
140.91723307288,56.6588252569575,112.990131919665
140.850706246089,56.8280420096561,112.987715557004
140.78397689828,56.9971790021062,112.985299194343
140.717045127084,57.1662359927363,112.982882831681
140.64991103043,57.3352127400819,112.98046646902
140.582574706531,57.5041090028005,112.978050106359
140.515036253886,57.6729245396723,112.975633743698
140.447295771277,57.8416591096152,112.973217381036
140.379353357778,58.0103124716556,112.970801018375
140.311209112756,58.1788843849282,112.968384655714
140.242863135843,58.3473746087367,112.965968293052
140.174315526978,58.5157829024639,112.963551930391
140.105566386381,58.6841090256323,112.96113556773
140.036615814549,58.8523527379044,112.958719205069
139.967463912266,59.0205137990678,112.956302842407
139.898110780612,59.1885919690056,112.953886479746
139.828556520949,59.3565870077422,112.951470117085
139.758801234923,59.5244986754278,112.949053754424
139.68884502445,59.6923267323694,112.946637391762
139.618687991761,59.8600709389411,112.944221029101
139.548330239341,60.027731055704,112.94180466644
139.477771869982,60.195306843302,112.939388303779
139.40701298674,60.3627980625517,112.936971941117
139.336053692981,60.5302044743384,112.934555578456
139.264894092343,60.6975258397058,112.932139215795
139.193534288726,60.8647619198712,112.929722853133
139.121974386349,61.0319124761069,112.927306490472
139.050214489694,61.1989772698591,112.924890127811
138.978254703531,61.3659560626896,112.92247376515
138.906095132916,61.5328486162902,112.920057402488
138.833735883186,61.6996546924832,112.917641039827
138.761177059957,61.8663740532372,112.915224677166
138.68841876913,62.0330064606366,112.912808314505
138.615461116898,62.1995516768831,112.910391951843
138.542304209711,62.3660094643696,112.907975589182
138.468948154338,62.5323795855323,112.905559226521
138.395393057799,62.698661803014,112.90314286386
138.321639027401,62.8648558795759,112.900726501198
138.247686170754,63.0309615780678,112.898310138537
138.173534595728,63.1969786615179,112.895893775876
138.099184410477,63.3629068930882,112.893477413214
138.024635723439,63.52874603606,112.891061050553
137.949888643337,63.6944958538495,112.888644687892
137.874943279173,63.8601561100079,112.886228325231
137.799799740228,64.0257265682214,112.883811962569
137.724458136061,64.191206992327,112.881395599908
137.64891857652,64.3565971462678,112.878979237247
137.573181171717,64.5218967941676,112.876562874586
137.497246032061,64.6871057002425,112.874146511924
137.421113268237,64.8522236288605,112.871730149263
137.344782991201,65.0172503445414,112.869313786602
137.268255312202,65.1821856119133,112.866897423941
137.191530342749,65.3470291957863,112.864481061279
137.11460819465,65.5117808610647,112.862064698618
137.037488979978,65.6764403728207,112.859648335957
136.960172811099,65.8410074962365,112.857231973295
136.882659800644,66.0054819966621,112.854815610634
136.804950061528,66.1698636395734,112.852399247973
136.727043706939,66.3341521906,112.849982885312
136.648940850356,66.498347415483,112.84756652265
136.57064160553,66.6624490801186,112.845150159989
136.492146086474,66.826456950573,112.842733797328
136.413454407502,66.99037079301,112.840317434667
136.334566683195,67.1541903737496,112.837901072005
136.255483028408,67.3179154592679,112.835484709344
136.176203558283,67.4815458161545,112.833068346683
136.096728388222,67.6450812111851,112.830651984022
136.017057633922,67.8085214112344,112.82823562136
135.93719141135,67.9718661833352,112.825819258699
135.857129836749,68.1351152946636,112.823402896038
135.776873026625,68.2982685125686,112.820986533376
135.696421097781,68.4613256045,112.818570170715
135.615774167287,68.6242863380663,112.816153808054
135.534932352492,68.7871504810212,112.813737445393
135.453895771009,68.9499178012777,112.811321082731
135.372664540736,69.1125880668801,112.80890472007
135.291238779846,69.2751610460183,112.806488357409
135.209618606787,69.4376365070284,112.804071994748
135.127804140272,69.6000142184074,112.801655632086
135.045795499307,69.7622939487703,112.799239269425
134.963592803154,69.9244754669078,112.796822906764
134.881196171352,70.0865585417582,112.794406544103
134.798605723725,70.2485429423788,112.791990181441
134.715821580368,70.4104284379892,112.78957381878
134.632843861639,70.5722147979718,112.787157456119
134.549672688178,70.7339017918436,112.784741093457
134.466308180889,70.8954891892847,112.782324730796
134.382750460975,71.0569767600815,112.779908368135
134.298999649878,71.2183642742277,112.777492005474
134.21505586933,71.3796515018381,112.775075642812
134.130919241326,71.5408382131924,112.772659280151
134.046589888159,71.7019241786776,112.77024291749
133.962067932368,71.862909168875,112.767826554829
133.877353496759,72.0237929545314,112.765410192167
133.792446704438,72.1845753064878,112.762993829506
133.70734767876,72.3452559957802,112.760577466845
133.622056543361,72.5058347935826,112.758161104184
133.536573422138,72.6663114712358,112.755744741522
133.450898439267,72.826685800219,112.753328378861
133.365031719204,72.9869575521508,112.7509120162
133.278973386659,73.1471264988313,112.748495653538
133.192723566611,73.3071924122149,112.746079290877
133.106282384328,73.4671550643815,112.743662928216
133.019649965329,73.6270142275939,112.741246565555
132.932826435412,73.7867696742557,112.738830202893
132.845811920646,73.9464211769252,112.736413840232
132.758606547367,74.1059685083165,112.733997477571
132.671210442173,74.2654114413136,112.73158111491
132.58362373194,74.4247497489423,112.729164752248
132.495846543821,74.5839832043706,112.726748389587
132.40787900521,74.7431115809658,112.724332026926
132.319721243798,74.9021346522097,112.721915664264
132.231373387534,75.0610521917556,112.719499301603
132.142835564619,75.2198639734427,112.717082938942
132.054107903555,75.3785697712116,112.714666576281
131.965190533085,75.5371693592037,112.712250213619
131.876083582223,75.6956625117189,112.709833850958
131.786787180256,75.854049003202,112.707417488297
131.697301456745,76.0123286082427,112.705001125636
131.607626541505,76.1705011016187,112.702584762974
131.517762564624,76.3285662582533,112.700168400313
131.427709656447,76.4865238532443,112.697752037652
131.337467947595,76.6443736618354,112.695335674991
131.247037568963,76.8021154594176,112.692919312329
131.156418651696,76.9597490215709,112.690502949668
131.065611327203,77.1172741240366,112.688086587007
130.974615727176,77.2746905426897,112.685670224345
130.883431983556,77.4319980535956,112.683253861684
130.792060228565,77.5891964329538,112.680837499023
130.700500594665,77.7462854571683,112.678421136362
130.608753214607,77.9032649027645,112.6760047737
130.5168182214,78.0601345464448,112.673588411039
130.424695748307,78.2168941650892,112.671172048378
130.332385928863,78.3735435357279,112.668755685717
130.23988889687,78.5300824355551,112.666339323055
130.147204786389,78.6865106419296,112.663922960394
130.054333731741,78.8428279323889,112.661506597733
129.961275867522,78.999034084608,112.659090235072
129.86803132857,79.155128876469,112.65667387241
129.774600250016,79.3111120859642,112.654257509749
129.680982767223,79.4669834913074,112.651841147088
129.58717901584,79.6227428708375,112.649424784426
129.49318913176,79.7783900030874,112.647008421765
129.39901325115,79.9339246667436,112.644592059104
129.304651510436,80.0893466406596,112.642175696443
129.210104046296,80.2446557038706,112.639759333781
129.11537099569,80.3998516355518,112.63734297112
129.02045249582,80.5549342150746,112.634926608459
128.925348684166,80.7099032219511,112.632510245798
128.830059698442,80.8647584359038,112.630093883136
128.734585676642,81.0194996367966,112.627677520475
128.638926757036,81.1741266046356,112.625261157814
128.543083078111,81.3286391196653,112.622844795153
128.447054778658,81.4830369622316,112.620428432491
128.350841997692,81.6373199129056,112.61801206983
128.254444874514,81.7914877523882,112.615595707169
128.157863548667,81.9455402615784,112.613179344507
128.061098159969,82.0994772215195,112.610762981846
127.964148848473,82.2532984134669,112.608346619185
127.867015754523,82.4070036187938,112.605930256524
127.769699018689,82.5605926190999,112.603513893862
127.672198781815,82.7140651961303,112.601097531201
127.574515185012,82.8674211317891,112.59868116854
127.476648369623,83.0206602081947,112.596264805879
127.378598477273,83.1737822075978,112.593848443217
127.280365649839,83.3267869124365,112.591432080556
127.181950029451,83.479674105323,112.589015717895
127.083351758481,83.632443569071,112.586599355234
126.984570979593,83.7850950866145,112.584182992572
126.88560783567,83.9376284411168,112.581766629911
126.786462469881,84.0900434158755,112.57935026725
126.687135025629,84.2423397943912,112.576933904588
126.587625646585,84.3945173603265,112.574517541927
126.487934476684,84.5465758975069,112.572101179266
126.388061660089,84.6985151899745,112.569684816605
126.288007341236,84.8503350219216,112.567268453943
126.187771664825,85.0020351777035,112.564852091282
126.087354775802,85.1536154418669,112.562435728621
125.986756819349,85.3050755991628,112.56001936596
125.88597794092,85.4564154344931,112.557603003298
125.785018286243,85.6076347329111,112.555186640637
125.683878001261,85.7587332797026,112.552770277976
125.582557232181,85.9097108603187,112.550353915315
125.481056125491,86.0605672603492,112.547937552653
125.379374827904,86.2113022656037,112.545521189992
125.277513486387,86.3619156620716,112.543104827331
125.175472248168,86.5124072359088,112.540688464669
125.073251260736,86.662776773438,112.538272102008
124.970850671816,86.8130240611897,112.535855739347
124.868270629382,86.9631488858749,112.533439376686
124.765511281682,87.1131510343593,112.531023014024
124.662572777194,87.2630302937166,112.528606651363
124.559455264658,87.4127864511892,112.526190288702
124.456158893065,87.5624192942015,112.523773926041
124.352683811657,87.7119286103601,112.521357563379
124.249030169917,87.8613141874679,112.518941200718
124.145198117597,88.010575813484,112.516524838057
124.041187804681,88.1597132765773,112.514108475396
123.936999381413,88.3087263650872,112.511692112734
123.832632998276,88.4576148675498,112.509275750073
123.728088806022,88.6063785726594,112.506859387412
123.623366955643,88.7550172693074,112.50444302475
123.518467598361,88.9035307465969,112.502026662089
123.413390885686,89.0519187937629,112.499610299428
123.308136969337,89.2001812002785,112.497193936767
123.2027060013,89.348317755776,112.494777574105
123.097098133821,89.4963282500606,112.492361211444
122.991313519373,89.64421247315,112.489944848783
122.885352310687,89.791970215235,112.487528486122
122.779214660741,89.9396012666933,112.48511212346
122.672900722753,90.087105418103,112.482695760799
122.566410650203,90.2344824602029,112.480279398138
122.459744596792,90.3817321839591,112.477863035477
122.352902716506,90.528854380473,112.475446672815
122.245885163537,90.6758488410868,112.473030310154
122.138692092355,90.8227153572917,112.470613947493
122.031323657654,90.9694537207941,112.468197584831
121.923780014383,91.1160637234763,112.46578122217
121.816061317748,91.2625451573968,112.463364859509
121.708167723161,91.4088978148562,112.460948496848
121.600099386336,91.5551214882664,112.458532134186
121.491856463175,91.7012159703082,112.456115771525
121.383439109872,91.8471810537875,112.453699408864
121.274847482836,91.9930165317401,112.451283046203
121.16608173872,92.138722197393,112.448866683541
121.057142034452,92.2842978441254,112.44645032088
120.948028527151,92.4297432655732,112.444033958219
120.838741374221,92.5750582555122,112.441617595558
120.7292807333,92.7202426079237,112.439201232896
120.619646762276,92.8652961169684,112.436784870235
120.509839619242,93.0102185770513,112.434368507574
120.399859462583,93.1550097827062,112.431952144912
120.289706450895,93.2996695286989,112.429535782251
120.179380743026,93.4441976099759,112.42711941959
120.068882498067,93.5885938216777,112.424703056929
119.95821187534,93.7328579591519,112.422286694267
119.847369034426,93.8769898179146,112.419870331606
119.73635413513,94.0209891937029,112.417453968945
119.625167337495,94.1648558824483,112.415037606284
119.513808801838,94.3085896802398,112.412621243622
119.402278688671,94.4521903834129,112.410204880961
119.290577158771,94.5956577884735,112.4077885183
119.178704373152,94.7389916921236,112.405372155639
119.066660493078,94.8821918912491,112.402955792977
118.954445680022,95.0252581829707,112.400539430316
118.842060095727,95.1681903645681,112.398123067655
118.729503902153,95.3109882335435,112.395706704993
118.61677726151,95.4536515875842,112.393290342332
118.503880336246,95.5961802245752,112.390873979671
118.390813289046,95.7385739425997,112.38845761701
118.277576282835,95.8808325399395,112.386041254348
118.164169480763,96.0229558150874,112.383624891687
118.050593046228,96.1649435667227,112.381208529026
117.936847142866,96.3067955937241,112.378792166365
117.822931934549,96.4485116951696,112.376375803703
117.708847585375,96.5900916703498,112.373959441042
117.594594259701,96.7315353187299,112.371543078381
117.480172122096,96.8728424400009,112.36912671572
117.365581337379,97.0140128340418,112.366710353058
117.25082207059,97.1550463009451,112.364293990397
117.135894487038,97.2959426409666,112.361877627736
117.020798752216,97.4367016546265,112.359461265074
116.905535031902,97.577323142584,112.357044902413
116.790103492077,97.717806905738,112.354628539752
116.674504298968,97.8581527451769,112.352212177091
116.558737619026,97.9983604622044,112.349795814429
116.442803618956,98.1384298583019,112.347379451768
116.326702465675,98.2783607351788,112.344963089107
116.210434326344,98.4181528947357,112.342546726446
116.093999368358,98.5578061390766,112.340130363784
115.977397759334,98.6973202705218,112.337714001123
115.860629667143,98.8366950915712,112.335297638462
115.743695259865,98.9759304049538,112.332881275801
115.626594705826,99.1150260135909,112.330464913139
115.509328173592,99.2539817205965,112.328048550478
115.391895831919,99.3927973293394,112.325632187817
115.274297849847,99.5314726433321,112.323215825155
115.156534396616,99.6700074663298,112.320799462494
115.038605641718,99.8084016022695,112.318383099833
114.920511754841,99.946654855331,112.315966737172
114.80225290594,100.084767029864,112.31355037451
114.683829265186,100.222737930438,112.311134011849
114.565241002958,100.360567361854,112.308717649188
114.446488289911,100.498255129069,112.306301286527
114.327571296892,100.635801037289,112.303884923865
114.208490194982,100.773204891924,112.301468561204
114.089245155509,100.910466498569,112.299052198543
113.969836350009,101.047585663053,112.296635835882
113.850263950269,101.184562191389,112.29421947322
113.73052812827,101.321395889833,112.291803110559
113.610629056252,101.458086564818,112.289386747898
113.490566906665,101.594634023007,112.286970385236
113.370341852204,101.731038071252,112.284554022575
113.249954065772,101.867298516637,112.282137659914
113.129403720507,102.003415166444,112.279721297253
113.008690989764,102.139387828179,112.277304934591
112.887816047158,102.275216309523,112.27488857193
112.766779066473,102.410900418427,112.272472209269
112.645580221775,102.546439962994,112.270055846608
112.524219687312,102.681834751586,112.267639483946
112.402697637599,102.817084592731,112.265223121285
112.281014247334,102.952189295214,112.262806758624
112.15916969146,103.087148668011,112.260390395963
112.037164145157,103.221962520299,112.257974033301
111.914997783795,103.356630661501,112.25555767064
111.792670783013,103.491152901208,112.253141307979
111.670183318628,103.625529049272,112.250724945317
111.547535566704,103.759758915734,112.248308582656
111.424727703537,103.893842310837,112.245892219995
111.301759905616,104.027779045075,112.243475857334
111.178632349693,104.161568929109,112.241059494672
111.055345212701,104.295211773861,112.238643132011
110.931898671827,104.428707390434,112.23622676935
110.808292904446,104.56205559018,112.233810406689
110.6845280882,104.695256184622,112.231394044027
110.560604400919,104.828308985531,112.228977681366
110.436522020663,104.961213804885,112.226561318705
110.312281125694,105.093970454901,112.224144956044
110.187881894547,105.226578747953,112.221728593382
110.063324505911,105.359038496703,112.219312230721
109.938609138741,105.491349513984,112.21689586806
109.813735972199,105.623511612857,112.214479505398
109.688705185667,105.7555246066,112.212063142737
109.563516958723,105.887388308734,112.209646780076
109.438171471211,106.019102532951,112.207230417415
109.312668903157,106.150667093195,112.204814054753
109.187009434806,106.28208180363,112.202397692092
109.061193246657,106.413346478604,112.199981329431
108.935220519368,106.544460932742,112.19756496677
108.809091433871,106.675424980829,112.195148604108
108.682806171271,106.806238437919,112.192732241447
108.556364912937,106.936901119237,112.190315878786
108.429767840405,107.067412840276,112.187899516125
108.303015135454,107.197773416724,112.185483153463
108.176106980088,107.327982664482,112.183066790802
108.049043556495,107.458040399703,112.180650428141
107.921825047122,107.587946438716,112.178234065479
107.794451634588,107.717700598119,112.175817702818
107.666923501748,107.847302694706,112.173401340157
107.539240831684,107.976752545485,112.170984977496
107.411403807669,108.106049967705,112.168568614834
107.283412613204,108.23519477883,112.166152252173
107.15526743199,108.364186796554,112.163735889512
107.026968447966,108.493025838775,112.161319526851
106.898515845261,108.621711723635,112.158903164189
106.769909808228,108.750244269487,112.156486801528
106.641150521446,108.878623294898,112.154070438867
106.51223816966,109.006848618705,112.151654076206
106.383172937896,109.134920059899,112.149237713544
106.253955011334,109.262837437752,112.146821350883
106.124584575379,109.390600571752,112.144404988222
105.995061815681,109.518209281576,112.14198862556
105.865386918068,109.64566338716,112.139572262899
105.735560068576,109.772962708665,112.137155900238
105.605581453478,109.900107066457,112.134739537577
105.475451259221,110.02709628116,112.132323174915
105.345169672509,110.15393017358,112.129906812254
105.214736880222,110.280608564781,112.127490449593
105.084153069447,110.407131276057,112.125074086932
104.953418427506,110.533498128905,112.12265772427
104.822533141895,110.65970894508,112.120241361609
104.691497400365,110.785763546525,112.117824998948
104.56031139084,110.911661755438,112.115408636287
104.428975301463,111.037403394239,112.112992273625
104.297489320565,111.162988285596,112.110575910964
104.165853636728,111.288416252359,112.108159548303
104.034068438719,111.413687117633,112.105743185641
103.90213391549,111.53880070477,112.10332682298
103.770050256234,111.663756837319,112.100910460319
103.637817650326,111.788555339082,112.098494097658
103.505436287372,111.913196034067,112.096077734996
103.372906357162,112.037678746533,112.093661372335
103.2402280497,112.162003300961,112.091245009674
103.107401555197,112.286169522057,112.088828647013
102.974427064059,112.410177234775,112.086412284351
102.841304766919,112.534026264272,112.08399592169
102.708034854579,112.657716435972,112.081579559029
102.574617518092,112.781247575485,112.079163196368
102.441052948682,112.904619508686,112.076746833706
102.307341337773,113.027832061683,112.074330471045
102.173482877021,113.15088506079,112.071914108384
102.039477758256,113.273778332578,112.069497745722
101.905326173528,113.39651170384,112.067081383061
101.771028315085,113.519085001599,112.0646650204
101.636584375381,113.641498053112,112.062248657739
101.501994547059,113.763750685882,112.059832295077
101.367259022973,113.885842727631,112.057415932416
101.232377996196,114.007774006306,112.054999569755
101.09735165996,114.129544350119,112.052583207094
100.962180207751,114.251153587473,112.050166844432
100.826863833205,114.372601547049,112.047750481771
100.691402730182,114.493888057741,112.04533411911
100.555797092744,114.615012948676,112.042917756449
100.420047115164,114.735976049207,112.040501393787
100.284152991877,114.856777188954,112.038085031126
100.148114917556,114.977416197739,112.035668668465
100.011933087045,115.097892905643,112.033252305803
99.8756076954033,115.21820714297,112.030835943142
99.7391389378972,115.338358740251,112.028419580481
99.6025270099557,115.458347528284,112.02600321782
99.4657721072424,115.578173338074,112.023586855158
99.3288744256058,115.69783600087,112.021170492497
99.1918341610795,115.81733534817,112.018754129836
99.0546515099062,115.936671211701,112.016337767175
98.9173266685252,116.055843423424,112.013921404513
98.7798598335597,116.174851815549,112.011505041852
98.6422512018664,116.293696220493,112.009088679191
98.5045009704352,116.412376470965,112.00667231653
98.3666093365139,116.530892399857,112.004255953868
98.2285764975081,116.649243840332,112.001839591207
98.0904026510184,116.767430625793,111.999423228546
97.9520879948647,116.885452589861,111.997006865884
97.8136327270487,117.003309566404,111.994590503223
97.6750370457537,117.121001389544,111.992174140562
97.5363011493692,117.238527893628,111.989757777901
97.3974252364781,117.355888913247,111.987341415239
97.2584095058439,117.473084283239,111.984925052578
97.119254156448,117.590113838664,111.982508689917
96.9799593874394,117.706977414842,111.980092327256
96.840525398184,117.823674847315,111.977675964594
96.7009523882024,117.940205971894,111.975259601933
96.5612405572446,118.056570624602,111.972843239272
96.421390105239,118.172768641715,111.970426876611
96.2814012322928,118.288799859758,111.968010513949
96.1412741387165,118.40466411549,111.965594151288
96.0010090250109,118.520361245912,111.963177788627
95.8606060918673,118.635891088267,111.960761425965
95.7200655401668,118.751253480039,111.958345063304
95.5793875709674,118.866448258967,111.955928700643
95.4385723855415,118.981475263012,111.953512337982
95.297620185313,119.096334330409,111.95109597532
95.1565311719447,119.211025299595,111.948679612659
95.0153055472375,119.325548009292,111.946263249998
94.8739435132056,119.439902298446,111.943846887337
94.7324452720636,119.554088006236,111.941430524675
94.5908110261886,119.668104972105,111.939014162014
94.4490409781573,119.781953035732,111.936597799353
94.3071353307335,119.895632037041,111.934181436692
94.1650942868675,120.009141816198,111.93176507403
94.0229180496833,120.122482213628,111.929348711369
93.8806068225036,120.235653069989,111.926932348708
93.738160808837,120.348654226185,111.924515986046
93.5955802123776,120.461485523366,111.922099623385
93.4528652369913,120.574146802939,111.919683260724
93.3100160867554,120.686637906535,111.917266898063
93.167032965918,120.798958676043,111.914850535401
93.0239160788993,120.911108953609,111.91243417274
92.880665630303,121.023088581625,111.910017810079
92.7372818249423,121.134897402711,111.907601447418
92.593764867801,121.246535259742,111.905185084756
92.4501149640329,121.358001995854,111.902768722095
92.3063323189875,121.469297454418,111.900352359434
92.1624171382099,121.580421479045,111.897935996773
92.0183696273882,121.691373913621,111.895519634111
91.8741899924312,121.802154602254,111.89310327145
91.7298784394036,121.912763389319,111.890686908789
91.5854351745771,122.023200119418,111.888270546127
91.4408604043654,122.133464637436,111.885854183466
91.2961543354148,122.243556788463,111.883437820805
91.1513171745,122.353476417881,111.881021458144
91.0063491286147,122.463223371291,111.878605095482
90.8612504049063,122.572797494564,111.876188732821
90.7160212107148,122.682198633809,111.87377237016
90.5706617535589,122.79142663539,111.871356007499
90.4251722411368,122.900481345915,111.868939644837
90.2795528813246,123.009362612249,111.866523282176
90.1338038821637,123.118070281512,111.864106919515
89.9879254518866,123.22660420107,111.861690556854
89.8419177989166,123.334964218528,111.859274194192
89.6957811318147,123.443150181772,111.856857831531
89.5495156593585,123.551161938909,111.85444146887
89.4031215904889,123.658999338312,111.852025106208
89.2565991343102,123.766662228611,111.849608743547
89.109948500116,123.874150458681,111.847192380886
88.9631698973756,123.981463877648,111.844776018225
88.8162635357335,124.088602334894,111.842359655563
88.6692296249967,124.195565680059,111.839943292902
88.522068375173,124.302353763019,111.837526930241
88.3747799964187,124.408966433924,111.83511056758
88.2273646990769,124.515403543166,111.832694204918
88.0798226936655,124.621664941389,111.830277842257
87.9321541908622,124.727750479505,111.827861479596
87.7843594015581,124.833660008648,111.825445116935
87.6364385367504,124.939393380254,111.823028754273
87.4883918076763,125.044950445967,111.820612391612
87.3402194256914,125.150331057724,111.818196028951
87.191921602377,125.255535067679,111.815779666289
87.0434985494329,125.360562328276,111.813363303628
86.8949504787569,125.465412692199,111.810946940967
86.7462776024314,125.570086012376,111.808530578306
86.5974801326694,125.674582142021,111.806114215644
86.4485582819083,125.778900934563,111.803697852983
86.2995122627017,125.883042243727,111.801281490322
86.1503422878135,125.987005923465,111.798865127661
86.0010485701507,126.090791828005,111.796448764999
85.8516313228025,126.194399811822,111.794032402338
85.7020907590275,126.297829729648,111.791616039677
85.5524270922527,126.401081436471,111.789199677016
85.4026405360735,126.504154787538,111.786783314354
85.2527313042265,126.607049638369,111.784366951693
85.1026996106836,126.709765844699,111.781950589032
84.9525456695028,126.812303262573,111.77953422637
84.8022696949634,126.914661748259,111.777117863709
84.6518719014982,127.016841158293,111.774701501048
84.5013525036924,127.118841349476,111.772285138387
84.3507117163252,127.220662178851,111.769868775725
84.1999497543003,127.322303503747,111.767452413064
84.0490668327418,127.423765181715,111.765036050403
83.8980631668979,127.525047070592,111.762619687742
83.7469389721818,127.626149028477,111.76020332508
83.5956944641851,127.727070913715,111.757786962419
83.4443298586771,127.827812584905,111.755370599758
83.292845371564,127.928373900923,111.752954237097
83.1412412189291,128.028754720897,111.750537874435
82.9895176170056,128.128954904221,111.748121511774
82.8376747822168,128.228974310536,111.745705149113
82.6857129311355,128.328812799748,111.743288786451
82.5336322804689,128.428470232046,111.74087242379
82.3814330471417,128.527946467842,111.738456061129
82.2291154481852,128.627241367843,111.736039698468
82.0766797008335,128.726354792995,111.733623335806
81.924126022454,128.825286604521,111.731206973145
81.7714546306028,128.924036663887,111.728790610484
81.6186657429691,129.02260483284,111.726374247823
81.4657595774019,129.120990973388,111.723957885161
81.3127363519515,129.219194947777,111.7215415225
81.1595962847589,129.317216618558,111.719125159839
81.0063395942073,129.41505584849,111.716708797178
80.8529664987557,129.512712500652,111.714292434516
80.6994772170909,129.610186438338,111.711876071855
80.5458719680027,129.707477525142,111.709459709194
80.3921509704804,129.804585624895,111.707043346532
80.2383144436432,129.90151060171,111.704626983871
80.0843626067952,129.998252319944,111.70221062121
79.9302956793563,130.094810644245,111.699794258549
79.7761138809583,130.191185439492,111.697377895887
79.6218174313478,130.287376570852,111.694961533226
79.4674065504274,130.383383903757,111.692545170565
79.3128814582694,130.479207303896,111.690128807904
79.1582423751154,130.574846637214,111.687712445242
79.0034895213344,130.670301769936,111.685296082581
78.84862311745,130.765572568555,111.68287971992
78.693643384182,130.860658899802,111.680463357259
78.5385505423349,130.955560630717,111.678046994597
78.3833448129364,131.050277628562,111.675630631936
78.2280264171261,131.144809760891,111.673214269275
78.0725955762249,131.239156895509,111.670797906613
77.9170525116639,131.333318900508,111.668381543952
77.7613974450555,131.427295644234,111.665965181291
77.6056305981777,131.52108699529,111.66354881863
77.4497521929468,131.614692822551,111.661132455968
77.2937624514024,131.70811299518,111.658716093307
77.1376615957774,131.80134738258,111.656299730646
76.9814498484418,131.894395854428,111.653883367985
76.8251274319161,131.987258280673,111.651467005323
76.6686945688569,132.079934531534,111.649050642662
76.5121514820848,132.172424477494,111.646634280001
76.3554983945702,132.264727989303,111.64421791734
76.1987355294327,132.356844937977,111.641801554678
76.0418631099268,132.44877519481,111.639385192017
75.8848813594839,132.540518631349,111.636968829356
75.7277905016697,132.632075119416,111.634552466694
75.5705907601694,132.723444531119,111.632136104033
75.4132823588726,132.814626738802,111.629719741372
75.2558655217594,132.905621615112,111.627303378711
75.0983404730001,132.996429032938,111.624887016049
74.9407074368827,133.087048865457,111.622470653388
74.7829666378559,133.177480986108,111.620054290727
74.6251183005288,133.267725268589,111.617637928066
74.4671626496136,133.357781586895,111.615221565404
74.3090999100105,133.447649815264,111.612805202743
74.1509303067505,133.537329828216,111.610388840082
73.992654064995,133.626821500546,111.607972477421
73.8342714100646,133.716124707314,111.605556114759
73.6757825674234,133.805239323848,111.603139752098
73.5171877626796,133.894165225751,111.600723389437
73.3584872215849,133.982902288894,111.598307026775
73.1996811700194,134.071450389427,111.595890664114
73.0407698340352,134.159809403757,111.593474301453
72.8817534397835,134.247979208587,111.591057938792
72.7226322136151,134.335959680857,111.58864157613
72.5634063819651,134.423750697814,111.586225213469
72.4040761714533,134.511352136951,111.583808850808
72.244641808812,134.59876387605,111.581392488147
72.0851035209429,134.68598579315,111.578976125485
71.9254615348451,134.773017766585,111.576559762824
71.7657160777156,134.85985967493,111.574143400163
71.6058673768332,134.946511397066,111.571727037502
71.4459156596598,135.032972812123,111.56931067484
71.2858611537678,135.119243799519,111.566894312179
71.1257040868824,135.205324238937,111.564477949518
70.9654446868677,135.291214010335,111.562061586856
70.8050831817402,135.376912993937,111.559645224195
70.6446197995968,135.46242107027,111.557228861534
70.4840547687583,135.54773812009,111.554812498873
70.3233883175959,135.632864024472,111.552396136211
70.1626206746906,135.717798664729,111.54997977355
70.0017520687159,135.80254192247,111.547563410889
69.8407827284816,135.887093679579,111.545147048228
69.6797128829628,135.971453818198,111.542730685566
69.5185427612551,136.055622220754,111.540314322905
69.3572725925751,136.139598769955,111.537897960244
69.1959026062887,136.223383348776,111.535481597583
69.034433031882,136.306975840477,111.533065234921
68.8728640990187,136.39037612857,111.53064887226
68.7111960374385,136.473584096871,111.528232509599
68.5494290770581,136.556599629451,111.525816146937
68.3875634478837,136.63942261068,111.523399784276
68.2255993801129,136.722052925173,111.520983421615
68.0635371040319,136.804490457843,111.518567058954
67.9013768500593,136.886735093881,111.516150696292
67.7391188487746,136.968786718739,111.513734333631
67.5767633308598,137.050645218161,111.51131797097
67.4143105271576,137.132310478151,111.508901608309
67.2517606685972,137.213782385015,111.506485245647
67.0891139862825,137.295060825312,111.504068882986
66.9263707114332,137.376145685886,111.501652520325
66.7635310753838,137.457036853867,111.499236157664
66.6005953096284,137.537734216647,111.496819795002
66.4375636457601,137.61823766191,111.494403432341
66.2744363155015,137.698547077617,111.49198706968
66.1112135507476,137.778662351987,111.489570707018
65.947895583463,137.858583373547,111.487154344357
65.7844826457695,137.938310031084,111.484737981696
65.6209749699309,138.017842213661,111.482321619035
65.4573727883093,138.097179810629,111.479905256373
65.2936763334082,138.176322711615,111.477488893712
65.1298858378428,138.255270806529,111.475072531051
64.9660015343987,138.33402398554,111.47265616839
64.8020236559139,138.412582139132,111.470239805728
64.6379524354253,138.490945158031,111.467823443067
64.4737881060514,138.569112933266,111.465407080406
64.3095309010348,138.647085356143,111.462990717745
64.1451810537875,138.72486231823,111.460574355083
63.9807387977864,138.8024437114,111.458157992422
63.8162043666617,138.879829427793,111.455741629761
63.6515779941673,138.957019359828,111.453325267099
63.4868599141951,139.034013400201,111.450908904438
63.3220503607153,139.110811441904,111.448492541777
63.1571495678652,139.187413378193,111.446076179116
62.9921577698892,139.263819102609,111.443659816454
62.8270752011391,139.340028508982,111.441243453793
62.6619020961026,139.416041491417,111.438827091132
62.4966386893891,139.491857944297,111.436410728471
62.3312852157132,139.567477762296,111.433994365809
62.1658419099554,139.642900840347,111.431578003148
62.0003090070563,139.718127073693,111.429161640487
61.8346867421063,139.793156357845,111.426745277826
61.6689753503154,139.867988588595,111.424328915164
61.5031750670121,139.942623662018,111.421912552503
61.3372861276447,140.017061474468,111.419496189842
61.171308767779,140.091301922586,111.41707982718
61.0052432230845,140.165344903298,111.414663464519
60.8390897293634,140.239190313807,111.412247101858
60.6728485225502,140.312838051593,111.409830739197
60.5065198386515,140.386288014438,111.407414376535
60.3401039138357,140.459540100385,111.404998013874
60.1736009843725,140.532594207769,111.402581651213
60.0070112866331,140.605450235215,111.400165288552
59.8403350571339,140.678108081615,111.39774892589
59.6735725324619,140.750567646167,111.395332563229
59.5067239493792,140.822828828325,111.392916200568
59.3397895447027,140.894891527853,111.390499837907
59.1727695553935,140.966755644786,111.388083475245
59.0056642185418,141.038421079435,111.385667112584
58.8384737713365,141.109887732404,111.383250749923
58.6711984510498,141.181155504591,111.380834387261
58.5038384951119,141.252224297161,111.3784180246
58.336394141051,141.323094011569,111.376001661939
58.1688656264919,141.393764549561,111.373585299278
58.0012531892022,141.464235813155,111.371168936616
57.8335570670307,141.534507704666,111.368752573955
57.6657774979525,141.604580126689,111.366336211294
57.4979147200537,141.674452982101,111.363919848633
57.3299689715161,141.744126174074,111.361503485971
57.1619404906617,141.81359960605,111.35908712331
56.9938295159077,141.882873181763,111.356670760649
56.8256362857502,141.951946805247,111.354254397988
56.6573610388554,142.020820380793,111.351838035326
56.4890040139377,142.089493813007,111.349421672665
56.3205654498655,142.157967006759,111.347005310004
56.1520455856004,142.226239867211,111.344588947342
55.9834446601813,142.294312299826,111.342172584681
55.8147629128155,142.362184210326,111.33975622202
55.6460005827872,142.429855504734,111.337339859359
55.4771579094416,142.497326089375,111.334923496697
55.3082351323221,142.564595870826,111.332507134036
55.1392324910013,142.631664755981,111.330090771375
54.9701502251891,142.698532652007,111.327674408714
54.8009885747154,142.765199466354,111.325258046052
54.6317477794697,142.831665106775,111.322841683391
54.4624280794922,142.897929481295,111.32042532073
54.293029714912,142.963992498228,111.318008958069
54.123552925947,143.029854066186,111.315592595407
53.9539979529499,143.095514094053,111.313176232746
53.7843650363456,143.160972491014,111.310759870085
53.6146544166623,143.226229166542,111.308343507423
53.4448663345771,143.291284030379,111.305927144762
53.2750010308076,143.356136992579,111.303510782101
53.1050587462047,143.420787963474,111.30109441944
52.935039721736,143.485236853675,111.298678056778
52.7649441984396,143.549483574095,111.296261694117
52.5947724174702,143.61352803593,111.293845331456
52.4245246200831,143.677370150664,111.291428968795
52.2542010476183,143.741009830074,111.289012606133
52.0838019415468,143.804446986215,111.286596243472
51.9133275434082,143.867681531444,111.284179880811
51.7427780948568,143.9307133784,111.28176351815
51.572153837646,143.993542440009,111.279347155488
51.4014550136275,144.05616862949,111.276930792827
51.2306818647358,144.118591860354,111.274514430166
51.0598346330341,144.180812046392,111.272098067504
50.8889135606526,144.242829101694,111.269681704843
50.7179188898492,144.304642940629,111.267265342182
50.5468508629324,144.366253477874,111.264848979521
50.3757097223535,144.427660628376,111.262432616859
50.2044957106291,144.488864307385,111.260016254198
50.0332090704023,144.549864430431,111.257599891537
49.8618500443963,144.610660913338,111.255183528876
49.6904188753986,144.671253672231,111.252767166214
49.5189158063376,144.731642623509,111.250350803553
49.3473410802207,144.791827683868,111.247934440892
49.1756949401496,144.851808770294,111.245518078231
49.0039776293036,144.911585800069,111.243101715569
48.8321893909714,144.97115869076,111.240685352908
48.6603304685499,145.030527360219,111.238268990247
48.4884011054824,145.089691726607,111.235852627585
48.3164015453508,145.148651708358,111.233436264924
48.1443320318136,145.207407224203,111.231019902263
47.9721928086051,145.26595819317,111.228603539602
47.799984119582,145.324304534569,111.22618717694
47.6277062086458,145.382446168013,111.223770814279
47.4553593198499,145.440383013391,111.221354451618
47.2829436972764,145.498114990901,111.218938088957
47.1104595851436,145.555642021017,111.216521726295
46.9379072277281,145.612964024518,111.214105363634
46.765286869427,145.670080922461,111.211689000973
46.5925987546951,145.726992636208,111.209272638311
46.4198431280755,145.783699087413,111.20685627565
46.247020234246,145.840200198006,111.204439912989
46.0741303179102,145.896495890229,111.202023550328
45.9011736238901,145.952586086607,111.199607187666
45.7281503971105,146.008470709954,111.197190825005
45.5550608825511,146.064149683385,111.194774462344
45.381905325279,146.119622930307,111.192358099683
45.2086839704932,146.174890374406,111.189941737021
45.0353970634163,146.229951939682,111.18752537436
44.8620448494032,146.28480755041,111.185109011699
44.6886275738466,146.339457131175,111.182692649038
44.5151454822864,146.393900606836,111.180276286376
44.3415988202999,146.448137902559,111.177859923715
44.1679878335638,146.502168943797,111.175443561054
43.9943127678232,146.555993656304,111.173027198392
43.8205738689369,146.609611966116,111.170610835731
43.646771382816,146.663023799574,111.16819447307
43.4729055554692,146.716229083306,111.165778110409
43.2989766330034,146.769227744231,111.163361747747
43.1249848615443,146.822019709578,111.160945385086
42.9509304873934,146.874604906844,111.158529022425
42.7768137568547,146.926983263844,111.156112659764
42.60263491636,146.979154708671,111.153696297102
42.4283942123744,147.031119169727,111.151279934441
42.2540918915061,147.082876575691,111.14886357178
42.0797282003797,147.134426855554,111.146447209119
41.9053033857465,147.185769938586,111.144030846457
41.7308176944055,147.236905754364,111.141614483796
41.5562713732656,147.287834232749,111.139198121135
41.3816646692825,147.338555303905,111.136781758473
41.2069978295054,147.389068898287,111.134365395812
41.0322711010617,147.439374946645,111.131949033151
40.8574847311394,147.48947338003,111.12953267049
40.6826389670355,147.539364129775,111.127116307828
40.5077340560919,147.589047127522,111.124699945167
40.3327702457422,147.6385223052,111.122283582506
40.1577477835117,147.687789595031,111.119867219845
39.9826669169538,147.736848929546,111.117450857183
39.8075278937442,147.785700241555,111.115034494522
39.6323309616023,147.834343464177,111.112618131861
39.4570763683529,147.882778530815,111.1102017692
39.2817643618634,147.931005375176,111.107785406538
39.106395190091,147.979023931261,111.105369043877
38.9309691010655,148.026834133365,111.102952681216
38.7554863428905,148.074435916079,111.100536318554
38.579947163726,148.121829214295,111.098119955893
38.4043518118201,148.169013963196,111.095703593232
38.2287005355088,148.215990098258,111.093287230571
38.0529935831676,148.262757555262,111.090870867909
37.8772312032437,148.309316270283,111.088454505248
37.7014136443025,148.355666179683,111.086038142587
37.5255411549164,148.401807220135,111.083621779926
37.3496139837599,148.4477393286,111.081205417264
37.1736323795926,148.493462442334,111.078789054603
36.9975965911967,148.538976498901,111.076372691942
36.8215068674863,148.584281436143,111.073956329281
36.6453634573813,148.629377192218,111.071539966619
36.469166609917,148.674263705568,111.069123603958
36.2929165741656,148.718940914939,111.066707241297
36.1166135992981,148.763408759369,111.064290878635
35.9402579345057,148.807667178202,111.061874515974
35.7638498291098,148.851716111065,111.059458153313
35.5873895324348,148.895555497896,111.057041790652
35.4108772939191,148.939185278923,111.05462542799
35.2343133630514,148.98260539467,111.052209065329
35.0576979893693,149.025815785967,111.049792702668
34.8810314224763,149.068816393938,111.047376340007
34.7043139120882,149.111607159995,111.044959977345
34.5275457079374,149.15418802586,111.042543614684
34.3507270598203,149.19655893355,111.040127252023
34.1738582176295,149.238719825375,111.037710889362
33.9969394312884,149.280670643949,111.0352945267
33.8199709508,149.32241133218,111.032878164039
33.6429530262455,149.363941833272,111.030461801378
33.4658859077208,149.405262090737,111.028045438716
33.2887698454154,149.446372048378,111.025629076055
33.1116050896129,149.487271650288,111.023212713394
32.9343918905778,149.527960840878,111.020796350733
32.7571304987155,149.568439564839,111.018379988071
32.5798211644444,149.60870776717,111.01596362541
32.4024641382585,149.648765393167,111.013547262749
32.225059670696,149.688612388426,111.011130900088
32.0476080123864,149.728248698836,111.008714537426
31.8701094140025,149.767674270587,111.006298174765
31.6925641262438,149.806889050177,111.003881812104
31.5149723999321,149.845892984386,111.001465449443
31.3373344858834,149.884686020308,110.999049086781
31.1596506350355,149.923268105323,110.99663272412
30.9819210983192,149.961639187122,110.994216361459
30.8041461267546,149.99979921369,110.991799998797
30.6263259714343,150.037748133306,110.989383636136
30.4484608834752,150.075485894557,110.986967273475
30.2705511140499,150.113012446326,110.984550910814
30.0925969144351,150.150327737789,110.982134548152
29.9145985358983,150.187431718432,110.979718185491
29.7365562298097,150.224324338032,110.97730182283
29.5584702475464,150.261005546673,110.974885460169
29.3803408406034,150.297475294729,110.972469097507
29.2021682604976,150.333733532877,110.970052734846
29.0239527587508,150.369780212105,110.967636372185
28.8456945870348,150.40561528368,110.965220009524
28.6673939969934,150.441238699186,110.962803646862
28.4890512403549,150.4766504105,110.960387284201
28.3106665689156,150.511850369795,110.95797092154
28.1322402344917,150.546838529552,110.955554558878
27.9537724889499,150.58161484255,110.953138196217
27.7752635842408,150.616179261862,110.950721833556
27.596713772349,150.650531740865,110.948305470895
27.4181233052933,150.684672233238,110.945889108233
27.2394924351744,150.718600692957,110.943472745572
27.0608214140945,150.752317074302,110.941056382911
26.8821104942693,150.785821331846,110.93864002025
26.7033599278985,150.819113420473,110.936223657588
26.5245699672788,150.852193295357,110.933807294927
26.3457408647226,150.885060911979,110.931390932266
26.1668728726063,150.917716226118,110.928974569605
25.9879662433696,150.95015919385,110.926558206943
25.809021229467,150.982389771558,110.924141844282
25.6300380833995,151.014407915925,110.921725481621
25.4510170577469,151.046213583929,110.919309118959
25.2719584051184,151.077806732852,110.916892756298
25.0928623781366,151.109187320281,110.914476393637
24.9137292295341,151.140355304094,110.912060030976
24.734559212056,151.171310642475,110.909643668314
24.5553525784589,151.202053293914,110.907227305653
24.3761095815767,151.232583217196,110.904810942992
24.1968304743028,151.262900371405,110.902394580331
24.0175155095578,151.29300471593,110.899978217669
23.8381649402892,151.32289621046,110.897561855008
23.6587790195036,151.352574814985,110.895145492347
23.4793580002333,151.3820404898,110.892729129686
23.2999021356016,151.411293195489,110.890312767024
23.1204116787081,151.440332892952,110.887896404363
22.9408868827427,151.469159543381,110.885480041702
22.7613280009036,151.497773108272,110.88306367904
22.5817352864456,151.526173549423,110.880647316379
22.4021089926641,151.554360828933,110.878230953718
22.2224493728936,151.582334909199,110.875814591057
22.0427566804924,151.610095752927,110.873398228395
21.8630311688903,151.637643323115,110.870981865734
21.6832730915232,151.664977583071,110.868565503073
21.5034827018977,151.692098496396,110.866149140412
21.3236602535101,151.719006027003,110.86373277775
21.143805999959,151.745700139096,110.861316415089
20.9639201948154,151.772180797189,110.858900052428
20.7840030917361,151.798447966093,110.856483689767
20.6040549443818,151.824501610922,110.854067327105
20.4240760064658,151.850341697093,110.851650964444
20.2440665317534,151.875968190319,110.849234601783
20.0640267739968,151.901381056625,110.846818239121
19.8839569870318,151.926580262329,110.84440187646
19.703857424713,151.951565774054,110.841985513799
19.5237283409133,151.976337558726,110.839569151138
19.3435699895717,152.00089558357,110.837152788476
19.1633826246123,152.025239816118,110.834736425815
18.9831665000581,152.049370224196,110.832320063154
18.8029218698993,152.073286775942,110.829903700493
18.6226489882242,152.096989439786,110.827487337831
18.4423481090881,152.120478184467,110.82507097517
18.262019486611,152.143752979026,110.822654612509
18.0816633749441,152.166813792803,110.820238249848
17.9012800282702,152.189660595441,110.817821887186
17.7208697008186,152.212293356883,110.815405524525
17.540432646801,152.234712047381,110.812989161864
17.3599691204913,152.256916637485,110.810572799202
17.1794793762094,152.278907098044,110.808156436541
16.9989636682883,152.300683400214,110.80574007388
16.8184222510578,152.322245515453,110.803323711219
16.6378553789413,152.343593415519,110.800907348557
16.4572633063253,152.364727072476,110.798490985896
16.276646287673,152.385646458686,110.796074623235
16.0960045774429,152.406351546817,110.793658260574
15.9153384301534,152.426842309836,110.791241897912
15.7346481003168,152.447118721016,110.788825535251
15.5539338424883,152.467180753931,110.78640917259
15.3731959112495,152.487028382457,110.783992809929
15.1924345612076,152.506661580773,110.781576447267
15.0116500469789,152.526080323363,110.779160084606
14.8308426232376,152.545284585008,110.776743721945
14.6500125446497,152.564274340796,110.774327359283
14.4691600659221,152.583049566118,110.771910996622
14.2882854417856,152.601610236664,110.769494633961
14.1073889269945,152.61995632843,110.7670782713
13.9264707763269,152.638087817712,110.764661908638
13.7455312445668,152.656004681112,110.762245545977
13.5645705865374,152.673706895534,110.759829183316
13.3835890571006,152.69119443818,110.757412820655
13.2025869110909,152.708467286562,110.754996457993
13.0215644034296,152.725525418488,110.752580095332
12.8405217889938,152.742368812074,110.750163732671
12.6594593227307,152.758997445737,110.74774737001
12.4783772595747,152.775411298196,110.745331007348
12.2972758544969,152.791610348474,110.742914644687
12.1161553625043,152.807594575895,110.740498282026
11.9350160385905,152.823363960088,110.738081919364
11.7538581377683,152.838918480985,110.735665556703
11.5726819151015,152.854258118818,110.733249194042
11.3914876256559,152.869382854125,110.730832831381
11.2102755244826,152.884292667748,110.728416468719
11.0290458667317,152.898987540824,110.726000106058
10.8477989074725,152.913467454804,110.723583743397
10.6665349018567,152.927732391435,110.721167380736
10.4852541050359,152.941782332768,110.718751018074
10.3039567721611,152.955617261158,110.716334655413
10.1226431584324,152.969237159262,110.713918292752
9.94131351903212,152.982642010042,110.711501930091
9.75996810917403,152.99583179676,110.709085567429
9.5786071840864,153.008806502983,110.706669204768
9.39723099901203,153.021566112581,110.704252842107
9.21583980920748,153.034110609726,110.701836479445
9.03443386992658,153.046439978894,110.699420116784
8.85301343645266,153.058554204864,110.697003754123
8.67157876409836,153.070453272717,110.694587391462
8.49013010815587,153.082137167838,110.6921710288
8.30866772394612,153.093605875916,110.689754666139
8.12719186678533,153.10485938294,110.687338303478
7.94570279203377,153.115897675206,110.684921940817
7.76420075504641,153.126720739309,110.682505578155
7.58268601117275,153.13732856215,110.680089215494
7.40115881577233,153.147721130934,110.677672852833
7.21961942426388,153.157898433165,110.675256490172
7.03806809202649,153.167860456653,110.67284012751
6.85650507446526,153.17760718951,110.670423764849
6.6749306269774,153.187138620153,110.668007402188
6.49334500498513,153.196454737301,110.665591039526
6.31174846393529,153.205555529973,110.663174676865
6.1301412592496,153.214440987496,110.660758314204
5.9485236463575,153.223111099499,110.658341951543
5.76689588074436,153.23156585591,110.655925588881
5.58525821783696,153.239805246965,110.65350922622
5.40361091310111,153.247829263202,110.651092863559
5.2219542220251,153.255637895459,110.648676500898
5.04028840006992,153.263231134882,110.646260138236
4.85861370271846,153.270608972916,110.643843775575
4.67693038545839,153.277771401311,110.641427412914
4.49523870378212,153.28471841212,110.639011050253
4.31353891316949,153.291449997698,110.636594687591
4.13183126913742,153.297966150704,110.63417832493
3.95011602717323,153.304266864101,110.631761962269
3.768393442784,153.310352131152,110.629345599607
3.58666377147943,153.316221945427,110.626929236946
3.40492726877151,153.321876300796,110.624512874285
3.22318419015833,153.327315191434,110.622096511624
3.04143479118845,153.332538611817,110.619680148962
2.85967932732976,153.337546556726,110.617263786301
2.67791805413354,153.342339021244,110.61484742364
2.49615122708562,153.346916000757,110.612431060979
2.31437910173786,153.351277490955,110.610014698317
2.13260193357653,153.355423487829,110.607598335656
1.9508199781366,153.359353987676,110.605181972995
1.76903349093558,153.363068987092,110.602765610334
1.58724272747376,153.36656848298,110.600349247672
1.40544794326595,153.369852472543,110.597932885011
1.22364939382532,153.372920953289,110.59551652235
1.0418473346628,153.375773923028,110.593100159688
0.860042021269948,153.378411379872,110.590683797027
0.678233709168581,153.380833322238,110.588267434366
0.496422653860426,153.383039748844,110.585851071705
0.31460911082758,153.385030658712,110.583434709043
0.132793335563889,153.386806051166,110.581018346382
-0.0490244164408036,153.388365925834,110.578601983721
-0.230843889717907,153.389710282646,110.57618562106
-0.412664828754778,153.390839121835,110.573769258398
-0.594486978109927,153.391752443938,110.571352895737
-0.776310082314744,153.392450249791,110.568936533076
-0.958133885890742,153.392932540539,110.566520170415
-1.13995813339829,153.393199317623,110.564103807753
-1.32178256940509,153.393250582792,110.561687445092
-1.50360693845343,153.393086338094,110.559271082431
-1.68543098509267,153.392706585884,110.556854719769
-1.86725445394628,153.392111328815,110.554438357108
-2.0490770895639,153.391300569845,110.552021994447
-2.2308986365531,153.390274312235,110.549605631786
-2.41271883951414,153.389032559548,110.547189269124
-2.59453744305675,153.38757531565,110.544772906463
-2.77635419181676,153.385902584709,110.542356543802
-2.95816883039085,153.384014371196,110.539940181141
-3.13998110345216,153.381910679884,110.537523818479
-3.32179075566805,153.379591515849,110.535107455818
-3.50359753165144,153.377056884471,110.532691093157
-3.68540117612535,153.374306791429,110.530274730496
-3.86720143375904,153.371341242708,110.527858367834
-4.04899804926722,153.368160244592,110.525442005173
-4.23079076732748,153.364763803672,110.523025642512
-4.41257933271288,153.361151926836,110.52060927985
-4.59436349012756,153.357324621279,110.518192917189
-4.77614298433883,153.353281894496,110.515776554528
-4.95791756011161,153.349023754285,110.513360191867
-5.13968696222527,153.344550208745,110.510943829205
-5.32145093547384,153.33986126628,110.508527466544
-5.503209224683,153.334956935592,110.506111103883
-5.6849615746776,153.32983722569,110.503694741222
-5.86670773028202,153.324502145883,110.50127837856
-6.04844743636956,153.318951705781,110.498862015899
-6.23018043782998,153.313185915298,110.496445653238
-6.41190647952124,153.307204784649,110.494029290577
-6.59362530638354,153.301008324352,110.491612927915
-6.77533666334278,153.294596545225,110.489196565254
-6.95704029532568,153.287969458392,110.486780202593
-7.13873594731046,153.281127075274,110.484363839931
-7.320423364278,153.274069407599,110.48194747727
-7.50210229122759,153.266796467392,110.479531114609
-7.68377247317865,153.259308266984,110.477114751948
-7.86543365517,153.251604819005,110.474698389286
-8.0470855822771,153.243686136388,110.472282026625
-8.22872799957958,153.235552232368,110.469865663964
-8.41036065217796,153.227203120482,110.467449301303
-8.5919832851774,153.218638814568,110.465032938641
-8.77359564375432,153.209859328766,110.46261657598
-8.95519747305727,153.200864677516,110.460200213319
-9.13678851827413,153.191654875564,110.457783850658
-9.31836852463121,153.182229937953,110.455367487996
-9.49993723736193,153.172589880028,110.452951125335
-9.68149440170649,153.162734717441,110.450534762674
-9.86303976297806,153.152664466137,110.448118400012
-10.0445730664483,153.142379142369,110.445702037351
-10.2260940574789,153.131878762689,110.44328567469
-10.4076024814235,153.121163343949,110.440869312029
-10.5890980836282,153.110232903307,110.438452949367
-10.7705806095465,153.099087458216,110.436036586706
-10.9520498045923,153.087727026435,110.433620224045
-11.1335054142055,153.076151626022,110.431203861384
-11.3149471839021,153.064361275337,110.428787498722
-11.4963748591757,153.052355993041,110.426371136061
-11.6777881855634,153.040135798097,110.4239547734
-11.8591869086467,153.027700709765,110.421538410739
-12.0405707740184,153.015050747611,110.419122048077
-12.2219395272999,153.0021859315,110.416705685416
-12.403292914141,152.989106281598,110.414289322755
-12.5846306802046,152.975811818373,110.411872960093
-12.7659525712482,152.962302562588,110.409456597432
-12.947258332961,152.948578535318,110.407040234771
-13.1285477111606,152.934639757925,110.40462387211
-13.3098204515966,152.920486252086,110.402207509448
-13.4910763001483,152.906118039766,110.399791146787
-13.6723150026598,152.891535143238,110.397374784126
-13.853536305024,152.876737585074,110.394958421465
-14.0347399531815,152.861725388145,110.392542058803
-14.2159256930727,152.846498575625,110.390125696142
-14.3970932707034,152.831057170986,110.387709333481
-14.5782424320794,152.815401198002,110.38529297082
-14.7593729232729,152.799530680748,110.382876608158
-14.940484490373,152.783445643596,110.380460245497
-15.1215768795197,152.76714611122,110.378043882836
-15.3026498368542,152.750632108595,110.375627520174
-15.4837031085692,152.733903660997,110.373211157513
-15.6647364409085,152.716960793999,110.370794794852
-15.8457495801354,152.699803533476,110.368378432191
-16.0267422725324,152.682431905604,110.365962069529
-16.2077142644672,152.664845936855,110.363545706868
-16.3886653022952,152.647045654005,110.361129344207
-16.5695951324248,152.629031084128,110.358712981546
-16.750503501318,152.610802254598,110.356296618884
-16.9313901554583,152.592359193088,110.353880256223
-17.1122548413503,152.573701927573,110.351463893562
-17.2930973055702,152.554830486325,110.349047530901
-17.4739172947159,152.535744897916,110.346631168239
-17.6547145554412,152.516445191218,110.344214805578
-17.8354888343898,152.496931395406,110.341798442917
-18.0162398783105,152.477203539947,110.339382080255
-18.1969674339599,152.457261654611,110.336965717594
-18.3776712481343,152.437105769468,110.334549354933
-18.5583510676716,152.416735914888,110.332132992272
-18.7390066394338,152.39615212154,110.32971662961
-18.9196377103738,152.375354420387,110.327300266949
-19.1002440274371,152.354342842698,110.324883904288
-19.2808253376441,152.333117420037,110.322467541627
-19.461381388025,152.311678184269,110.320051178965
-19.6419119256859,152.290025167555,110.317634816304
-19.822416697759,152.268158402357,110.315218453643
-20.0028954514212,152.246077921436,110.312802090982
-20.1833479339088,152.223783757849,110.31038572832
-20.3637738924537,152.201275944959,110.307969365659
-20.5441730744141,152.178554516414,110.305553002998
-20.7245452270952,152.155619506178,110.303136640336
-20.9048900979457,152.132470948496,110.300720277675
-21.0852074343779,152.109108877925,110.298303915014
-21.265496983916,152.08553332931,110.295887552353
-21.4457584940649,152.061744337805,110.293471189691
-21.6259917124581,152.03774193885,110.29105482703
-21.8061963866782,152.013526168195,110.288638464369
-21.9863722644369,151.989097061879,110.286222101708
-22.1665190934611,151.964454656243,110.283805739046
-22.3466366215257,151.939598987926,110.281389376385
-22.5267245964543,151.914530093863,110.278973013724
-22.7067827661191,151.88924801129,110.276556651063
-22.8868108784421,151.863752777738,110.274140288401
-23.0668086814104,151.838044431035,110.27172392574
-23.2467759230453,151.812123009308,110.269307563079
-23.4267123514019,151.785988550985,110.266891200417
-23.6066177146183,151.759641094785,110.264474837756
-23.7864917608675,151.733080679728,110.262058475095
-23.9663342383902,151.706307345128,110.259642112434
-24.1461448954298,151.679321130606,110.257225749772
-24.3259234803629,151.652122076064,110.254809387111
-24.5056697415213,151.624710221718,110.25239302445
-24.6853834273866,151.597085608068,110.249976661789
-24.8650642864126,151.56924827592,110.247560299127
-25.0447120671714,151.541198266369,110.245143936466
-25.2243265182237,151.512935620816,110.242727573805
-25.4039073882496,151.48446038095,110.240311211144
-25.5834544259346,151.455772588762,110.237894848482
-25.762967380052,151.426872286535,110.235478485821
-25.9424459994133,151.397759516854,110.23306212316
-26.1218900328702,151.3684343226,110.230645760498
-26.3012992293781,151.338896746943,110.228229397837
-26.4806733379004,151.309146833358,110.225813035176
-26.6600121074572,151.279184625616,110.223396672515
-26.8393152871899,151.249010167773,110.220980309853
-27.0185826262165,151.218623504194,110.218563947192
-27.197813873761,151.188024679535,110.216147584531
-27.3770087790733,151.157213738749,110.21373122187
-27.5561670914935,151.126190727083,110.211314859208
-27.7352885604207,151.094955690076,110.208898496547
-27.9143729352806,151.063508673573,110.206482133886
-28.0934199655745,151.031849723708,110.204065771225
-28.2724294008791,150.999978886909,110.201649408563
-28.4514009907997,150.967896209905,110.199233045902
-28.6303344850496,150.935601739712,110.196816683241
-28.8092296333387,150.903095523653,110.194400320579
-28.9880861854864,150.870377609338,110.191983957918
-29.1669038913735,150.83744804467,110.189567595257
-29.3456825009101,150.804306877854,110.187151232596
-29.524421764085,150.770954157389,110.184734869934
-29.7031214309814,150.737389932059,110.182318507273
-29.8817812516811,150.703614250959,110.179902144612
-30.0604009763609,150.66962716347,110.177485781951
-30.2389803552937,150.635428719262,110.175069419289
-30.4175191387681,150.601018968309,110.172653056628
-30.5960170771685,150.566397960874,110.170236693967
-30.7744739209123,150.531565747518,110.167820331306
-30.9528894205136,150.496522379094,110.165403968644
-31.1312633265199,150.461267906752,110.162987605983
-31.3095953895762,150.425802381932,110.160571243322
-31.4878853603775,150.39012585637,110.15815488066
-31.6661329897013,150.354238382093,110.155738517999
-31.8443380283591,150.318140011428,110.153322155338
-32.022500227246,150.281830796995,110.150905792677
-32.2006193373403,150.2453107917,110.148489430015
-32.3786951096719,150.20858004875,110.146073067354
-32.5567272953226,150.171638621646,110.143656704693
-32.734715645491,150.134486564174,110.141240342032
-32.9126599113799,150.097123930426,110.13882397937
-33.0905598443255,150.059550774774,110.136407616709
-33.2684151957011,150.021767151891,110.133991254048
-33.4462257169181,149.983773116747,110.131574891387
-33.6239911595379,149.945568724591,110.129158528725
-33.8017112751281,149.907154030977,110.126742166064
-33.9793858153273,149.868529091752,110.124325803403
-34.1570145318772,149.829693963049,110.121909440741
-34.3345971765911,149.790648701293,110.11949307808
-34.5121335013217,149.751393363209,110.117076715419
-34.6896232580263,149.711928005808,110.114660352758
-34.8670661987024,149.672252686398,110.112243990096
-35.0444620754687,149.632367462572,110.109827627435
-35.2218106404525,149.592272392227,110.107411264774
-35.3991116459032,149.551967533542,110.104994902113
-35.576364844128,149.511452944991,110.102578539451
-35.7535699875239,149.470728685337,110.10016217679
-35.930726828531,149.429794813642,110.097745814129
-36.10783511968,149.388651389256,110.095329451468
-36.2848946136087,149.347298471811,110.092913088806
-36.461905062983,149.305736121245,110.090496726145
-36.6388662205441,149.263964397786,110.088080363484
-36.8157778391422,149.221983361945,110.085664000822
-36.9926396717034,149.179793074524,110.083247638161
-37.1694514712151,149.137393596621,110.0808312755
-37.3462129907261,149.094784989629,110.078414912839
-37.5229239833788,149.051967315226,110.075998550177
-37.6995842024253,149.008940635376,110.073582187516
-37.8761934011324,148.965705012346,110.071165824855
-38.0527513329093,148.92226050868,110.068749462194
-38.2292577511805,148.878607187227,110.066333099532
-38.4057124095293,148.834745111109,110.063916736871
-38.5821150615235,148.790674343758,110.06150037421
-38.758465460906,148.746394948876,110.059084011549
-38.934763361421,148.701906990473,110.056667648887
-39.1110085169409,148.657210532838,110.054251286226
-39.2872006814031,148.612305640552,110.051834923565
-39.4633396088265,148.567192378489,110.049418560903
-39.6394250533278,148.521870811804,110.047002198242
-39.8154567690739,148.476341005954,110.044585835581
-39.9914345103458,148.430603026675,110.04216947292
-40.1673580314755,148.384656940002,110.039753110258
-40.3432270869257,148.338502812243,110.037336747597
-40.5190414311794,148.292140710018,110.034920384936
-40.6948008188663,148.245570700212,110.032504022275
-40.8705050046371,148.198792850023,110.030087659613
-41.046153743306,148.151807226911,110.027671296952
-41.2217467896774,148.104613898652,110.025254934291
-41.3972838987352,148.057212933287,110.02283857163
-41.5727648254702,148.009604399163,110.020422208968
-41.7481893250061,147.961788364905,110.018005846307
-41.9235571525526,147.913764899427,110.015589483646
-42.0988680633593,147.865534071941,110.013173120984
-42.2741218128246,147.817095951932,110.010756758323
-42.4493181564035,147.768450609181,110.008340395662
-42.6244568496223,147.719598113761,110.005924033001
-42.7995376481109,147.670538536029,110.003507670339
-42.974560307619,147.621271946619,110.001091307678
-43.1495245839372,147.571798416468,109.998674945017
-43.3244302329614,147.522118016794,109.996258582356
-43.4992770106759,147.472230819103,109.993842219694
-43.6740646731708,147.422136895184,109.991425857033
-43.8487929765945,147.371836317121,109.989009494372
-44.023461677201,147.321329157281,109.986593131711
-44.1980705313667,147.270615488309,109.984176769049
-44.3726192955115,147.219695383149,109.981760406388
-44.5471077261621,147.168568915028,109.979344043727
-44.7215355799371,147.11723615746,109.976927681065
-44.8959026135468,147.065697184243,109.974511318404
-45.0702085838091,147.01395206946,109.972094955743
-45.2444532476035,146.962000887486,109.969678593082
-45.4186363619492,146.909843712969,109.96726223042
-45.5927576838961,146.857480620863,109.964845867759
-45.7668169706343,146.804911686391,109.962429505098
-45.9408139794484,146.752136985064,109.960013142437
-46.1147484676696,146.699156592692,109.957596779775
-46.2886201927866,146.64597058535,109.955180417114
-46.4624289123516,146.59257903941,109.952764054453
-46.6361743839965,146.538982031531,109.950347691792
-46.8098563654958,146.485179638645,109.94793132913
-46.9834746146568,146.431171937987,109.945514966469
-47.1570288894304,146.376959007064,109.943098603808
-47.330518947864,146.322540923664,109.940682241146
-47.5039445480707,146.267917765873,109.938265878485
-47.6773054482761,146.213089612054,109.935849515824
-47.8506014068193,146.15805654085,109.933433153163
-48.0238321821217,146.102818631194,109.931016790501
-48.1969975326871,146.047375962307,109.92860042784
-48.3700972171649,145.991728613678,109.926184065179
-48.5431309942563,145.935876665098,109.923767702518
-48.7160986227777,145.879820196632,109.921351339856
-48.8889998616605,145.823559288628,109.918934977195
-49.0618344699046,145.767094021723,109.916518614534
-49.2346022066416,145.710424476832,109.914102251873
-49.4073028310721,145.653550735159,109.911685889211
-49.579936102545,145.596472878178,109.90926952655
-49.7525017804473,145.539190987666,109.906853163889
-49.9249996243307,145.481705145661,109.904436801227
-50.097429393801,145.424015434501,109.902020438566
-50.2697908485984,145.366121936794,109.899604075905
-50.4420837485339,145.308024735443,109.897187713244
-50.6143078535526,145.249723913621,109.894771350582
-50.7864629236876,145.191219554789,109.892354987921
-50.9585487190748,145.13251174269,109.88993862526
-51.1305649999547,145.073600561348,109.887522262599
-51.3025115266717,145.014486095069,109.885105899937
-51.47438805969,144.955168428438,109.882689537276
-51.646194359548,144.895647646327,109.880273174615
-51.8179301869203,144.835923833883,109.877856811954
-51.9895953025711,144.775997076536,109.875440449292
-52.1611894673555,144.715867460007,109.873024086631
-52.3327124422807,144.655535070276,109.87060772397
-52.5041639884143,144.594999993625,109.868191361308
-52.675543866946,144.534262316608,109.865774998647
-52.846851839173,144.473322126061,109.863358635986
-53.0180876665305,144.412179509088,109.860942273325
-53.1892511105,144.350834553098,109.858525910663
-53.3603419327016,144.289287345766,109.856109548002
-53.5313598948953,144.227537975037,109.853693185341
-53.7023047589033,144.165586529153,109.85127682268
-53.8731762866569,144.103433096636,109.848860460018
-54.0439742402586,144.041077766263,109.846444097357
-54.2146983818436,143.97852062712,109.844027734696
-54.385348473688,143.915761768562,109.841611372035
-54.5559242781938,143.852801280215,109.839195009373
-54.7264255578582,143.789639251992,109.836778646712
-54.8968520752898,143.726275774083,109.834362284051
-55.0672035932082,143.662710936958,109.831945921389
-55.2374798744604,143.59894483136,109.829529558728
-55.4076806819593,143.534977548326,109.827113196067
-55.5778057788069,143.470809179143,109.824696833406
-55.7478549281411,143.406439815407,109.822280470744
-55.9178278932592,143.341869548972,109.819864108083
-56.0877244375408,143.277098471984,109.817447745422
-56.2575443245254,143.212126676846,109.815031382761
-56.4272873178205,143.146954256259,109.812615020099
-56.5969531811634,143.081581303194,109.810198657438
-56.7665416784208,143.016007910894,109.807782294777
-56.9360525735446,142.950234172892,109.805365932116
-57.1054856306319,142.884260182983,109.802949569454
-57.2748406138653,142.818086035254,109.800533206793
-57.4441172875891,142.75171182405,109.798116844132
-57.6133154162178,142.685137644008,109.79570048147
-57.7824347642982,142.61836359004,109.793284118809
-57.9514750964937,142.55138975733,109.790867756148
-58.1204361776003,142.484216241334,109.788451393487
-58.2893177725011,142.416843137797,109.786035030825
-58.4581196462275,142.349270542726,109.783618668164
-58.626841563914,142.281498552409,109.781202305503
-58.7954832908136,142.213527263413,109.778785942842
-58.9640445922981,142.145356772578,109.77636958018
-59.1325252338585,142.076987177018,109.773953217519
-59.3009249811055,142.008418574125,109.771536854858
-59.4692435997845,141.939651061557,109.769120492197
-59.637480855746,141.870684737256,109.766704129535
-59.8056365149459,141.801519699443,109.764287766874
-59.973710343491,141.7321560466,109.761871404213
-60.1417021076094,141.662593877485,109.759455041551
-60.3096115736052,141.592833291148,109.75703867889
-60.4774385079646,141.52287438689,109.754622316229
-60.6451826772508,141.452717264302,109.752205953568
-60.8128438481639,141.382362023245,109.749789590906
-60.9804217875428,141.311808763844,109.747373228245
-61.1479162623334,141.241057586506,109.744956865584
-61.3153270396054,141.170108591912,109.742540502923
-61.4826538865521,141.098961881015,109.740124140261
-61.6498965704907,141.027617555039,109.7377077776
-61.8170548588628,140.956075715485,109.735291414939
-61.9841285192498,140.884336464117,109.732875052278
-62.1511173193278,140.812399902986,109.730458689616
-62.318021026928,140.740266134401,109.728042326955
-62.4848394099775,140.667935260957,109.725625964294
-62.6515722365743,140.595407385502,109.723209601632
-62.8182192748823,140.522682611181,109.720793238971
-62.9847802932523,140.449761041386,109.71837687631
-63.1512550601168,140.376642779797,109.715960513649
-63.3176433440653,140.303327930357,109.713544150987
-63.48394491377,140.229816597296,109.711127788326
-63.6501595381058,140.156108885084,109.708711425665
-63.8162869860157,140.082204898487,109.706295063004
-63.9823270265713,140.008104742544,109.703878700342
-64.1482794290027,139.933808522549,109.701462337681
-64.3141439626692,139.859316344068,109.69904597502
-64.4799203970296,139.78462831295,109.696629612358
-64.6456085016869,139.709744535307,109.694213249697
-64.8112080463897,139.634665117515,109.691796887036
-64.9767188010018,139.559390166226,109.689380524375
-65.1421405355023,139.483919788369,109.686964161713
-65.3074730200464,139.408254091122,109.684547799052
-65.472716024861,139.332393181959,109.682131436391
-65.6378693203489,139.256337168603,109.67971507373
-65.8029326770451,139.180086159046,109.677298711068
-65.9679058655872,139.103640261562,109.674882348407
-66.1327886567744,139.026999584681,109.672465985746
-66.2975808215245,138.950164237207,109.670049623085
-66.4622821308735,138.873134328221,109.667633260423
-66.6268923560351,138.79590996705,109.665216897762
-66.7914112682977,138.718491263317,109.662800535101
-66.955838639143,138.640878326885,109.660384172439
-67.1201742401426,138.563071267906,109.657967809778
-67.2844178430178,138.485070196793,109.655551447117
-67.4485692196395,138.406875224217,109.653135084456
-67.6126281419846,138.328486461132,109.650718721794
-67.7765943822097,138.249904018739,109.648302359133
-67.9404677125484,138.171128008531,109.645885996472
-68.1042479054149,138.09215854225,109.643469633811
-68.2679347333601,138.0129957319,109.641053271149
-68.4315279690418,137.933639689771,109.638636908488
-68.5950273852703,137.854090528407,109.636220545827
-68.758432755008,137.774348360614,109.633804183166
-68.9217438513401,137.694413299469,109.631387820504
-69.0849604474755,137.614285458325,109.628971457843
-69.2480823168056,137.533964950774,109.626555095182
-69.4111092328018,137.453451890706,109.62413873252
-69.5740409691331,137.372746392246,109.621722369859
-69.7368772995642,137.291848569806,109.619306007198
-69.8996179980138,137.210758538054,109.616889644537
-70.0622628385553,137.129476411918,109.614473281875
-70.2248115953879,137.048002306595,109.612056919214
-70.3872640428367,136.966336337555,109.609640556553
-70.5496199553968,136.884478620519,109.607224193892
-70.7118791077048,136.802429271468,109.60480783123
-70.8740412744947,136.720188406671,109.602391468569
-71.036106230701,136.637756142633,109.599975105908
-71.1980737513563,136.55513259614,109.597558743247
-71.3599436116649,136.472317884231,109.595142380585
-71.5217155869596,136.389312124213,109.592726017924
-71.6833894527011,136.306115433663,109.590309655263
-71.8449649845231,136.222727930407,109.587893292601
-72.0064419582026,136.139149732533,109.58547692994
-72.1678201496171,136.055380958413,109.583060567279
-72.3290993348466,135.971421726653,109.580644204618
-72.4902792900718,135.887272156142,109.578227841956
-72.6513597916477,135.802932366017,109.575811479295
-72.8123406160453,135.718402475689,109.573395116634
-72.9732215399101,135.633682604818,109.570978753973
-73.1340023400189,135.548772873333,109.568562391311
-73.2946827932946,135.463673401422,109.56614602865
-73.4552626768209,135.378384309527,109.563729665989
-73.6157417677851,135.292905718375,109.561313303328
-73.7761198435791,135.207237748922,109.558896940666
-73.9363966817132,135.121380522398,109.556480578005
-74.096572059831,135.035334160304,109.554064215344
-74.256645755753,134.949098784383,109.551647852682
-74.4166175474186,134.862674516655,109.549231490021
-74.5764872129596,134.776061479375,109.54681512736
-74.736254530613,134.689259795082,109.544398764699
-74.8959192787795,134.602269586565,109.541982402037
-75.0554812360234,134.515090976866,109.539566039376
-75.2149401810305,134.4277240893,109.537149676715
-75.3742958926503,134.340169047433,109.534733314054
-75.5335481499118,134.252425975076,109.532316951392
-75.6926967319372,134.164494996326,109.529900588731
-75.8517414180426,134.076376235518,109.52748422607
-76.0106819876954,133.988069817243,109.525067863409
-76.1695182204712,133.899575866374,109.522651500747
-76.3282498961554,133.810894508011,109.520235138086
-76.4868767946564,133.722025867524,109.517818775425
-76.6453986960208,133.632970070553,109.515402412763
-76.8038153804624,133.543727242982,109.512986050102
-76.9621266283764,133.45429751094,109.510569687441
-77.1203322202687,133.364681000834,109.50815332478
-77.2784319367986,133.274877839329,109.505736962118
-77.4364255588225,133.184888153322,109.503320599457
-77.5943128673077,133.094712069988,109.500904236796
-77.752093643405,133.004349716745,109.498487874135
-77.9097676683915,132.913801221282,109.496071511473
-78.0673347237274,132.823066711525,109.493655148812
-78.2247945910148,132.732146315666,109.491238786151
-78.3821470519968,132.641040162159,109.48882242349
-78.5393918886152,132.54974837969,109.486406060828
-78.6965288829256,132.458271097223,109.483989698167
-78.8535578171547,132.366608443967,109.481573335506
-79.0104784736853,132.274760549389,109.479156972844
-79.1672906350723,132.182727543198,109.476740610183
-79.3239940840136,132.090509555368,109.474324247522
-79.480588603365,131.998106716126,109.471907884861
-79.637073976126,131.90551915596,109.469491522199
-79.7934499854832,131.812747005596,109.467075159538
-79.9497164147814,131.719790396013,109.464658796877
-80.1058730474962,131.626649458459,109.462242434216
-80.261919667277,131.533324324426,109.459826071554
-80.4178560579462,131.439815125652,109.457409708893
-80.5736820034583,131.346121994143,109.454993346232
-80.7293972879559,131.252245062141,109.452576983571
-80.8850016957282,131.158184462148,109.450160620909
-81.0404950112247,131.063940326918,109.447744258248
-81.1958770190563,130.969512789456,109.445327895587
-81.3511475039951,130.874901983019,109.442911532925
-81.5063062509886,130.780108041107,109.440495170264
-81.6613530451185,130.685131097489,109.438078807603
-81.8162876716426,130.589971286173,109.435662444942
-81.9711099160088,130.494628741404,109.43324608228
-82.1258195637582,130.399103597719,109.430829719619
-82.2804164006927,130.303395989844,109.428413356958
-82.4349002126799,130.207506052817,109.425996994297
-82.5892707858066,130.111433921892,109.423580631635
-82.7435279063096,130.015179732578,109.421164268974
-82.8976713606041,129.918743620627,109.418747906313
-83.0517009352556,129.822125722049,109.416331543652
-83.2056164169807,129.725326173112,109.41391518099
-83.3594175926886,129.628345110314,109.411498818329
-83.5131042494402,129.531182670411,109.409082455668
-83.6666761744482,129.433838990418,109.406666093006
-83.8201331551328,129.336314207568,109.404249730345
-83.9734749790387,129.238608459372,109.401833367684
-84.126701433905,129.14072188357,109.399417005023
-84.2798123076097,129.042654618166,109.397000642361
-84.4328073882122,128.944406801405,109.3945842797
-84.5856864639663,128.845978571759,109.392167917039
-84.7384493232386,128.747370067984,109.389751554378
-84.8910957546051,128.648581429056,109.387335191716
-85.0436255467961,128.549612794207,109.384918829055
-85.1960384887102,128.450464302914,109.382502466394
-85.3483343694292,128.351136094892,109.380086103733
-85.5005129781758,128.251628310119,109.377669741071
-85.65257410437,128.151941088803,109.37525337841
-85.8045175375739,128.052074571413,109.372837015749
-85.9563430675469,127.952028898648,109.370420653087
-86.108050484205,127.851804211458,109.368004290426
-86.2596395776348,127.75140065104,109.365587927765
-86.4111101380935,127.650818358836,109.363171565104
-86.562461956023,127.550057476523,109.360755202442
-86.7136948219961,127.449118146048,109.358338839781
-86.8648085268249,127.348000509559,109.35592247712
-87.0158028614119,127.246704709501,109.353506114459
-87.1666776169136,127.145230888509,109.351089751797
-87.3174325845909,127.043579189506,109.348673389136
-87.4680675559316,126.941749755623,109.346257026475
-87.6185823225426,126.839742730269,109.343840663814
-87.7689766762581,126.737558257061,109.341424301152
-87.9192504090458,126.635196479884,109.339007938491
-88.0694033130602,126.532657542859,109.33659157583
-88.2194351806438,126.429941590338,109.334175213168
-88.3693458042866,126.327048766933,109.331758850507
-88.5191349766939,126.223979217472,109.329342487846
-88.6688024906916,126.12073308706,109.326926125185
-88.8183481393221,126.017310521017,109.324509762523
-88.9677717157893,125.913711664911,109.322093399862
-89.1170730134866,125.809936664544,109.319677037201
-89.2662518259567,125.705985665976,109.31726067454
-89.4153079469322,125.6018588155,109.314844311878
-89.5642411703357,125.497556259636,109.312427949217
-89.7130512902534,125.393078145159,109.310011586556
-89.861738100949,125.288424619078,109.307595223895
-90.0103013968498,125.183595828655,109.305178861233
-90.1587409725881,125.078591921372,109.302762498572
-90.3070566229743,124.973413044948,109.300346135911
-90.4552481429702,124.868059347364,109.297929773249
-90.60331532773,124.762530976825,109.295513410588
-90.7512579725994,124.656828081769,109.293097047927
-90.8990758730907,124.550950810881,109.290680685266
-91.0467688248822,124.444899313093,109.288264322604
-91.1943366238582,124.338673737555,109.285847959943
-91.34177906607,124.232274233667,109.283431597282
-91.4890959477627,124.125700951054,109.281015234621
-91.6362870653215,124.018954039609,109.278598871959
-91.7833522153662,123.912033649422,109.276182509298
-91.9302911946575,123.80493993085,109.273766146637
-92.0771038001641,123.697673034465,109.271349783976
-92.22378982901,123.590233111099,109.268933421314
-92.3703490785408,123.482620311786,109.266517058653
-92.5167813462312,123.374834787839,109.264100695992
-92.6630864297781,123.266876690774,109.26168433333
-92.8092641270483,123.158746172355,109.259267970669
-92.9553142361044,123.05044338457,109.256851608008
-93.1012365551661,122.941968479661,109.254435245347
-93.2470308826498,122.833321610097,109.252018882685
-93.392697017169,122.724502928571,109.249602520024
-93.538234757508,122.615512588018,109.247186157363
-93.6836439026226,122.50635074162,109.244769794702
-93.8289242516922,122.397017542762,109.24235343204
-93.9740756040291,122.287513145102,109.239937069379
-94.119097759183,122.177837702492,109.237520706718
-94.26399051685,122.067991369048,109.235104344057
-94.4087536769245,121.957974299106,109.232687981395
-94.5533870395006,121.847786647229,109.230271618734
-94.6978904048452,121.737428568219,109.227855256073
-94.8422635733989,121.626900217123,109.225438893411
-94.986506345815,121.516201749198,109.22302253075
-95.1306185229209,121.405333319944,109.220606168089
-95.2745999057315,121.294295085092,109.218189805428
-95.4184502954493,121.183087200606,109.215773442766
-95.5621694934773,121.071709822667,109.213357080105
-95.7057573013811,120.960163107713,109.210940717444
-95.8492135209406,120.848447212388,109.208524354783
-95.992537954098,120.736562293588,109.206107992121
-96.1357304030112,120.624508508419,109.20369162946
-96.2787906700136,120.512286014229,109.201275266799
-96.4217185576282,120.399894968593,109.198858904138
-96.5645138685682,120.287335529316,109.196442541476
-96.7071764057362,120.174607854434,109.194026178815
-96.8497059722257,120.061712102212,109.191609816154
-96.9921023713329,119.948648431131,109.189193453492
-97.1343654065325,119.835416999914,109.186777090831
-97.2764948814773,119.722017967521,109.18436072817
-97.4184906000368,119.60845149312,109.181944365509
-97.5603523662595,119.494717736117,109.179528002847
-97.7020799843859,119.380816856146,109.177111640186
-97.8436732588484,119.266749013069,109.174695277525
-97.9851319942717,119.152514366975,109.172278914864
-98.1264559954861,119.038113078168,109.169862552202
-98.2676450674892,118.923545307202,109.167446189541
-98.4086990154844,118.808811214846,109.16502982688
-98.5496176448944,118.693910962074,109.162613464219
-98.6904007612841,118.578844710129,109.160197101557
-98.8310481704509,118.463612620447,109.157780738896
-98.9715596783736,118.348214854702,109.155364376235
-99.1119350912254,118.232651574792,109.152948013573
-99.2521742153742,118.11692294284,109.150531650912
-99.3922768573958,118.001029121184,109.148115288251
-99.5322428240356,117.884970272408,109.14569892559
-99.67207192226,117.768746559298,109.143282562928
-99.811763959206,117.652358144887,109.140866200267
-99.9513187422439,117.535805192399,109.138449837606
-100.090736078891,117.419087865325,109.136033474945
-100.230015776897,117.302206327346,109.133617112283
-100.36915764421,117.185160742369,109.131200749622
-100.508161488938,117.067951274554,109.128784386961
-100.647027119447,116.950578088229,109.1263680243
-100.785754344227,116.833041348013,109.123951661638
-100.924342972027,116.71534121869,109.121535298977
-101.062792811771,116.597477865288,109.119118936316
-101.201103672567,116.479451453069,109.116702573654
-101.339275363761,116.361262147484,109.114286210993
-101.477307694857,116.242910114236,109.111869848332
-101.615200475562,116.124395519251,109.109453485671
-101.752953515818,116.005718528642,109.107037123009
-101.890566625728,115.886879308777,109.104620760348
-102.028039615622,115.76787802622,109.102204397687
-102.165372296017,115.648714847768,109.099788035026
-102.302564477616,115.529389940447,109.097371672364
-102.439615971352,115.409903471484,109.094955309703
-102.576526588328,115.290255608344,109.092538947042
-102.71329613989,115.17044651868,109.090122584381
-102.849924437547,115.050476370395,109.087706221719
-102.986411293033,114.930345331592,109.085289859058
-103.122756518249,114.810053570622,109.082873496397
-103.258959925345,114.689601256011,109.080457133735
-103.395021326651,114.568988556527,109.078040771074
-103.530940534687,114.448215641165,109.075624408413
-103.666717362198,114.327282679114,109.073208045752
-103.802351622123,114.206189839795,109.07079168309
-103.937843127616,114.08493729283,109.068375320429
-104.073191691995,113.963525208096,109.065958957768
-104.208397128823,113.84195375565,109.063542595107
-104.343459251864,113.720223105765,109.061126232445
-104.478377875064,113.598333428954,109.058709869784
-104.613152812595,113.476284895923,109.056293507123
-104.747783878825,113.354077677603,109.053877144462
-104.882270888313,113.231711945154,109.0514607818
-105.016613655849,113.109187869927,109.049044419139
-105.150811996427,112.986505623486,109.046628056478
-105.284865725211,112.863665377647,109.044211693816
-105.418774657622,112.740667304393,109.041795331155
-105.552538609247,112.617511575955,109.039378968494
-105.686157395895,112.494198364765,109.036962605833
-105.819630833591,112.370727843461,109.034546243171
-105.952958738558,112.247100184901,109.03212988051
-106.086140927213,112.123315562172,109.029713517849
-106.219177216203,111.999374148546,109.027297155188
-106.352067422386,111.875276117511,109.024880792526
-106.48481136279,111.751021642801,109.022464429865
-106.617408854699,111.626610898314,109.020048067204
-106.749859715571,111.502044058198,109.017631704543
-106.882163763084,111.377321296797,109.015215341881
-107.014320815137,111.252442788657,109.01279897922
-107.146330689827,111.127408708545,109.010382616559
-107.278193205447,111.002219231453,109.007966253897
-107.409908180526,110.876874532556,109.005549891236
-107.541475433788,110.751374787256,109.003133528575
-107.672894784183,110.625720171149,109.000717165914
-107.804166050832,110.499910860077,108.998300803252
-107.935289053116,110.373947030045,108.995884440591
-108.066263610593,110.247828857303,108.99346807793
-108.197089543041,110.121556518297,108.991051715269
-108.327766670474,109.995130189659,108.988635352607
-108.458294813073,109.868550048275,108.986218989946
-108.588673791263,109.741816271206,108.983802627285
-108.718903425659,109.614929035743,108.981386264624
-108.848983537123,109.48788851935,108.978969901962
-108.978913946696,109.360694899733,108.976553539301
-109.108694475655,109.233348354781,108.97413717664
-109.238324945452,109.105849062628,108.971720813978
-109.367805177815,108.978197201554,108.969304451317
-109.497134994614,108.850392950114,108.966888088656
-109.626314218001,108.722436487002,108.964471725995
-109.755342670286,108.594327991175,108.962055363333
-109.884220174028,108.46606764176,108.959639000672
-110.012946551988,108.337655618102,108.957222638011
-110.141521627154,108.209092099738,108.95480627535
-110.269945222695,108.080377266447,108.952389912688
-110.398217162039,107.951511298164,108.949973550027
-110.526337268809,107.822494375051,108.947557187366
-110.654305366819,107.693326677501,108.945140824705
-110.782121280158,107.564008386048,108.942724462043
-110.909784833072,107.434539681492,108.940308099382
-111.037295850071,107.304920744785,108.937891736721
-111.164654155835,107.175151757132,108.935475374059
-111.291859575295,107.045232899907,108.933059011398
-111.418911933599,106.915164354681,108.930642648737
-111.545811056079,106.784946303268,108.928226286076
-111.67255676834,106.654578927622,108.925809923414
-111.799148896139,106.524062409971,108.923393560753
-111.925587265517,106.393396932671,108.920977198092
-112.051871702677,106.262582678342,108.918560835431
-112.178002034076,106.131619829767,108.916144472769
-112.303978086376,106.000508569942,108.913728110108
-112.429799686459,105.869249082063,108.911311747447
-112.555466661427,105.737841549527,108.908895384786
-112.680978838601,105.60628615593,108.906479022124
-112.806336045532,105.474583085056,108.904062659463
-112.93153810997,105.342732520911,108.901646296802
-113.056584859905,105.21073464768,108.89922993414
-113.181476123528,105.078589649765,108.896813571479
-113.306211729282,104.946297711736,108.894397208818
-113.430791505776,104.813859018417,108.891980846157
-113.555215281917,104.681273754749,108.889564483495
-113.679482886757,104.548542105953,108.887148120834
-113.803594149612,104.4156642574,108.884731758173
-113.92754890002,104.282640394659,108.882315395512
-114.051346967721,104.149470703517,108.87989903285
-114.174988182697,104.016155369938,108.877482670189
-114.298472375141,103.88269458009,108.875066307528
-114.42179937546,103.749088520353,108.872649944867
-114.544969014292,103.615337377289,108.870233582205
-114.667981122522,103.48144133763,108.867817219544
-114.790835531224,103.347400588343,108.865400856883
-114.913532071708,103.213215316575,108.862984494221
-115.036070575517,103.078885709656,108.86056813156
-115.158450874398,102.944411955137,108.858151768899
-115.28067280033,102.809794240748,108.855735406238
-115.40273618552,102.675032754416,108.853319043576
-115.524640862419,102.540127684234,108.850902680915
-115.64638666366,102.405079218541,108.848486318254
-115.767973422134,102.26988754583,108.846069955593
-115.889400970945,102.134552854799,108.843653592931
-116.010669143435,101.999075334328,108.84123723027
-116.131777773139,101.863455173524,108.838820867609
-116.252726693859,101.72769256164,108.836404504948
-116.373515739595,101.591787688154,108.833988142286
-116.49414474459,101.455740742713,108.831571779625
-116.614613543295,101.319551915181,108.829155416964
-116.73492197041,101.183221395585,108.826739054302
-116.855069860849,101.046749374159,108.824322691641
-116.975057049754,100.910136041324,108.82190632898
-117.094883372484,100.773381587706,108.819489966319
-117.214548664658,100.636486204083,108.817073603657
-117.334052762091,100.499450081458,108.814657240996
-117.453395500846,100.362273411,108.812240878335
-117.572576717194,100.224956384094,108.809824515674
-117.691596247646,100.087499192298,108.807408153012
-117.810453928962,99.9499020273356,108.804991790351
-117.929149598088,99.8121650811671,108.80257542769
-118.047683092221,99.6742885459173,108.800159065029
-118.166054248809,99.5362726138724,108.797742702367
-118.284262905498,99.3981174775446,108.795326339706
-118.402308900173,99.25982332962,108.792909977045
-118.52019207095,99.121390362972,108.790493614383
-118.637912256185,98.9828187706478,108.788077251722
-118.755469294446,98.844108745906,108.785660889061
-118.872863024549,98.7052604821665,108.7832445264
-118.990093285522,98.5662741730596,108.780828163738
-119.107159916644,98.4271500123763,108.778411801077
-119.224062757428,98.2878881940924,108.775995438416
-119.340801647583,98.148488912407,108.773579075755
-119.457376427084,98.0089523616657,108.771162713093
-119.573786936127,97.8692787364109,108.768746350432
-119.69003301515,97.7294682313567,108.766329987771
-119.806114504803,97.5895210414264,108.76391362511
-119.922031245988,97.4494373617011,108.761497262448
-120.037783079822,97.3092173874713,108.759080899787
-120.153369847672,97.1688613141841,108.756664537126
-120.268791391121,97.0283693374957,108.754248174464
-120.384047552013,96.8877416532056,108.751831811803
-120.499138172398,96.7469784573343,108.749415449142
-120.614063094557,96.6060799460841,108.746999086481
-120.728822161037,96.4650463158004,108.744582723819
-120.8434152146,96.3238777630351,108.742166361158
-120.95784209823,96.182574484535,108.739749998497
-121.072102655157,96.0411366772137,108.737333635836
-121.186196728856,95.899564538153,108.734917273174
-121.300124163017,95.7578582646406,108.732500910513
-121.413884801594,95.6160180541051,108.730084547852
-121.527478488738,95.4740441042067,108.727668185191
-121.640905068875,95.3319366127327,108.725251822529
-121.754164386627,95.189695777702,108.722835459868
-121.867256286892,95.0473217972599,108.720419097207
-121.980180614775,94.904814869769,108.718002734545
-122.092937215636,94.7621751937444,108.715586371884
-122.205525935052,94.619402967905,108.713170009223
-122.317946618848,94.4764983911346,108.710753646562
-122.430199113105,94.3334616624676,108.7083372839
-122.542283264103,94.1902929811684,108.705920921239
-122.654198918387,94.0469925466384,108.703504558578
-122.765945922741,93.903560558456,108.701088195917
-122.877524124156,93.7599972164145,108.698671833255
-122.988933369904,93.6163027204314,108.696255470594
-123.100173507461,93.4724772706384,108.693839107933
-123.211244384554,93.3285210673302,108.691422745272
-123.32214584916,93.1844343109627,108.68900638261
-123.432877749481,93.0402172021803,108.686590019949
-123.543439933951,92.8958699418148,108.684173657288
-123.653832251273,92.7513927308327,108.681757294626
-123.764054550349,92.6067857704271,108.679340931965
-123.87410668035,92.4620492619253,108.676924569304
-123.983988490688,92.3171834068278,108.674508206643
-124.093699830985,92.1721884068479,108.672091843981
-124.203240551142,92.0270644638187,108.66967548132
-124.312610501281,91.8818117797723,108.667259118659
-124.421809531757,91.7364305569261,108.664842755998
-124.530837493173,91.5909209976565,108.662426393336
-124.639694236392,91.4452833044845,108.660010030675
-124.748379612483,91.299517680156,108.657593668014
-124.856893472782,91.1536243275477,108.655177305353
-124.965235668858,91.0076034497206,108.652760942691
-125.073406052533,90.8614552498927,108.65034458003
-125.18140447584,90.7151799314922,108.647928217369
-125.289230791093,90.5687776980638,108.645511854707
-125.396884850831,90.4222487533486,108.643095492046
-125.504366507824,90.2755933012703,108.640679129385
-125.611675615095,90.1288115459081,108.638262766724
-125.718812025919,89.9819036914969,108.635846404062
-125.825775593816,89.8348699424394,108.633430041401
-125.932566172509,89.6877105033609,108.63101367874
-126.039183616033,89.5404255789598,108.628597316079
-126.145627778599,89.3930153741966,108.626180953417
-126.2518985147,89.2454800941452,108.623764590756
-126.357995679074,89.0978199440462,108.621348228095
-126.463919126684,88.9500351293342,108.618931865434
-126.569668712755,88.802125855583,108.616515502772
-126.675244292749,88.654092328546,108.614099140111
-126.780645722364,88.5059347541559,108.61168277745
-126.885872857559,88.357653338484,108.609266414788
-126.990925554531,88.2092482877802,108.606850052127
-127.095803669723,88.0607198084594,108.604433689466
-127.200507059812,87.9120681071148,108.602017326805
-127.30503558176,87.7632933904493,108.599600964143
-127.409389092719,87.6143958654118,108.597184601482
-127.513567450133,87.4653757390466,108.594768238821
-127.617570511674,87.3162332185887,108.59235187616
-127.721398135252,87.1669685114502,108.589935513498
-127.825050179039,87.0175818251785,108.587519150837
-127.928526501441,86.8680733675108,108.585102788176
-128.031826961134,86.7184433463059,108.582686425515
-128.134951417007,86.5686919696393,108.580270062853
-128.237899728231,86.4188194456927,108.577853700192
-128.340671754192,86.268825982865,108.575437337531
-128.443267354555,86.1187117896608,108.573020974869
-128.54568638922,85.9684770747728,108.570604612208
-128.647928718322,85.8181220470683,108.568188249547
-128.749994202255,85.6676469155609,108.565771886886
-128.851882701681,85.5170518893966,108.563355524224
-128.953594077473,85.366337177936,108.560939161563
-129.055128190772,85.2155029906716,108.558522798902
-129.156484902984,85.0645495372271,108.556106436241
-129.257664075739,84.9134770274268,108.553690073579
-129.358665570935,84.7622856712252,108.551273710918
-129.459489250692,84.6109756787767,108.548857348257
-129.560134977406,84.459547260352,108.546440985596
-129.660602613732,84.3080006263656,108.544024622934
-129.760892022532,84.156335987458,108.541608260273
-129.861003066971,84.0045535543443,108.539191897612
-129.96093561042,83.8526535379646,108.53677553495
-130.060689516526,83.7006361493745,108.534359172289
-130.16026464918,83.548501599799,108.531942809628
-130.259660872523,83.396250100619,108.529526446967
-130.358878050949,83.2438818633711,108.527110084305
-130.4579160491,83.0913970997464,108.524693721644
-130.556774731881,82.9387960215776,108.522277358983
-130.655453964432,82.7860788408794,108.519860996322
-130.75395361215,82.6332457698067,108.51744463366
-130.852273540705,82.4802970206409,108.515028270999
-130.950413615974,82.327232805886,108.512611908338
-131.048373704139,82.1740533381166,108.510195545677
-131.146153671601,82.0207588301151,108.507779183015
-131.243753385012,81.8673494948177,108.505362820354
-131.341172711304,81.7138255452701,108.502946457693
-131.438411517635,81.5601871947127,108.500530095031
-131.535469671427,81.4064346565237,108.49811373237
-131.632347040354,81.2525681442323,108.495697369709
-131.729043492362,81.0985878714914,108.493281007048
-131.825558895606,80.9444940521749,108.490864644386
-131.921893118538,80.790286900237,108.488448281725
-132.01804602985,80.63596662981,108.486031919064
-132.114017498486,80.4815334551768,108.483615556403
-132.209807393644,80.3269875907696,108.481199193741
-132.305415584777,80.1723292511699,108.47878283108
-132.400841941595,80.0175586511087,108.476366468419
-132.496086334059,79.8626760054656,108.473950105758
-132.591148632398,79.7076815292542,108.471533743096
-132.686028707077,79.5525754376651,108.469117380435
-132.780726428824,79.3973579460225,108.466701017774
-132.875241668634,79.2420292697837,108.464284655112
-132.969574297746,79.0865896245677,108.461868292451
-133.063724187659,78.9310392261402,108.45945192979
-133.157691210115,78.7753782904282,108.457035567129
-133.251475237143,78.6196070334621,108.454619204467
-133.345076140997,78.463725671461,108.452202841806
-133.438493794194,78.3077344207897,108.449786479145
-133.531728069528,78.151633497916,108.447370116484
-133.624778840037,77.995423119481,108.444953753822
-133.717645979004,77.8391035022849,108.442537391161
-133.810329359981,77.6826748632584,108.4401210285
-133.902828856785,77.526137419462,108.437704665839
-133.99514434348,77.3694913881142,108.435288303177
-134.087275694391,77.2127369865773,108.432871940516
-134.179222784099,77.0558744323568,108.430455577855
-134.270985487435,76.8989039431157,108.428039215193
-134.362563679514,76.7418257366162,108.425622852532
-134.453957235684,76.5846400308065,108.423206489871
-134.545166031559,76.4273470437618,108.42079012721
-134.636189943023,76.2699469936853,108.418373764548
-134.727028846207,76.1124400989357,108.415957401887
-134.817682617486,75.9548265780416,108.413541039226
-134.908151133537,75.7971066496007,108.411124676565
-134.998434271253,75.6392805324229,108.408708313903
-135.088531907811,75.4813484454151,108.406291951242
-135.178443920643,75.3233106076389,108.403875588581
-135.268170187436,75.1651672382949,108.40145922592
-135.357710586149,75.006918556709,108.399042863258
-135.447064994974,74.8485647823892,108.396626500597
-135.536233292399,74.6901061349242,108.394210137936
-135.625215357153,74.5315428340703,108.391793775274
-135.714011068211,74.3728750997507,108.389377412613
-135.802620304849,74.2141031519537,108.386961049952
-135.891042946564,74.0552272108775,108.384544687291
-135.979278873137,73.8962474968142,108.382128324629
-136.067327964605,73.7371642302068,108.379711961968
-136.155190101255,73.5779776316496,108.377295599307
-136.24286516366,73.4186879218294,108.374879236646
-136.330353032635,73.2592953216124,108.372462873984
-136.417653589266,73.0998000519712,108.370046511323
-136.504766714883,72.9402023340575,108.367630148662
-136.591692291115,72.7805023890851,108.365213786001
-136.678430199807,72.6207004384895,108.362797423339
-136.764980323103,72.4607967037682,108.360381060678
-136.851342543407,72.3007914065664,108.357964698017
-136.93751674335,72.1406847687223,108.355548335355
-137.023502805874,71.9804770121193,108.353131972694
-137.109300614153,71.8201683588321,108.350715610033
-137.194910051634,71.6597590310543,108.348299247372
-137.280331002023,71.4992492511112,108.34588288471
-137.365563349293,71.3386392414604,108.343466522049
-137.450606977688,71.1779292246767,108.341050159388
-137.535461771699,71.0171194234958,108.338633796727
-137.62012761609,70.8562100607698,108.336217434065
-137.704604395895,70.6952013594668,108.333801071404
-137.788891996414,70.5340935426857,108.331384708743
-137.872990303181,70.3728868337143,108.328968346082
-137.956899202038,70.211581455882,108.32655198342
-138.040618579063,70.0501776327069,108.324135620759
-138.124148320607,69.8886755878214,108.321719258098
-138.207488313284,69.7270755449871,108.319302895436
-138.290638443975,69.5653777280939,108.316886532775
-138.373598599833,69.4035823611455,108.314470170114
-138.45636866826,69.2416896683034,108.312053807453
-138.538948536934,69.0796998738417,108.309637444791
-138.62133809381,68.9176132021322,108.30722108213
-138.703537227083,68.7554298777333,108.304804719469
-138.785545825233,68.5931501252856,108.302388356808
-138.867363776993,68.4307741695858,108.299971994146
-138.948990971384,68.2683022355121,108.297555631485
-139.03042729767,68.1057345481132,108.295139268824
-139.111672645391,67.9430713325483,108.292722906163
-139.192726904352,67.7803128141019,108.290306543501
-139.273589964634,67.6174592181685,108.28789018084
-139.354261716568,67.4545107702968,108.285473818179
-139.434742050768,67.2914676961298,108.283057455517
-139.5150308581,67.1283302214648,108.280641092856
-139.595128029714,66.965098572192,108.278224730195
-139.675033457016,66.8017729743405,108.275808367534
-139.754747031684,66.6383536540621,108.273392004872
-139.834268645654,66.4748408376461,108.270975642211
-139.913598191153,66.3112347514596,108.26855927955
-139.992735560652,66.1475356220359,108.266142916889
-140.071680646901,65.9837436760157,108.263726554227
-140.150433342921,65.8198591401458,108.261310191566
-140.228993541992,65.655882241324,108.258893828905
-140.307361137673,65.4918132065389,108.256477466244
-140.38553602378,65.3276522629295,108.254061103582
-140.463518094409,65.1633996377247,108.251644740921
-140.541307243915,64.9990555583036,108.24922837826
-140.618903366939,64.8346202521192,108.246812015598
-140.696306358367,64.6700939468041,108.244395652937
-140.773516113379,64.5054768700495,108.241979290276
-140.850532527406,64.3407692497101,108.239562927615
-140.927355496154,64.1759713137436,108.237146564953
-141.003984915599,64.011083290226,108.234730202292
-141.080420681996,63.8461054073354,108.232313839631
-141.156662691852,63.6810378933974,108.22989747697
-141.232710841962,63.5158809768242,108.227481114308
-141.308565029383,63.3506348861595,108.225064751647
-141.384225151434,63.1852998500791,108.222648388986
-141.45969110572,63.0198760973435,108.220232026324
-141.534962790109,62.8543638568447,108.217815663663
-141.610040102741,62.6887633575895,108.215399301002
-141.684922942033,62.5230748286849,108.212982938341
-141.759611206651,62.3572984993976,108.210566575679
-141.834104795562,62.1914345990483,108.208150213018
-141.908403607983,62.025483357117,108.205733850357
-141.982507543414,61.8594450031672,108.203317487696
-142.056416501623,61.6933197668909,108.200901125034
-142.130130382636,61.5271078781232,108.198484762373
-142.20364908678,61.3608095667364,108.196068399712
-142.276972514632,61.1944250627756,108.193652037051
-142.35010056704,61.0279545963983,108.191235674389
-142.423033145135,60.8613983978431,108.188819311728
-142.495770150324,60.69475669746,108.186402949067
-142.568311484269,60.5280297257407,108.183986586405
-142.640657048916,60.3612177132723,108.181570223744
-142.712806746478,60.1943208907524,108.179153861083
-142.784760479453,60.0273394889736,108.176737498422
-142.856518150602,59.8602737388531,108.17432113576
-142.928079662946,59.6931238714489,108.171904773099
-142.999444919812,59.525890117851,108.169488410438
-143.070613824776,59.3585727093198,108.167072047777
-143.141586281686,59.1911718772241,108.164655685115
-143.212362194676,59.0236878530103,108.162239322454
-143.282941468154,58.8561208682325,108.159822959793
-143.353324006782,58.6884711545987,108.157406597132
-143.423509715523,58.5207389438622,108.15499023447
-143.493498499594,58.3529244679297,108.152573871809
-143.563290264498,58.1850279587835,108.150157509148
-143.632884916,58.0170496485429,108.147741146486
-143.702282360147,57.8489897694181,108.145324783825
-143.771482503264,57.6808485537088,108.142908421164
-143.840485251947,57.5126262338358,108.140492058503
-143.909290513066,57.3443230423249,108.138075695841
-143.977898193763,57.1759392118063,108.13565933318
-144.04630820146,57.0074749750145,108.133242970519
-144.114520443843,56.8389305648035,108.130826607858
-144.182534828894,56.6703062140846,108.128410245196
-144.250351264859,56.5016021559033,108.125993882535
-144.317969660244,56.3328186234387,108.123577519874
-144.385389923858,56.163955849911,108.121161157213
-144.452611964771,55.9950140686739,108.118744794551
-144.519635692324,55.825993513198,108.11632843189
-144.586461016145,55.656894417025,108.113912069229
-144.653087846133,55.4877170138134,108.111495706567
-144.719516092457,55.318461537338,108.109079343906
-144.785745665579,55.1491282214279,108.106662981245
-144.851776476219,54.9797173000594,108.104246618584
-144.917608435375,54.8102290073083,108.101830255922
-144.983241454339,54.6406635773038,108.099413893261
-145.048675444661,54.4710212443212,108.0969975306
-145.113910318179,54.3013022427039,108.094581167939
-145.178945986997,54.1315068069243,108.092164805277
-145.243782363508,53.9616351715232,108.089748442616
-145.30841936037,53.7916875711698,108.087332079955
-145.372856890529,53.6216642406002,108.084915717294
-145.437094867203,53.4515654146636,108.082499354632
-145.501133203881,53.2813913283217,108.080082991971
-145.564971814348,53.1111422165861,108.07766662931
-145.628610612648,52.9408183146119,108.075250266648
-145.692049513109,52.7704198576345,108.072833903987
-145.755288430336,52.5999470809852,108.070417541326
-145.818327279214,52.4294002200905,108.068001178665
-145.881165974908,52.2587795104569,108.065584816003
-145.943804432853,52.0880851877164,108.063168453342
-146.006242568773,51.9173174875643,108.060752090681
-146.068480298661,51.746476645806,108.05833572802
-146.130517538789,51.5755628983561,108.055919365358
-146.192354205713,51.4045764811911,108.053503002697
-146.253990216265,51.2335176303971,108.051086640036
-146.315425487556,51.062386582152,108.048670277375
-146.376659936972,50.8911835727272,108.046253914713
-146.437693482183,50.7199088384853,108.043837552052
-146.49852604114,50.5485626158657,108.041421189391
-146.559157532063,50.3771451414303,108.039004826729
-146.619587873457,50.2056566518168,108.036588464068
-146.679816984107,50.0340973837535,108.034172101407
-146.739844783085,49.8624675740278,108.031755738746
-146.799671189724,49.6907674595802,108.029339376084
-146.859296123647,49.5189972774095,108.026923013423
-146.918719504767,49.3471572645727,108.024506650762
-146.977941253259,49.1752476582631,108.022090288101
-147.036961289581,49.0032686957629,108.019673925439
-147.095779534478,48.831220614411,108.017257562778
-147.154395908978,48.6591036516351,108.014841200117
-147.212810334378,48.4869180449819,108.012424837456
-147.271022732259,48.3146640320697,108.010008474794
-147.329033024489,48.1423418505887,108.007592112133
-147.386841133205,47.9699517383469,108.005175749472
-147.444446980837,47.7974939332079,108.00275938681
-147.501850490081,47.6249686731524,108.000343024149
-147.559051583934,47.4523761962005,107.997926661488
-147.616050185651,47.2797167405202,107.995510298827
-147.672846218782,47.1069905443174,107.993093936165
-147.729439607149,46.9341978459149,107.990677573504
-147.785830274872,46.7613388836725,107.988261210843
-147.84201814634,46.5884138960654,107.985844848182
-147.898003146212,46.4154231216848,107.98342848552
-147.953785199451,46.242366799142,107.981012122859
-148.009364231286,46.0692451671789,107.978595760198
-148.064740167236,45.8960584645886,107.976179397537
-148.119912933093,45.7228069302787,107.973763034875
-148.174882454935,45.549490803223,107.971346672214
-148.229648659132,45.3761103224451,107.968930309553
-148.284211472321,45.2026657270984,107.966513946891
-148.33857082142,45.0291572564171,107.96409758423
-148.39272663364,44.8555851496845,107.961681221569
-148.44667883647,44.6819496462805,107.959264858908
-148.500427357684,44.5082509856494,107.956848496246
-148.55397212533,44.3344894073467,107.954432133585
-148.607313067743,44.1606651509922,107.952015770924
-148.66045011354,43.9867784562845,107.949599408263
-148.713383191625,43.8128295629852,107.947183045601
-148.766112231176,43.6388187109664,107.94476668294
-148.818637161664,43.4647461401465,107.942350320279
-148.870957912837,43.2906120905377,107.939933957618
-148.923074414724,43.1164168022297,107.937517594956
-148.974986597636,42.9421605154055,107.935101232295
-149.026694392179,42.7678434702771,107.932684869634
-149.078197729223,42.5934659071965,107.930268506972
-149.129496539941,42.4190280665287,107.927852144311
-149.180590755774,42.244530188762,107.92543578165
-149.231480308454,42.0699725144444,107.923019418989
-149.282165129993,41.895355284199,107.920603056327
-149.332645152692,41.720678738708,107.918186693666
-149.382920309132,41.5459431187441,107.915770331005
-149.432990532173,41.3711486651699,107.913353968344
-149.482855754963,41.1962956189064,107.910937605682
-149.532515910943,41.0213842209154,107.908521243021
-149.581970933819,40.8464147122965,107.90610488036
-149.631220757601,40.671387334158,107.903688517699
-149.680265316562,40.4963023277447,107.901272155037
-149.729104545276,40.3211599343254,107.898855792376
-149.7777383786,40.1459603952412,107.896439429715
-149.826166751664,39.9707039519361,107.894023067053
-149.874389599891,39.7953908459099,107.891606704392
-149.92240685899,39.6200213187169,107.889190341731
-149.970218464947,39.4445956120141,107.88677397907
-150.017824354036,39.2691139675123,107.884357616408
-150.065224462825,39.0935766269606,107.881941253747
-150.112418728149,38.9179838322413,107.879524891086
-150.159407087142,38.742335825258,107.877108528425
-150.206189477213,38.5666328480153,107.874692165763
-150.252765836069,38.3908751425379,107.872275803102
-150.299136101689,38.2150629509669,107.869859440441
-150.345300212343,38.0391965154951,107.86744307778
-150.391258106584,37.8632760783832,107.865026715118
-150.437009723253,37.6873018819584,107.862610352457
-150.482555001476,37.5112741685992,107.860193989796
-150.527893880661,37.3351931807824,107.857777627134
-150.573026300508,37.1590591610189,107.855361264473
-150.617952200992,36.9828723519175,107.852944901812
-150.662671522384,36.8066329961205,107.850528539151
-150.707184205238,36.6303413363512,107.848112176489
-150.751490190391,36.4539976153977,107.845695813828
-150.795589418962,36.2776020761289,107.843279451167
-150.83948183237,36.1011549614292,107.840863088506
-150.883167372306,35.9246565142953,107.838446725844
-150.926645980752,35.7481069777711,107.836030363183
-150.969917599975,35.5715065949638,107.833614000522
-151.01298217253,35.3948556090433,107.831197637861
-151.055839641261,35.2181542632257,107.828781275199
-151.09848994929,35.0414028008216,107.826364912538
-151.140933040033,34.8646014651708,107.823948549877
-151.183168857185,34.6877504997072,107.821532187215
-151.225197344741,34.5108501478773,107.819115824554
-151.267018446964,34.3339006532526,107.816699461893
-151.308632108418,34.156902259417,107.814283099232
-151.350038273942,33.9798552100462,107.81186673657
-151.391236888678,33.8027597488279,107.809450373909
-151.432227898039,33.6256161195571,107.807034011248
-151.473011247733,33.4484245660719,107.804617648587
-151.513586883754,33.2711853322529,107.802201285925
-151.553954752375,33.0938986620879,107.799784923264
-151.59411480017,32.9165647995575,107.797368560603
-151.634066973992,32.7391839887327,107.794952197942
-151.673811220979,32.5617564737582,107.79253583528
-151.713347488561,32.3842824988028,107.790119472619
-151.752675724455,32.2067623081088,107.787703109958
-151.791795876658,32.0291961459909,107.785286747296
-151.830707893465,31.8515842567871,107.782870384635
-151.869411723453,31.6739268849074,107.780454021974
-151.907907315489,31.4962242748013,107.778037659313
-151.946194618719,31.3184766710215,107.775621296651
-151.984273582586,31.1406843181269,107.77320493399
-152.022144156822,30.9628474607306,107.770788571329
-152.059806291441,30.784966343516,107.768372208668
-152.09725993674,30.6070412112528,107.765955846006
-152.134505043315,30.4290723086987,107.763539483345
-152.171541562046,30.2510598806971,107.761123120684
-152.208369444096,30.0730041721602,107.758706758023
-152.244988640923,29.8949054280198,107.756290395361
-152.281399104269,29.7167638932762,107.7538740327
-152.317600786165,29.5385798129813,107.751457670039
-152.353593638926,29.3603534322544,107.749041307377
-152.389377615165,29.1820849962167,107.746624944716
-152.424952667775,29.0037747500894,107.744208582055
-152.460318749939,28.8254229391272,107.741792219394
-152.495475815129,28.6470298086349,107.739375856732
-152.530423817107,28.4685956039505,107.736959494071
-152.56516270992,28.2901205704941,107.73454313141
-152.599692447908,28.1116049537015,107.732126768749
-152.634012985692,27.9330489990903,107.729710406087
-152.668124278188,27.7544529522097,107.727294043426
-152.702026280603,27.5758170586242,107.724877680765
-152.735718948424,27.397141564011,107.722461318104
-152.769202237434,27.2184267140459,107.720044955442
-152.802476103701,27.0396727544673,107.717628592781
-152.835540503586,26.8608799310444,107.71521223012
-152.868395393729,26.6820484896413,107.712795867458
-152.90104073107,26.5031786761187,107.710379504797
-152.933476472836,26.3242707363831,107.707963142136
-152.965702576537,26.1453249164189,107.705546779475
-152.997718999975,25.9663414622388,107.703130416813
-153.029525701245,25.7873206198838,107.700714054152
-153.061122638728,25.608262635455,107.698297691491
-153.09250977109,25.4291677551142,107.69588132883
-153.123687057292,25.2500362250499,107.693464966168
-153.154654456585,25.0708682914611,107.691048603507
-153.185411928504,24.8916642006552,107.688632240846
-153.215959432879,24.7124241989162,107.686215878185
-153.246296929822,24.5331485326363,107.683799515523
-153.276424379742,24.3538374481996,107.681383152862
-153.306341743336,24.1744911920322,107.678966790201
-153.336048981585,23.9951100106338,107.676550427539
-153.365546055766,23.8156941505283,107.674134064878
-153.394832927443,23.6362438582639,107.671717702217
-153.423909558467,23.4567593804616,107.669301339556
-153.452775910983,23.2772409637656,107.666884976894
-153.481431947424,23.097688854843,107.664468614233
-153.509877630514,22.9181033004166,107.662052251572
-153.538112923261,22.7384845472642,107.659635888911
-153.566137788974,22.5588328421526,107.657219526249
-153.59395219124,22.3791484319523,107.654803163588
-153.621556093941,22.1994315635224,107.652386800927
-153.64894946125,22.0196824837756,107.649970438266
-153.676132257632,21.8399014396452,107.647554075604
-153.703104447832,21.6600886781505,107.645137712943
-153.729865996897,21.4802444462812,107.642721350282
-153.756416870157,21.3003689911125,107.64030498762
-153.782757033235,21.1204625597222,107.637888624959
-153.808886452042,20.9405253992563,107.635472262298
-153.83480509278,20.7605577568629,107.633055899637
-153.860512921941,20.5805598797576,107.630639536975
-153.886009906309,20.4005320151573,107.628223174314
-153.911296012956,20.2204744103294,107.625806811653
-153.936371209245,20.0403873125749,107.623390448992
-153.96123546283,19.8602709692277,107.62097408633
-153.985888741652,19.6801256276715,107.618557723669
-154.010331013949,19.4999515352729,107.616141361008
-154.034562248244,19.3197489394802,107.613724998347
-154.05858241335,19.1395180877573,107.611308635685
-154.082391478373,18.9592592275992,107.608892273024
-154.105989412712,18.778972606516,107.606475910363
-154.129376186049,18.5986584720815,107.604059547701
-154.152551768364,18.4183170718669,107.60164318504
-154.175516129923,18.2379486534905,107.599226822379
-154.198269241284,18.0575534646163,107.596810459718
-154.220811073294,17.8771317529217,107.594394097056
-154.243141597096,17.6966837660801,107.591977734395
-154.265260784116,17.5162097518601,107.589561371734
-154.287168606078,17.3357099579921,107.587145009073
-154.30886503499,17.1551846323012,107.584728646411
-154.330350043158,16.9746340225739,107.58231228375
-154.351623603171,16.7940583766739,107.579895921089
-154.372685687913,16.6134579424918,107.577479558428
-154.393536270562,16.4328329678791,107.575063195766
-154.414175324578,16.2521837008126,107.572646833105
-154.434602823723,16.0715103891965,107.570230470444
-154.454818742038,15.8908132810592,107.567814107782
-154.474823053866,15.710092624356,107.565397745121
-154.494615733832,15.5293486671494,107.56298138246
-154.514196756856,15.348581657494,107.560565019799
-154.533566098152,15.1677918434351,107.558148657137
-154.552723733217,14.9869794731088,107.555732294476
-154.571669637849,14.8061447946085,107.553315931815
-154.590403788126,14.625288056117,107.550899569154
-154.608926160428,14.444409505774,107.548483206492
-154.627236731415,14.263509391808,107.546066843831
-154.645335478049,14.0825879624038,107.54365048117
-154.663222377577,13.901645465801,107.541234118509
-154.680897407534,13.7206821502944,107.538817755847
-154.698360545756,13.5396982641167,107.536401393186
-154.715611770359,13.3586940556215,107.533985030525
-154.732651059759,13.1776697730998,107.531568667863
-154.749478392658,12.9966256648962,107.529152305202
-154.766093748052,12.8155619793754,107.526735942541
-154.782497105226,12.6344789649211,107.52431957988
-154.798688443757,12.4533768699534,107.521903217218
-154.814667743515,12.2722559428613,107.519486854557
-154.830434984657,12.0911164321189,107.517070491896
-154.845990147636,11.9099585861518,107.514654129235
-154.861333213193,11.7287826534704,107.512237766573
-154.876464162364,11.5475888825191,107.509821403912
-154.891382976471,11.3663775218596,107.507405041251
-154.906089637131,11.1851488199869,107.50498867859
-154.920584126251,11.0039030254629,107.502572315928
-154.934866426031,10.822640386832,107.500155953267
-154.948936518959,10.641361152688,107.497739590606
-154.962794387819,10.4600655716067,107.495323227944
-154.97644001568,10.2787538922124,107.492906865283
-154.989873385911,10.0974263630944,107.490490502622
-155.003094482164,9.91608323292285,107.488074139961
-155.016103288387,9.73472475031552,107.485657777299
-155.028899788818,9.55335116397069,107.483241414638
-155.041483967987,9.37196272253346,107.480825051977
-155.053855810713,9.19055967472823,107.478408689316
-155.066015302112,9.00914226922611,107.475992326654
-155.077962427586,8.82771075476018,107.473575963993
-155.08969717283,8.64626538004268,107.471159601332
-155.101219523831,8.4648063938305,107.468743238671
-155.112529466868,8.28333404487542,107.466326876009
-155.123626988509,8.10184858192373,107.463910513348
-155.134512075617,7.92035025374908,107.461494150687
-155.145184715342,7.73883930915177,107.459077788025
-155.155644895131,7.55731599689267,107.456661425364
-155.165892602716,7.37578056580873,107.454245062703
-155.175927826127,7.19423326469623,107.451828700042
-155.18575055368,7.0126743423773,107.44941233738
-155.195360773986,6.83110404768227,107.446995974719
-155.204758475945,6.64952262945051,107.444579612058
-155.213943648751,6.46793033652881,107.442163249397
-155.222916281888,6.28632741775507,107.439746886735
-155.23167636513,6.10471412200796,107.437330524074
-155.240223888546,5.92309069815632,107.434914161413
-155.248558842494,5.7414573950589,107.432497798752
-155.256681217623,5.55981446159741,107.43008143609
-155.264591004876,5.37816214667631,107.427665073429
-155.272288195484,5.19650069918885,107.425248710768
-155.279772780973,5.01483036800013,107.422832348106
-155.287044753157,4.83315140204706,107.420415985445
-155.294104104145,4.65146405022079,107.417999622784
-155.300950826335,4.46976856143362,107.415583260123
-155.307584912418,4.28806518458509,107.413166897461
-155.314006355374,4.10635416862805,107.4107505348
-155.320215148477,3.92463576246863,107.408334172139
-155.326211285291,3.7429102150161,107.405917809478
-155.331994759671,3.56117777521521,107.403501446816
-155.337565565766,3.37943869199634,107.401085084155
-155.342923698014,3.19769321427529,107.398668721494
-155.348069151145,3.0159415910022,107.396252358833
-155.35300192018,2.83418407109538,107.393835996171
-155.357722000433,2.65242090350735,107.39141963351
-155.362229387507,2.47065233715758,107.389003270849
-155.366524077298,2.28887862098236,107.386586908187
-155.370606065993,2.10710000391791,107.384170545526
-155.374475350071,1.92531673489964,107.381754182865
-155.378131926301,1.74352906287889,107.379337820204
-155.381575791744,1.56173723675596,107.376921457542
-155.384806943753,1.37994150547939,107.374505094881
-155.387825379971,1.19814211797899,107.37208873222
-155.390631098333,1.01633932318242,107.369672369559
-155.393224097066,0.834533369998361,107.367256006897
-155.395604374686,0.652724507365659,107.364839644236
-155.397771930003,0.470912984202917,107.362423281575
-155.399726762117,0.289099049409113,107.360006918914
-155.40146887042,0.107282951912113,107.357590556252
-155.402998254593,-0.0745350593977737,107.355174193591
-155.40431491461,-0.256354735617901,107.35275783093
-155.405418850737,-0.438175827851152,107.350341468268
-155.40631006353,-0.619998087188614,107.347925105607
-155.406988553836,-0.801821264760436,107.345508742946
-155.407454322793,-0.983645111686342,107.343092380285
-155.407707371831,-1.16546937910868,107.340676017623
-155.407747702672,-1.34729381812694,107.338259654962
-155.407575317326,-1.52911817991386,107.335843292301
-155.407190218097,-1.71094221559974,107.33342692964
-155.406592407578,-1.89276567633927,107.331010566978
-155.405781888656,-2.07458831331175,107.328594204317
-155.404758664506,-2.25640987765515,107.326177841656
-155.403522738595,-2.43823012059916,107.323761478995
-155.402074114681,-2.62004879329913,107.321345116333
-155.400412796814,-2.80186564697019,107.318928753672
-155.398538789334,-2.98368043280371,107.316512391011
-155.396452096872,-3.16549290203436,107.314096028349
-155.394152724349,-3.34730280589071,107.311679665688
-155.391640676979,-3.52910989561192,107.309263303027
-155.388915960266,-3.71091392244857,107.306846940366
-155.385978580003,-3.89271463766236,107.304430577704
-155.382828542278,-4.07451179252695,107.302014215043
-155.379465853465,-4.25630513832811,107.299597852382
-155.375890520232,-4.43809442638061,107.297181489721
-155.372102549537,-4.61987940796211,107.294765127059
-155.368101948629,-4.80165983443017,107.292348764398
-155.363888725046,-4.9834354571223,107.289932401737
-155.359462886619,-5.16520602737343,107.287516039076
-155.354824441469,-5.3469712965492,107.285099676414
-155.349973398005,-5.52873101606271,107.282683313753
-155.344909764933,-5.71048493725929,107.280266951092
-155.339633551242,-5.89223281159889,107.27785058843
-155.334144766217,-6.0739743904738,107.275434225769
-155.328443419431,-6.25570942535895,107.273017863108
-155.322529520749,-6.43743766767854,107.270601500447
-155.316403080324,-6.61915886892368,107.268185137785
-155.310064108603,-6.80087278058538,107.265768775124
-155.30351261632,-6.98257915418855,107.263352412463
-155.296748614502,-7.16427774124255,107.260936049802
-155.289772114466,-7.3459682932745,107.25851968714
-155.282583127816,-7.52765056189624,107.256103324479
-155.275181666452,-7.70932429863846,107.253686961818
-155.267567742559,-7.89098925513406,107.251270599157
-155.259741368616,-8.07264518300152,107.248854236495
-155.25170255739,-8.25429183386282,107.246437873834
-155.24345132194,-8.43592895939278,107.244021511173
-155.234987675612,-8.61755631126983,107.241605148511
-155.226311632047,-8.79917364117644,107.23918878585
-155.217423205172,-8.98078070084954,107.236772423189
-155.208322409204,-9.16237724203024,107.234356060528
-155.199009258654,-9.34396301648168,107.231939697866
-155.189483768317,-9.52553777600524,107.229523335205
-155.179745953285,-9.70710127237509,107.227106972544
-155.169795828935,-9.88865325743755,107.224690609883
-155.159633410934,-10.0701934830623,107.222274247221
-155.149258715242,-10.2517217011087,107.21985788456
-155.138671758105,-10.4332376634766,107.217441521899
-155.127872556062,-10.6147411220898,107.215025159238
-155.116861125939,-10.7962318289296,107.212608796576
-155.105637484855,-10.9777095359192,107.210192433915
-155.094201650215,-11.1591739950893,107.207776071254
-155.082553639714,-11.3406249584797,107.205359708592
-155.070693471342,-11.5220621780895,107.202943345931
-155.058621163371,-11.7034854060433,107.20052698327
-155.046336734369,-11.8848943944092,107.198110620609
-155.033840203189,-12.0662888953314,107.195694257947
-155.021131588973,-12.2476686609815,107.193277895286
-155.008210911158,-12.4290334435088,107.190861532625
-154.995078189464,-12.6103829951396,107.188445169964
-154.981733443904,-12.7917170681286,107.186028807302
-154.968176694779,-12.9730354147257,107.183612444641
-154.954407962682,-13.1543377872094,107.18119608198
-154.940427268488,-13.3356239379537,107.178779719319
-154.926234633368,-13.5168936192787,107.176363356657
-154.911830078782,-13.6981465835679,107.173946993996
-154.897213626474,-13.8793825832513,107.171530631335
-154.882385298482,-14.0606013707561,107.169114268673
-154.867345117129,-14.2418026985898,107.166697906012
-154.852093105032,-14.4229863192083,107.164281543351
-154.836629285091,-14.6041519851984,107.16186518069
-154.820953680498,-14.7852994491123,107.159448818028
-154.805066314736,-14.9664284635341,107.157032455367
-154.78896721157,-15.1475387811304,107.154616092706
-154.772656395062,-15.3286301545339,107.152199730045
-154.756133889555,-15.509702336477,107.149783367383
-154.739399719688,-15.690755079659,107.147367004722
-154.722453910381,-15.8717881368795,107.144950642061
-154.705296486846,-16.0528012609388,107.1425342794
-154.687927474588,-16.2337942046387,107.140117916738
-154.670346899393,-16.4147667208819,107.137701554077
-154.652554787338,-16.5957185625733,107.135285191416
-154.63455116479,-16.7766494826364,107.132868828754
-154.616336058403,-16.9575592340474,107.130452466093
-154.597909495119,-17.1384475698348,107.128036103432
-154.579271502168,-17.3193142430471,107.125619740771
-154.560422107068,-17.5001590067701,107.123203378109
-154.541361337626,-17.6809816141259,107.120787015448
-154.522089221938,-17.8617818182582,107.118370652787
-154.502605788384,-18.0425593723975,107.115954290126
-154.482911065638,-18.2233140297471,107.113537927464
-154.463005082653,-18.404045543614,107.111121564803
-154.442887868681,-18.5847536672787,107.108705202142
-154.422559453252,-18.7654381541265,107.106288839481
-154.402019866188,-18.9460987575325,107.103872476819
-154.381269137597,-19.1267352309451,107.101456114158
-154.360307297878,-19.3073473278193,107.099039751497
-154.339134377716,-19.4879348016676,107.096623388835
-154.317750408079,-19.6684974060595,107.094207026174
-154.296155420229,-19.8490348945726,107.091790663513
-154.274349445712,-20.0295470208593,107.089374300852
-154.25233251636,-20.2100335385971,107.08695793819
-154.230104664297,-20.3904942014891,107.084541575529
-154.207665921928,-20.5709287633139,107.082125212868
-154.18501632195,-20.7513369778768,107.079708850207
-154.162155897345,-20.9317185990257,107.077292487545
-154.139084681383,-21.1120733806524,107.074876124884
-154.115802707618,-21.2924010766924,107.072459762223
-154.092310009896,-21.4727014411253,107.070043399562
-154.068606622344,-21.6529742279915,107.0676270369
-154.044692579383,-21.8332191913275,107.065210674239
-154.020567915713,-22.0134360852799,107.062794311578
-153.996232666325,-22.1936246639922,107.060377948916
-153.971686866494,-22.3737846816862,107.057961586255
-153.946930551787,-22.5539158925971,107.055545223594
-153.921963758052,-22.7340180510229,107.053128860933
-153.896786521425,-22.9140909113252,107.050712498271
-153.871398878326,-23.0941342278959,107.04829613561
-153.845800865468,-23.2741477551583,107.045879772949
-153.81999251984,-23.4541312476328,107.043463410288
-153.793973878728,-23.6340844598221,107.041047047626
-153.7677449797,-23.8140071463103,107.038630684965
-153.741305860605,-23.993899061763,107.036214322304
-153.714656559583,-24.1737599608461,107.033797959643
-153.687797115059,-24.3535895982912,107.031381596981
-153.660727565745,-24.5333877288794,107.02896523432
-153.633447950637,-24.7131541074427,107.026548871659
-153.605958309015,-24.8928884888794,107.024132508997
-153.578258680451,-25.0725906280895,107.021716146336
-153.550349104794,-25.25226028009,107.019299783675
-153.522229622186,-25.4318971998998,107.016883421014
-153.493900273048,-25.611501142623,107.014467058352
-153.46536109809,-25.7910718633989,107.012050695691
-153.436612138309,-25.9706091174031,107.00963433303
-153.407653434985,-26.1501126598803,107.007217970369
-153.378485029679,-26.3295822461615,107.004801607707
-153.349106964248,-26.5090176315489,107.002385245046
-153.319519280819,-26.6884185714969,106.999968882385
-153.289722021817,-26.8677848214482,106.997552519724
-153.259715229944,-27.0471161369171,106.995136157062
-153.229498948195,-27.2264122734556,106.992719794401
-153.199073219838,-27.4056729867204,106.99030343174
-153.168438088434,-27.5848980323742,106.987887069078
-153.137593597828,-27.7640871661524,106.985470706417
-153.106539792151,-27.9432401438295,106.983054343756
-153.075276715806,-28.1223567213024,106.980637981095
-153.043804413496,-28.3014366544427,106.978221618433
-153.012122930202,-28.4804796992121,106.975805255772
-152.980232311189,-28.6594856116295,106.973388893111
-152.948132602004,-28.838454147788,106.97097253045
-152.91582384848,-29.0173850638228,106.968556167788
-152.883306096738,-29.1962781159105,106.966139805127
-152.850579393175,-29.3751330603196,106.963723442466
-152.817643784478,-29.5539496533615,106.961307079805
-152.784499317616,-29.7327276513904,106.958890717143
-152.751146039841,-29.9114668108531,106.956474354482
-152.717583998688,-30.09016688824,106.954057991821
-152.683813241976,-30.2688276401018,106.951641629159
-152.649833817807,-30.4474488230506,106.949225266498
-152.61564577457,-30.6260301937589,106.946808903837
-152.581249160928,-30.804571508977,106.944392541176
-152.546644025842,-30.9830725254683,106.941976178514
-152.511830418541,-31.1615330001234,106.939559815853
-152.476808388547,-31.3399526898462,106.937143453192
-152.44157798566,-31.5183313516198,106.934727090531
-152.406139259963,-31.6966687425066,106.932310727869
-152.370492261826,-31.8749646195997,106.929894365208
-152.334637041895,-32.0532187400887,106.927478002547
-152.298573651106,-32.2314308611944,106.925061639886
-152.262302140671,-32.4096007402347,106.922645277224
-152.225822562088,-32.587728134576,106.920228914563
-152.189134967138,-32.7658128016331,106.917812551902
-152.152239407882,-32.9438544989191,106.91539618924
-152.115135936662,-33.121852983996,106.912979826579
-152.077824606106,-33.2998080144925,106.910563463918
-152.040305469122,-33.4777193481031,106.908147101257
-152.002578578899,-33.655586742589,106.905730738595
-151.96464398891,-33.8334099557786,106.903314375934
-151.926501752909,-34.0111887455673,106.900898013273
-151.888151924927,-34.1889228699349,106.898481650612
-151.849594559289,-34.3666120868799,106.89606528795
-151.810829710585,-34.5442561545343,106.893648925289
-151.7718574337,-34.7218548310499,106.891232562628
-151.732677783791,-34.8994078746801,106.888816199967
-151.693290816304,-35.0769150437149,106.886399837305
-151.653696586962,-35.2543760965304,106.883983474644
-151.613895151763,-35.4317907916047,106.881567111983
-151.573886566999,-35.6091588874216,106.879150749321
-151.533670889237,-35.7864801425677,106.87673438666
-151.49324817532,-35.9637543157168,106.874318023999
-151.452618482377,-36.1409811655978,106.871901661338
-151.411781867815,-36.3181604510109,106.869485298676
-151.370738389324,-36.4952919308284,106.867068936015
-151.329488104872,-36.6723753639947,106.864652573354
-151.288031072709,-36.8494105095268,106.862236210693
-151.246367351369,-37.0263971264985,106.859819848031
-151.204496999654,-37.2033349741051,106.85740348537
-151.162420076659,-37.3802238115667,106.854987122709
-151.120136641748,-37.5570633982102,106.852570760048
-151.077646754575,-37.7338534934037,106.850154397386
-151.034950475075,-37.9105938565899,106.847738034725
-150.992047863443,-38.0872842473512,106.845321672064
-150.948938980178,-38.2639244252643,106.842905309402
-150.905623886046,-38.4405141500134,106.840488946741
-150.862102642092,-38.6170531813748,106.83807258408
-150.818375309646,-38.7935412791687,106.835656221419
-150.774441950306,-38.96997820334,106.833239858757
-150.73030262597,-39.1463637138295,106.830823496096
-150.685957398788,-39.3226975707525,106.828407133435
-150.641406331208,-39.4989795342363,106.825990770774
-150.596649485955,-39.6752093644865,106.823574408112
-150.551686926027,-39.851386821819,106.821158045451
-150.5065187147,-40.0275116666117,106.81874168279
-150.46114491553,-40.2035836593373,106.816325320129
-150.415565592359,-40.3796025604992,106.813908957467
-150.369780809293,-40.555568130745,106.811492594806
-150.323790630734,-40.7314801307369,106.809076232145
-150.277595121342,-40.9073383212816,106.806659869483
-150.231194346065,-41.0831424632344,106.804243506822
-150.18458837014,-41.2588923174984,106.801827144161
-150.13777725906,-41.4345876451225,106.7994107815
-150.090761078607,-41.6102282072043,106.796994418838
-150.043539894845,-41.7858137649072,106.794578056177
-149.99611377411,-41.9613440794923,106.792161693516
-149.948482783007,-42.1368189123356,106.789745330855
-149.900646988436,-42.3122380248305,106.787328968193
-149.852606457566,-42.4876011784864,106.784912605532
-149.804361257832,-42.6629081349273,106.782496242871
-149.755911456967,-42.8381586557967,106.78007988021
-149.707257122964,-43.0133525028702,106.777663517548
-149.658398324099,-43.1884894379915,106.775247154887
-149.609335128925,-43.3635692230884,106.772830792226
-149.560067606271,-43.5385916201741,106.770414429564
-149.510595825241,-43.7135563913465,106.767998066903
-149.460919855214,-43.8884632988049,106.765581704242
-149.411039765856,-44.0633121047868,106.763165341581
-149.360955627091,-44.2381025716791,106.760748978919
-149.310667509134,-44.4128344619079,106.758332616258
-149.260175482466,-44.5875075380172,106.755916253597
-149.209479617854,-44.7621215626067,106.753499890936
-149.158579986334,-44.936676298379,106.751083528274
-149.107476659214,-45.1111715081407,106.748667165613
-149.056169708087,-45.2856069547541,106.746250802952
-149.004659204812,-45.459982401202,106.74383444029
-148.952945221528,-45.6342976105398,106.741418077629
-148.901027830651,-45.8085523458957,106.739001714968
-148.848907104867,-45.9827463705197,106.736585352307
-148.79658311714,-46.1568794477344,106.734168989645
-148.744055940706,-46.3309513409534,106.731752626984
-148.691325649079,-46.5049618136795,106.729336264323
-148.638392316052,-46.6789106294911,106.726919901662
-148.585256015675,-46.8527975521045,106.724503539
-148.531916822291,-47.0266223452797,106.722087176339
-148.47837481051,-47.200384772884,106.719670813678
-148.424630055215,-47.3740845988767,106.717254451017
-148.370682631566,-47.5477215873091,106.714838088355
-148.316532614989,-47.7212955023406,106.712421725694
-148.262180081195,-47.8948061081922,106.710005363033
-148.207625106164,-48.0682531691931,106.707589000372
-148.152867766143,-48.2416364497824,106.70517263771
-148.097908137663,-48.4149557144607,106.702756275049
-148.042746297521,-48.5882107278548,106.700339912388
-147.987382322792,-48.7614012546538,106.697923549726
-147.931816290818,-48.9345270596733,106.695507187065
-147.876048279217,-49.1075879078078,106.693090824404
-147.820078365881,-49.2805835640474,106.690674461743
-147.763906628978,-49.4535137934619,106.688258099081
-147.707533146941,-49.6263783612485,106.68584173642
-147.650957998477,-49.7991770326849,106.683425373759
-147.59418126257,-49.9719095731454,106.681009011098
-147.537203018476,-50.1445757480854,106.678592648436
-147.480023345711,-50.3171753231049,106.676176285775
-147.422642324079,-50.4897080638536,106.673759923114
-147.365060033647,-50.6621737360954,106.671343560452
-147.307276554757,-50.834572105692,106.668927197791
-147.249291968017,-51.0069029386191,106.66651083513
-147.191106354315,-51.1791660009203,106.664094472469
-147.132719794807,-51.3513610587531,106.661678109807
-147.074132370919,-51.5234878783751,106.659261747146
-147.015344164344,-51.6955462261593,106.656845384485
-146.95635525705,-51.8675358685625,106.654429021824
-146.897165731281,-52.0394565721264,106.652012659162
-146.837775669548,-52.2113081035089,106.649596296501
-146.778185154626,-52.3830902294849,106.64717993384
-146.718394269566,-52.5548027169145,106.644763571179
-146.658403097689,-52.7264453327594,106.642347208517
-146.598211722593,-52.8980178440677,106.639930845856
-146.537820228133,-53.0695200180208,106.637514483195
-146.477228698442,-53.2409516218871,106.635098120533
-146.416437217919,-53.4123124230379,106.632681757872
-146.355445871237,-53.5836021889473,106.630265395211
-146.294254743337,-53.7548206871932,106.62784903255
-146.232863919428,-53.9259676854569,106.625432669888
-146.171273484989,-54.0970429515241,106.623016307227
-146.109483525769,-54.2680462532847,106.620599944566
-146.047494127781,-54.438977358749,106.618183581905
-145.985305377315,-54.6098360360009,106.615767219243
-145.922917360929,-54.7806220532453,106.613350856582
-145.860330165444,-54.9513351787927,106.610934493921
-145.797543877949,-55.1219751810751,106.60851813126
-145.73455858581,-55.2925418285998,106.606101768598
-145.671374376649,-55.4630348900116,106.603685405937
-145.607991338365,-55.6334541340465,106.601269043276
-145.544409559127,-55.8037993295321,106.598852680614
-145.480629127371,-55.9740702454192,106.596436317953
-145.416650131783,-56.1442666507976,106.594019955292
-145.352472661345,-56.3143883148026,106.591603592631
-145.288096805286,-56.4844350067247,106.589187229969
-145.223522653115,-56.6544064959323,106.586770867308
-145.158750294591,-56.8243025519491,106.584354504647
-145.093779819764,-56.9941229443461,106.581938141986
-145.028611318925,-57.1638674428661,106.579521779324
-144.963244882657,-57.3335358172996,106.577105416663
-144.897680601787,-57.5031278376098,106.574689054002
-144.831918567424,-57.6726432738232,106.572272691341
-144.765958870939,-57.8420818960936,106.569856328679
-144.699801603969,-58.0114434746852,106.567439966018
-144.633446858417,-58.180727779974,106.565023603357
-144.566894726445,-58.3499345824635,106.562607240695
-144.500145300495,-58.5190636527379,106.560190878034
-144.433198673267,-58.6881147615093,106.557774515373
-144.36605493772,-58.8570876796185,106.555358152712
-144.298714187086,-59.0259821780033,106.55294179005
-144.231176514867,-59.1947980276995,106.550525427389
-144.163442014827,-59.3635349998723,106.548109064728
-144.095510780977,-59.5321928658311,106.545692702067
-144.027382907624,-59.7007713969384,106.543276339405
-143.959058489322,-59.8692703647018,106.540859976744
-143.89053762088,-60.0376895407746,106.538443614083
-143.821820397397,-60.2060286968637,106.536027251422
-143.752906914214,-60.3742876048375,106.53361088876
-143.683797266946,-60.542466036665,106.531194526099
-143.614491551471,-60.7105637644312,106.528778163438
-143.544989863929,-60.8785805603375,106.526361800776
-143.475292300726,-61.0465161967015,106.523945438115
-143.405398958525,-61.2143704459739,106.521529075454
-143.33530993427,-61.3821430806762,106.519112712793
-143.265025325143,-61.5498338735088,106.516696350131
-143.194545228617,-61.7174425972291,106.51427998747
-143.123869742394,-61.8849690247887,106.511863624809
-143.052998964476,-62.0524129291662,106.509447262148
-142.981932993099,-62.2197740835355,106.507030899486
-142.910671926778,-62.3870522611436,106.504614536825
-142.839215864278,-62.5542472353876,106.502198174164
-142.767564904642,-62.7213587797538,106.499781811503
-142.695719147157,-62.8883866678786,106.497365448841
-142.62367869139,-63.0553306734888,106.49494908618
-142.551443637153,-63.2221905704622,106.492532723519
-142.479014084528,-63.3889661327818,106.490116360857
-142.40639013386,-63.5556571345523,106.487699998196
-142.333571885758,-63.7222633499846,106.485283635535
-142.260559441082,-63.8887845534417,106.482867272874
-142.187352900959,-64.0552205193936,106.480450910212
-142.113952366776,-64.2215710224328,106.478034547551
-142.040357940183,-64.3878358372743,106.47561818489
-141.966569723088,-64.5540147387565,106.473201822229
-141.892587817662,-64.7201075018408,106.470785459567
-141.818412326333,-64.8861139016123,106.468369096906
-141.744043351785,-65.0520337132953,106.465952734245
-141.669480996983,-65.2178667121926,106.463536371584
-141.594725365121,-65.3836126737924,106.461120008922
-141.519776559677,-65.5492713736622,106.458703646261
-141.44463468438,-65.7148425875096,106.4562872836
-141.369299843212,-65.880326091183,106.453870920938
-141.293772140426,-66.0457216606262,106.451454558277
-141.218051680524,-66.2110290719391,106.449038195616
-141.142138568277,-66.3762481013178,106.446621832955
-141.066032908711,-66.5413785251002,106.444205470293
-140.989734807095,-66.706420119781,106.441789107632
-140.913244368984,-66.8713726619222,106.439372744971
-140.836561700178,-67.0362359282432,106.43695638231
-140.759686906729,-67.2010096956062,106.434540019648
-140.682620094952,-67.3656937409867,106.432123656987
-140.605361371421,-67.5302878414885,106.429707294326
-140.527910842968,-67.6947917743437,106.427290931665
-140.450268616682,-67.859205316914,106.424874569003
-140.372434799917,-68.023528246675,106.422458206342
-140.294409500262,-68.1877603412771,106.420041843681
-140.216192825585,-68.3519013784553,106.417625481019
-140.137784884011,-68.5159511360753,106.415209118358
-140.0591857839,-68.6799093921775,106.412792755697
-139.980395633889,-68.8437759248888,106.410376393036
-139.901414542867,-69.0075505124816,106.407960030374
-139.822242619969,-69.1712329333751,106.405543667713
-139.742879974603,-69.3348229660899,106.403127305052
-139.663326716423,-69.4983203892937,106.400710942391
-139.583582955342,-69.6617249817861,106.398294579729
-139.503648801519,-69.8250365225146,106.395878217068
-139.423524365384,-69.9882547905295,106.393461854407
-139.343209757607,-70.1513795650439,106.391045491746
-139.26270508912,-70.3144106253896,106.388629129084
-139.182010471119,-70.4773477510172,106.386212766423
-139.10112601504,-70.6401907215409,106.383796403762
-139.020051832586,-70.8029393166797,106.3813800411
-138.938788035701,-70.9655933163167,106.378963678439
-138.857334736593,-71.1281525004553,106.376547315778
-138.775692047727,-71.2906166492187,106.374130953117
-138.693860081804,-71.4529855429108,106.371714590455
-138.611838951805,-71.6152589619112,106.369298227794
-138.529628770938,-71.7774366867954,106.366881865133
-138.447229652692,-71.9395184982157,106.364465502472
-138.364641710788,-72.1015041770055,106.36204913981
-138.2818650592,-72.2633935041353,106.359632777149
-138.198899812177,-72.4251862606679,106.357216414488
-138.115746084191,-72.5868822278635,106.354800051827
-138.03240398999,-72.7484811870752,106.352383689165
-137.948873644565,-72.9099829198092,106.349967326504
-137.865155163161,-73.0713872077099,106.347550963843
-137.781248661267,-73.2326938325753,106.345134601181
-137.69715425464,-73.3939025763127,106.34271823852
-137.612872059279,-73.5550132209837,106.340301875859
-137.52840219143,-73.7160255488036,106.337885513198
-137.443744767602,-73.8769393420987,106.335469150536
-137.358899904544,-74.0377543833644,106.333052787875
-137.273867719261,-74.1984704552219,106.330636425214
-137.188648329017,-74.3590873404184,106.328220062553
-137.10324185132,-74.519604821857,106.325803699891
-137.017648403913,-74.680022682611,106.32338733723
-136.93186810482,-74.8403407058368,106.320970974569
-136.845901072291,-75.0005586748766,106.318554611908
-136.759747424844,-75.1606763731856,106.316138249246
-136.673407281221,-75.320693584405,106.313721886585
-136.586880760447,-75.4806100922602,106.311305523924
-136.500167981764,-75.6404256806786,106.308889161262
-136.413269064696,-75.8001401336717,106.306472798601
-136.326184128991,-75.9597532354389,106.30405643594
-136.238913294646,-76.119264770323,106.301640073279
-136.151456681933,-76.2786745227677,106.299223710617
-136.063814411338,-76.4379822774189,106.296807347956
-135.975986603622,-76.597187819024,106.294390985295
-135.887973379784,-76.7562909324895,106.291974622634
-135.799774861073,-76.9152914028674,106.289558259972
-135.711391168977,-77.0741890153697,106.287141897311
-135.622822425247,-77.2329835553255,106.28472553465
-135.534068751876,-77.391674808224,106.282309171989
-135.445130271095,-77.5502625597157,106.279892809327
-135.356007105398,-77.7087465955688,106.277476446666
-135.26669937751,-77.8671267017273,106.275060084005
-135.17720721042,-78.0254026642534,106.272643721343
-135.087530727347,-78.1835742693862,106.270227358682
-134.997670051773,-78.3416413034833,106.267810996021
-134.9076253074,-78.499603553094,106.26539463336
-134.817396618221,-78.6574608048437,106.262978270698
-134.726984108423,-78.815212845593,106.260561908037
-134.63638790248,-78.9728594622795,106.258145545376
-134.545608125088,-79.1304004420331,106.255729182715
-134.454644901196,-79.2878355721191,106.253312820053
-134.363498355998,-79.4451646399521,106.250896457392
-134.272168614934,-79.6023874330974,106.248480094731
-134.180655803689,-79.7595037392701,106.24606373207
-134.088960048192,-79.9165133463365,106.243647369408
-133.997081474617,-80.0734160423133,106.241231006747
-133.905020209381,-80.2302116153688,106.238814644086
-133.812776379148,-80.3868998538225,106.236398281424
-133.720350110824,-80.543480546146,106.233981918763
-133.62774153155,-80.6999534809768,106.231565556102
-133.53495076873,-80.8563184470765,106.229149193441
-133.441977949999,-81.0125752333734,106.226732830779
-133.34882320324,-81.168723628949,106.224316468118
-133.255486656567,-81.3247634230518,106.221900105457
-133.161968438356,-81.4806944050553,106.219483742796
-133.068268677206,-81.6365163645156,106.217067380134
-132.974387501979,-81.7922290911139,106.214651017473
-132.880325041761,-81.9478323747144,106.212234654812
-132.786081425896,-82.103326005307,106.209818292151
-132.691656783953,-82.2587097730655,106.207401929489
-132.597051245763,-82.4139834682901,106.204985566828
-132.502264941377,-82.5691468814645,106.202569204167
-132.4072980011,-82.7241998032141,106.200152841505
-132.312150555474,-82.8791420243203,106.197736478844
-132.216822735295,-83.0339733357066,106.195320116183
-132.121314671581,-83.1886935284811,106.192903753522
-132.025626495597,-83.3433023938947,106.19048739086
-131.929758338851,-83.4977997233551,106.188071028199
-131.833710333091,-83.6521853084277,106.185654665538
-131.737482610304,-83.8064589408351,106.183238302877
-131.641075302719,-83.960620412458,106.180821940215
-131.544488542802,-84.1146695153353,106.178405577554
-131.44772246326,-84.268606041664,106.175989214893
-131.350777197039,-84.4224297838,106.173572852232
-131.253652877316,-84.5761405342724,106.17115648957
-131.156349637533,-84.729738085727,106.168740126909
-131.058867611334,-84.8832222310257,106.166323764248
-130.961206932631,-85.0365927631477,106.163907401586
-130.863367735554,-85.1898494752603,106.161491038925
-130.765350154489,-85.3429921606638,106.159074676264
-130.667154324053,-85.4960206128321,106.156658313603
-130.5687803791,-85.6489346254007,106.154241950941
-130.470228454712,-85.8017339921799,106.15182558828
-130.371498686217,-85.9544185071276,106.149409225619
-130.272591209191,-86.1069879643493,106.146992862958
-130.173506159427,-86.2594421581404,106.144576500296
-130.074243672974,-86.4117808829308,106.142160137635
-129.9748038861,-86.5640039333407,106.139743774974
-129.875186935316,-86.7161111041389,106.137327412313
-129.775392957381,-86.8681021902437,106.134911049651
-129.67542208927,-87.0199769867643,106.13249468699
-129.575274468206,-87.1717352889596,106.130078324329
-129.474950231642,-87.3233768922526,106.127661961667
-129.374449517272,-87.47490159223,106.125245599006
-129.273772463032,-87.6263091846295,106.122829236345
-129.172919207065,-87.7775994653945,106.120412873684
-129.071889887786,-87.9287722305786,106.117996511022
-128.970684643809,-88.0798272764552,106.115580148361
-128.869303614018,-88.2307643994085,106.1131637857
-128.767746937493,-88.3815833960435,106.110747423039
-128.66601475358,-88.5322840630895,106.108331060377
-128.564107201846,-88.6828661974563,106.105914697716
-128.462024422091,-88.83332959622,106.103498335055
-128.359766554352,-88.9836740566236,106.101081972394
-128.257333738888,-89.1338993760907,106.098665609732
-128.154726116208,-89.2840053521851,106.096249247071
-128.051943827047,-89.4339917826518,106.09383288441
-127.948987012362,-89.5838584654173,106.091416521748
-127.845855813362,-89.7336051985487,106.089000159087
-127.742550371478,-89.8832317802957,106.086583796426
-127.639070828364,-90.0327380090899,106.084167433765
-127.535417325916,-90.1821236835182,106.081751071103
-127.431590006268,-90.3313886023232,106.079334708442
-127.327589011771,-90.4805325644443,106.076918345781
-127.223414485023,-90.629555368963,106.07450198312
-127.119066568834,-90.7784568151586,106.072085620458
-127.014545406266,-90.927236702453,106.069669257797
-126.909851140581,-91.0758948304794,106.067252895136
-126.80498391531,-91.2244309989878,106.064836532475
-126.699943874186,-91.3728450079395,106.062420169813
-126.594731161181,-91.5211366574539,106.060003807152
-126.489345920507,-91.6693057478084,106.057587444491
-126.383788296577,-91.8173520794926,106.055171081829
-126.278058434069,-91.9652754531143,106.052754719168
-126.172156477856,-92.1130756695077,106.050338356507
-126.066082573075,-92.2607525296254,106.047921993846
-125.959836865065,-92.4083058346338,106.045505631184
-125.853419499391,-92.555735385872,106.043089268523
-125.746830621868,-92.7030409848257,106.040672905862
-125.640070378539,-92.8502224331543,106.038256543201
-125.533138915644,-92.9972795327315,106.035840180539
-125.426036379672,-93.1442120855782,106.033423817878
-125.318762917358,-93.2910198938629,106.031007455217
-125.211318675625,-93.4377027599826,106.028591092556
-125.103703801654,-93.5842604864689,106.026174729894
-124.99591844284,-93.7306928760422,106.023758367233
-124.887962746797,-93.8769997316115,106.021342004572
-124.779836861386,-94.0231808562349,106.01892564191
-124.671540934672,-94.1692360531734,106.016509279249
-124.563075114968,-94.3151651258373,106.014092916588
-124.454439550801,-94.4609678778268,106.011676553927
-124.345634390904,-94.6066441129458,106.009260191265
-124.236659784288,-94.7521936351081,106.006843828604
-124.127515880124,-94.8976162484851,106.004427465943
-124.018202827863,-95.042911757359,106.002011103282
-123.908720777149,-95.18807996623,105.99959474062
-123.799069877868,-95.3331206797493,105.997178377959
-123.689250280114,-95.4780337027731,105.994762015298
-123.579262134213,-95.6228188403234,105.992345652637
-123.469105590715,-95.7674758976003,105.989929289975
-123.358780800395,-95.9120046799835,105.987512927314
-123.248287914259,-96.0564049930183,105.985096564653
-123.13762708352,-96.2006766424566,105.982680201991
-123.026798459609,-96.3448194342297,105.98026383933
-122.915802194214,-96.4888331744097,105.977847476669
-122.804638439204,-96.6327176693014,105.975431114008
-122.69330734671,-96.7764727253379,105.973014751346
-122.581809069045,-96.9200981491858,105.970598388685
-122.470143758786,-97.0635937476398,105.968182026024
-122.358311568689,-97.2069593277289,105.965765663363
-122.246312651762,-97.3501946966243,105.963349300701
-122.134147161227,-97.4932996616919,105.96093293804
-122.021815250524,-97.63627403048,105.958516575379
-121.909317073304,-97.7791176107322,105.956100212718
-121.79665278346,-97.9218302103487,105.953683850056
-121.683822535095,-98.0644116374255,105.951267487395
-121.570826482522,-98.2068617002548,105.948851124734
-121.457664780294,-98.3491802072863,105.946434762072
-121.344337583163,-98.4913669671789,105.944018399411
-121.230845046122,-98.63342178875,105.94160203675
-121.117187324373,-98.7753444810136,105.939185674089
-121.003364573325,-98.9171348531813,105.936769311427
-120.889376948618,-99.0587927146361,105.934352948766
-120.775224606121,-99.2003178749333,105.931936586105
-120.6609077019,-99.341710143839,105.929520223444
-120.546426392259,-99.4829693312787,105.927103860782
-120.431780833691,-99.6240952474024,105.924687498121
-120.316971182957,-99.7650877024815,105.92227113546
-120.201997596974,-99.9059465070507,105.919854772799
-120.086860232929,-100.046671471767,105.917438410137
-119.971559248181,-100.187262407525,105.915022047476
-119.856094800352,-100.327719125355,105.912605684815
-119.740467047247,-100.468041436512,105.910189322153
-119.624676146909,-100.608229152416,105.907772959492
-119.508722257564,-100.748282084708,105.905356596831
-119.392605537688,-100.888200045183,105.90294023417
-119.276326145961,-101.027982845833,105.900523871508
-119.159884241279,-101.167630298842,105.898107508847
-119.043279982762,-101.307142216568,105.895691146186
-118.926513529716,-101.446518411595,105.893274783525
-118.809585041681,-101.585758696673,105.890858420863
-118.692494678434,-101.724862884713,105.888442058202
-118.575242599934,-101.863830788857,105.886025695541
-118.457828966354,-102.002662222434,105.88360933288
-118.340253938102,-102.141356998939,105.881192970218
-118.222517675791,-102.27991493207,105.878776607557
-118.104620340246,-102.418335835714,105.876360244896
-117.986562092493,-102.556619523965,105.873943882234
-117.868343093794,-102.694765811079,105.871527519573
-117.749963505603,-102.832774511529,105.869111156912
-117.631423489607,-102.970645439957,105.866694794251
-117.512723207696,-103.108378411206,105.864278431589
-117.393862821959,-103.245973240327,105.861862068928
-117.274842494708,-103.383429742546,105.859445706267
-117.15566238848,-103.520747733274,105.857029343606
-117.036322666011,-103.657927028124,105.854612980944
-116.916823490225,-103.794967442927,105.852196618283
-116.797165024313,-103.931868793647,105.849780255622
-116.677347431612,-104.068630896514,105.847363892961
-116.557370875722,-104.20525356789,105.844947530299
-116.437235520422,-104.341736624369,105.842531167638
-116.316941529711,-104.478079882726,105.840114804977
-116.19648906781,-104.614283159918,105.837698442315
-116.075878299126,-104.750346273121,105.835282079654
-115.955109388288,-104.886269039695,105.832865716993
-115.834182500133,-105.022051277193,105.830449354332
-115.713097799707,-105.157692803365,105.82803299167
-115.591855452265,-105.293193436156,105.825616629009
-115.470455623269,-105.428552993707,105.823200266348
-115.348898478392,-105.563771294353,105.820783903687
-115.227184183512,-105.698848156629,105.818367541025
-115.105312904727,-105.833783399252,105.815951178364
-114.98328480831,-105.968576841172,105.813534815703
-114.861100060773,-106.1032283015,105.811118453042
-114.738758828824,-106.237737599558,105.80870209038
-114.616261279369,-106.372104554874,105.806285727719
-114.49360757955,-106.506328987141,105.803869365058
-114.370797896675,-106.640410716297,105.801453002396
-114.247832398287,-106.77434956244,105.799036639735
-114.124711252127,-106.908145345882,105.796620277074
-114.00143462613,-107.041797887142,105.794203914413
-113.878002688457,-107.175307006917,105.791787551751
-113.754415607464,-107.308672526112,105.78937118909
-113.630673551713,-107.441894265835,105.786954826429
-113.506776689945,-107.574972047414,105.784538463768
-113.382725191165,-107.707905692319,105.782122101106
-113.258519224524,-107.840695022279,105.779705738445
-113.134158959411,-107.973339859188,105.777289375784
-113.009644565396,-108.105840025164,105.774873013123
-112.884976212264,-108.238195342513,105.772456650461
-112.760154070015,-108.370405633732,105.7700402878
-112.635178308828,-108.502470721541,105.767623925139
-112.510049099108,-108.634390428838,105.765207562477
-112.384766611441,-108.766164578747,105.762791199816
-112.259331016624,-108.897792994583,105.760374837155
-112.133742485659,-109.029275499861,105.757958474494
-112.008001189758,-109.160611918287,105.755542111832
-111.882107300314,-109.291802073793,105.753125749171
-111.756060988932,-109.422845790504,105.75070938651
-111.62986242743,-109.553742892734,105.748293023849
-111.50351178779,-109.684493205036,105.745876661187
-111.377009242244,-109.815096552119,105.743460298526
-111.250354963187,-109.945552758934,105.741043935865
-111.123549123216,-110.075861650631,105.738627573204
-110.996591895161,-110.206023052532,105.736211210542
-110.869483452017,-110.336036790199,105.733794847881
-110.742223966991,-110.465902689385,105.73137848522
-110.614813613477,-110.595620576061,105.728962122558
-110.487252565102,-110.725190276367,105.726545759897
-110.359540995657,-110.854611616683,105.724129397236
-110.231679079131,-110.983884423596,105.721713034575
-110.103666989736,-111.113008523874,105.719296671913
-109.975504901869,-111.241983744503,105.716880309252
-109.847192990124,-111.370809912676,105.714463946591
-109.718731429294,-111.499486855791,105.71204758393
-109.590120394356,-111.628014401465,105.709631221268
-109.461360060508,-111.756392377498,105.707214858607
-109.332450603132,-111.88462061191,105.704798495946
-109.203392197808,-112.012698932928,105.702382133285
-109.074185020299,-112.140627168996,105.699965770623
-108.944829246588,-112.268405148744,105.697549407962
-108.81532505283,-112.396032701035,105.695133045301
-108.685672615398,-112.523509654913,105.692716682639
-108.555872110839,-112.650835839658,105.690300319978
-108.425923715916,-112.778011084731,105.687883957317
-108.295827607564,-112.905035219827,105.685467594656
-108.165583962937,-113.03190807483,105.683051231994
-108.035192959357,-113.15862947985,105.680634869333
-107.904654774367,-113.285199265189,105.678218506672
-107.773969585676,-113.411617261378,105.675802144011
-107.643137571214,-113.537883299138,105.673385781349
-107.512158909065,-113.663997209432,105.670969418688
-107.381033777556,-113.789958823389,105.668553056027
-107.249762355183,-113.915767972371,105.666136693366
-107.118344820608,-114.041424487974,105.663720330704
-106.986781352736,-114.166928201959,105.661303968043
-106.855072130625,-114.292278946331,105.658887605382
-106.723217333539,-114.417476553299,105.65647124272
-106.591217140932,-114.542520855279,105.654054880059
-106.459071732462,-114.667411684891,105.651638517398
-106.326781287942,-114.792148874999,105.649222154737
-106.194345987423,-114.916732258636,105.646805792075
-106.06176601111,-115.041161669079,105.644389429414
-105.929041539399,-115.16543693982,105.641973066753
-105.796172752912,-115.289557904529,105.639556704092
-105.663159832425,-115.413524397123,105.63714034143
-105.530002958913,-115.537336251721,105.634723978769
-105.39670231353,-115.660993302667,105.632307616108
-105.263258077643,-115.784495384496,105.629891253447
-105.129670432808,-115.907842331959,105.627474890785
-104.995939560731,-116.031033980052,105.625058528124
-104.862065643346,-116.154070163954,105.622642165463
-104.728048862759,-116.276950719069,105.620225802801
-104.593889401252,-116.399675481026,105.61780944014
-104.459587441335,-116.522244285637,105.615393077479
-104.32514316565,-116.644656968974,105.612976714818
-104.190556757068,-116.766913367291,105.610560352156
-104.055828398631,-116.889013317068,105.608143989495
-103.920958273556,-117.010956655012,105.605727626834
-103.785946565271,-117.132743218026,105.603311264173
-103.650793457365,-117.254372843248,105.600894901511
-103.515499133636,-117.375845368014,105.59847853885
-103.380063778058,-117.497160629885,105.596062176189
-103.244487574774,-117.618318466652,105.593645813528
-103.108770708127,-117.739318716311,105.591229450866
-102.972913362667,-117.860161217055,105.588813088205
-102.836915723069,-117.980845807346,105.586396725544
-102.700777974251,-118.101372325813,105.583980362882
-102.564500301292,-118.221740611323,105.581564000221
-102.428082889442,-118.341950502972,105.57914763756
-102.291525924146,-118.462001840064,105.576731274899
-102.154829591043,-118.58189446211,105.574314912237
-102.017994075934,-118.701628208863,105.571898549576
-101.881019564822,-118.821202920272,105.569482186915
-101.74390624386,-118.940618436539,105.567065824254
-101.606654299428,-119.059874598041,105.564649461592
-101.469263918054,-119.178971245407,105.562233098931
-101.331735286471,-119.297908219465,105.55981673627
-101.194068591555,-119.416685361296,105.557400373609
-101.056264020413,-119.535302512157,105.554984010947
-100.918321760297,-119.653759513557,105.552567648286
-100.78024199865,-119.772056207218,105.550151285625
-100.642024923095,-119.89019243508,105.547734922963
-100.503670721449,-120.008168039295,105.545318560302
-100.365179581668,-120.125982862267,105.542902197641
-100.226551691929,-120.24363674659,105.54048583498
-100.087787240585,-120.36112953508,105.538069472318
-99.9488864161313,-120.478461070808,105.535653109657
-99.8098494072915,-120.595631197021,105.533236746996
-99.6706764029173,-120.712639757236,105.530820384335
-99.5313675920763,-120.829486595155,105.528404021673
-99.3919231640144,-120.946171554706,105.525987659012
-99.2523433081158,-121.062694480072,105.523571296351
-99.1126282139808,-121.179055215627,105.52115493369
-98.9727780713608,-121.295253605987,105.518738571028
-98.8327930702228,-121.411289495962,105.516322208367
-98.6926734006713,-121.527162730618,105.513905845706
-98.5524192529868,-121.642873155244,105.511489483044
-98.4120308176518,-121.758420615331,105.509073120383
-98.2715082853114,-121.873804956606,105.506656757722
-98.1308518467732,-121.989026025032,105.504240395061
-97.9900616930454,-122.104083666772,105.501824032399
-97.8491380152987,-122.218977728229,105.499407669738
-97.7080810048649,-122.333708056038,105.496991307077
-97.5668908532893,-122.44827449703,105.494574944416
-97.425567752226,-122.562676898313,105.492158581754
-97.284111893581,-122.676915107157,105.489742219093
-97.1425234693689,-122.790988971112,105.487325856432
-97.0008026718032,-122.904898337932,105.484909493771
-96.8589496932837,-123.018643055586,105.482493131109
-96.7169647263698,-123.132222972282,105.480076768448
-96.5748479637671,-123.245637936474,105.477660405787
-96.4325995984187,-123.358887796791,105.475244043125
-96.2902198233743,-123.471972402141,105.472827680464
-96.1477088318811,-123.584891601638,105.470411317803
-96.0050668173713,-123.697645244616,105.467994955142
-95.8622939734213,-123.810233180652,105.46557859248
-95.7193904938051,-123.922655259534,105.463162229819
-95.5763565724273,-124.034911331309,105.460745867158
-95.4331924034159,-124.147001246208,105.458329504497
-95.2898981810423,-124.258924854714,105.455913141835
-95.1464740997344,-124.370682007548,105.453496779174
-95.0029203541029,-124.482272555649,105.451080416513
-94.8592371389274,-124.593696350184,105.448664053852
-94.7154246491701,-124.704953242541,105.44624769119
-94.5714830799215,-124.816043084367,105.443831328529
-94.4274126264943,-124.926965727497,105.441414965868
-94.2832134843288,-125.037721024028,105.438998603206
-94.1388858490467,-125.148308826274,105.436582240545
-93.9944299164506,-125.258728986771,105.434165877884
-93.8498458824702,-125.368981358316,105.431749515223
-93.7051339432558,-125.479065793895,105.429333152561
-93.5602942950709,-125.588982146764,105.4269167899
-93.4153271343991,-125.698730270372,105.424500427239
-93.2702326578363,-125.808310018437,105.422084064578
-93.1250110621983,-125.917721244869,105.419667701916
-92.9796625444261,-126.02696380384,105.417251339255
-92.8341873016262,-126.136037549753,105.414834976594
-92.6885855311105,-126.244942337212,105.412418613933
-92.5428574303152,-126.353678021084,105.410002251271
-92.3970031968412,-126.462244456467,105.40758588861
-92.2510230284807,-126.570641498673,105.405169525949
-92.1049171231898,-126.678869003245,105.402753163287
-91.9586856790477,-126.78692682599,105.400336800626
-91.8123288943379,-126.894814822915,105.397920437965
-91.6658469674797,-127.002532850284,105.395504075304
-91.5192400970963,-127.110080764561,105.393087712642
-91.3725084819189,-127.217458422485,105.390671349981
-91.2256523208821,-127.324665680999,105.38825498732
-91.0786718130687,-127.431702397289,105.385838624659
-90.9315671577236,-127.538568428773,105.383422261997
-90.7843385542394,-127.645263633117,105.381005899336
-90.6369862021973,-127.751787868199,105.378589536675
-90.4895103013257,-127.858140992141,105.376173174014
-90.3419110515001,-127.964322863311,105.373756811352
-90.194188652784,-128.070333340291,105.371340448691
-90.0463433053733,-128.176172281919,105.36892408603
-89.8983752096513,-128.281839547248,105.366507723368
-89.7502845661472,-128.387334995575,105.364091360707
-89.6020715755496,-128.492658486433,105.361674998046
-89.4537364386785,-128.597809879612,105.359258635385
-89.3052793565815,-128.702789035088,105.356842272723
-89.1567005303956,-128.807595813121,105.354425910062
-89.008000161444,-128.912230074188,105.352009547401
-88.8591784512212,-129.016691678994,105.34959318474
-88.7102356013519,-129.120980488499,105.347176822078
-88.5611718136459,-129.225096363881,105.344760459417
-88.4119872900421,-129.329039166574,105.342344096756
-88.2626822326642,-129.43280875823,105.339927734095
-88.1132568437646,-129.536405000757,105.337511371433
-87.9637113257657,-129.639827756291,105.335095008772
-87.8140458812598,-129.743076887196,105.332678646111
-87.6642607129673,-129.846152256095,105.330262283449
-87.5143560237913,-129.949053725828,105.327845920788
-87.3643320167489,-130.0517811595,105.325429558127
-87.2141888950671,-130.154334420421,105.323013195466
-87.0639268620862,-130.256713372163,105.320596832804
-86.9135461213284,-130.358917878523,105.318180470143
-86.7630468764418,-130.46094780355,105.315764107482
-86.6124293312427,-130.562803011527,105.313347744821
-86.4616936897002,-130.664483366976,105.310931382159
-86.310840155937,-130.765988734654,105.308515019498
-86.1598689342424,-130.867318979555,105.306098656837
-86.0087802290166,-130.968473966934,105.303682294176
-85.8575742448675,-131.069453562254,105.301265931514
-85.7062511865137,-131.170257631243,105.298849568853
-85.5548112588392,-131.27088603986,105.296433206192
-85.4032546668793,-131.371338654306,105.29401684353
-85.2515816158207,-131.471615341022,105.291600480869
-85.099792311015,-131.571715966679,105.289184118208
-84.9478869579222,-131.671640398219,105.286767755547
-84.7958657621947,-131.771388502796,105.284351392885
-84.643728929635,-131.870960147805,105.281935030224
-84.4914766661533,-131.970355200911,105.279518667563
-84.3391091778512,-132.069573529992,105.277102304902
-84.1866266709796,-132.168615003168,105.27468594224
-84.034029351896,-132.26747948883,105.272269579579
-83.881317427149,-132.366166855582,105.269853216918
-83.7284911034209,-132.464676972279,105.267436854257
-83.5755505875426,-132.56300970802,105.265020491595
-83.4224960864925,-132.661164932145,105.262604128934
-83.2693278073824,-132.759142514246,105.260187766273
-83.1160459575134,-132.856942324133,105.257771403611
-82.9626507442773,-132.954564231893,105.25535504095
-82.8091423752689,-133.052008107819,105.252938678289
-82.6555210581728,-133.149273822487,105.250522315628
-82.5017870008621,-133.246361246687,105.248105952966
-82.3479404113269,-133.343270251471,105.245689590305
-82.193981497732,-133.440000708118,105.243273227644
-82.0399104683723,-133.536552488159,105.240856864983
-81.885727531688,-133.632925463369,105.238440502321
-81.7314328962641,-133.729119505768,105.23602413966
-81.5770267708151,-133.82513448763,105.233607776999
-81.4225093642283,-133.920970281454,105.231191414338
-81.2678808855205,-134.016626759995,105.228775051676
-81.1131415438379,-134.112103796261,105.226358689015
-80.9582915484979,-134.207401263486,105.223942326354
-80.8033311089326,-134.302519035169,105.221525963692
-80.6482604347594,-134.397456985028,105.219109601031
-80.4930797356664,-134.492214987068,105.21669323837
-80.3377892215697,-134.586792915491,105.214276875709
-80.1823891024555,-134.681190644786,105.211860513047
-80.0268795884801,-134.775408049671,105.209444150386
-79.8712608899549,-134.869445005102,105.207027787725
-79.7155332173186,-134.963301386291,105.204611425064
-79.5596967811352,-135.056977068704,105.202195062402
-79.4037517921238,-135.150471928046,105.199778699741
-79.2476984611578,-135.243785840258,105.19736233708
-79.0915369992359,-135.33691868154,105.194945974419
-78.9352676174816,-135.429870328345,105.192529611757
-78.7788905271721,-135.522640657367,105.190113249096
-78.622405939738,-135.615229545538,105.187696886435
-78.465814066719,-135.707636870053,105.185280523773
-78.3091151198224,-135.799862508341,105.182864161112
-78.1523093108643,-135.891906338095,105.180447798451
-77.9953968518276,-135.983768237237,105.17803143579
-77.8383779548033,-136.075448083956,105.175615073128
-77.681252832034,-136.166945756681,105.173198710467
-77.5240216958992,-136.25826113409,105.170782347806
-77.3666847589292,-136.3493940951,105.168365985145
-77.2092422337619,-136.440344518894,105.165949622483
-77.0516943331994,-136.531112284889,105.163533259822
-76.8940412701364,-136.621697272774,105.161116897161
-76.7362832576607,-136.712099362454,105.1587005345
-76.5784205089663,-136.802318434102,105.156284171838
-76.4204532373526,-136.892354368156,105.153867809177
-76.2623816563118,-136.982207045272,105.151451446516
-76.1042059794266,-137.071876346377,105.149035083854
-75.9459264204275,-137.161362152645,105.146618721193
-75.7875431931942,-137.250664345488,105.144202358532
-75.6290565116947,-137.339782806594,105.141785995871
-75.4704665900892,-137.428717417871,105.139369633209
-75.3117736426264,-137.517468061498,105.136953270548
-75.152977883702,-137.606034619901,105.134536907887
-74.9940795278438,-137.694416975755,105.132120545226
-74.8350787897113,-137.782615011984,105.129704182564
-74.6759758841104,-137.87062861176,105.127287819903
-74.5167710259336,-137.958457658525,105.124871457242
-74.3574644302637,-138.046102035946,105.122455094581
-74.1980563122549,-138.133561627969,105.120038731919
-74.0385468872505,-138.220836318762,105.117622369258
-73.87893637068,-138.30792599277,105.115206006597
-73.7192249781169,-138.39483053468,105.112789643935
-73.5594129252644,-138.481549829432,105.110373281274
-73.3995004279398,-138.568083762226,105.107956918613
-73.2394877021339,-138.654432218493,105.105540555952
-73.0793749639212,-138.740595083937,105.10312419329
-72.9191624295197,-138.826572244509,105.100707830629
-72.7588503152751,-138.912363586413,105.098291467968
-72.5984388376456,-138.997968996113,105.095875105307
-72.4379282132618,-139.083388360304,105.093458742645
-72.2773186588364,-139.168621565956,105.091042379984
-72.116610391209,-139.253668500295,105.088626017323
-71.9558036273902,-139.338529050774,105.086209654662
-71.7948985844573,-139.423203105135,105.083793292
-71.6338954796578,-139.507690551348,105.081376929339
-71.4727945303501,-139.591991277644,105.078960566678
-71.3115959540331,-139.676105172503,105.076544204016
-71.1502999682702,-139.760032124689,105.074127841355
-70.9889067908396,-139.843772023174,105.071711478694
-70.8274166395838,-139.927324757216,105.069295116033
-70.6658297324696,-140.010690216328,105.066878753371
-70.5041462876172,-140.093868290261,105.06446239071
-70.3423665232555,-140.176858869031,105.062046028049
-70.1804906577365,-140.259661842906,105.059629665388
-70.0185189095199,-140.342277102421,105.057213302726
-69.8564514972332,-140.424704538341,105.054796940065
-69.6942886395661,-140.506944041717,105.052380577404
-69.5320305553749,-140.588995503833,105.049964214743
-69.3696774636081,-140.670858816246,105.047547852081
-69.2072295833652,-140.752533870751,105.04513148942
-69.0446871338518,-140.834020559409,105.042715126759
-68.8820503343944,-140.915318774536,105.040298764097
-68.7193194044398,-140.996428408704,105.037882401436
-68.55649456354,-141.077349354749,105.035466038775
-68.3935760313819,-141.158081505759,105.033049676114
-68.2305640278017,-141.23862475506,105.030633313452
-68.0674587726955,-141.318978996267,105.028216950791
-67.9042604861225,-141.399144123229,105.02580058813
-67.740969388231,-141.479120030067,105.023384225469
-67.5775856993177,-141.558906611145,105.020967862807
-67.4141096397823,-141.63850376109,105.018551500146
-67.2505414301269,-141.717911374798,105.016135137485
-67.0868812910016,-141.797129347403,105.013718774824
-66.9231294431431,-141.876157574314,105.011302412162
-66.7592861074354,-141.954995951184,105.008886049501
-66.5953515048638,-142.033644373931,105.00646968684
-66.4313258565146,-142.112102738736,105.004053324178
-66.2672093836207,-142.190370942028,105.001636961517
-66.1030023074996,-142.268448880506,104.999220598856
-65.9387048496154,-142.346336451113,104.996804236195
-65.7743172315159,-142.424033551067,104.994387873533
-65.6098396748947,-142.501540077828,104.991971510872
-65.4452724015291,-142.578855929133,104.989555148211
-65.2806156333408,-142.65598100296,104.98713878555
-65.1158695923507,-142.732915197555,104.984722422888
-64.9510345006618,-142.809658411437,104.982306060227
-64.7861105805675,-142.88621054335,104.979889697566
-64.621098054397,-142.962571492333,104.977473334905
-64.4559971446229,-143.038741157669,104.975056972243
-64.2908080738306,-143.114719438902,104.972640609582
-64.1255310647317,-143.190506235829,104.970224246921
-63.9601663401351,-143.266101448513,104.967807884259
-63.7947141229455,-143.341504977285,104.965391521598
-63.6291746361937,-143.41671672273,104.962975158937
-63.4635481030371,-143.491736585686,104.960558796276
-63.2978347467125,-143.566564467264,104.958142433614
-63.1320347905975,-143.641200268824,104.955726070953
-62.9661484581491,-143.715643891999,104.953309708292
-62.800175972949,-143.789895238677,104.950893345631
-62.6341175587037,-143.863954211,104.948476982969
-62.4679734391976,-143.937820711385,104.946060620308
-62.3017438383394,-144.011494642501,104.943644257647
-62.1354289801612,-144.084975907276,104.941227894986
-61.9690290887727,-144.15826440891,104.938811532324
-61.8025443884218,-144.231360050852,104.936395169663
-61.6359751034331,-144.304262736826,104.933978807002
-61.4693214582537,-144.376972370811,104.93156244434
-61.3025836774372,-144.449488857048,104.929146081679
-61.1357619856598,-144.521812100035,104.926729719018
-60.9688566076722,-144.593942004542,104.924313356357
-60.801867768347,-144.665878475598,104.921896993695
-60.634795692662,-144.737621418494,104.919480631034
-60.467640605716,-144.809170738775,104.917064268373
-60.3004027326815,-144.880526342263,104.914647905712
-60.1330822988669,-144.95168813503,104.91223154305
-59.9656795296382,-145.022656023431,104.909815180389
-59.7981946505275,-145.093429914056,104.907398817728
-59.6306278871242,-145.164009713779,104.904982455066
-59.4629794651365,-145.23439532973,104.902566092405
-59.2952496103912,-145.304586669298,104.900149729744
-59.1274385487714,-145.374583640152,104.897733367083
-58.9595465063247,-145.4443861502,104.895317004421
-58.7915737091545,-145.513994107632,104.89290064176
-58.6235203834968,-145.583407420892,104.890484279099
-58.4553867556426,-145.652625998704,104.888067916438
-58.2871730520468,-145.721649750031,104.885651553776
-58.1188794992178,-145.790478584121,104.883235191115
-57.9505063237808,-145.859112410477,104.880818828454
-57.7820537524611,-145.927551138868,104.878402465793
-57.613522012084,-145.995794679328,104.875986103131
-57.4449113295746,-146.063842942155,104.87356974047
-57.2762219319728,-146.131695837905,104.871153377809
-57.1074540463865,-146.199353277411,104.868737015147
-56.9386079000381,-146.266815171766,104.866320652486
-56.7696837202481,-146.334081432327,104.863904289825
-56.6006817344357,-146.401151970716,104.861487927164
-56.4316021701173,-146.46802669882,104.859071564502
-56.2624452549073,-146.534705528793,104.856655201841
-56.093211216533,-146.601188373045,104.85423883918
-55.9239002827869,-146.667475144268,104.851822476519
-55.7545126815584,-146.733565755416,104.849406113857
-55.5850486408801,-146.799460119692,104.846989751196
-55.4155083888337,-146.865158150583,104.844573388535
-55.2458921536122,-146.930659761836,104.842157025874
-55.0762001635035,-146.995964867463,104.839740663212
-54.9064326468914,-147.061073381743,104.837324300551
-54.7365898322537,-147.125985219221,104.83490793789
-54.566671948163,-147.190700294709,104.832491575228
-54.396679223286,-147.255218523284,104.830075212567
-54.2266118863829,-147.319539820291,104.827658849906
-54.0564701663079,-147.383664101341,104.825242487245
-53.8862542920236,-147.447591282306,104.822826124583
-53.7159644925386,-147.511321279342,104.820409761922
-53.5456009970011,-147.574854008854,104.817993399261
-53.3751640346518,-147.638189387516,104.8155770366
-53.2046538347756,-147.701327332285,104.813160673938
-53.0340706268126,-147.764267760362,104.810744311277
-52.8634146402307,-147.827010589239,104.808327948616
-52.6926861046522,-147.889555736651,104.805911585955
-52.5218852497269,-147.951903120627,104.803495223293
-52.3510123052421,-148.014052659442,104.801078860632
-52.1800675010754,-148.076004271642,104.798662497971
-52.0090510671466,-148.137757876056,104.796246135309
-51.8379632335286,-148.199313391759,104.793829772648
-51.6668042303193,-148.260670738118,104.791413409987
-51.4955742877537,-148.321829834747,104.788997047326
-51.3242736361549,-148.382790601534,104.786580684664
-51.1529025058868,-148.443552958647,104.784164322003
-50.9814611274484,-148.504116826508,104.781747959342
-50.8099497314109,-148.564482125814,104.779331596681
-50.6383685484324,-148.624648777527,104.776915234019
-50.4667178092579,-148.684616702883,104.774498871358
-50.2949977447193,-148.744385823381,104.772082508697
-50.1232085857346,-148.803956060792,104.769666146036
-49.9513505633078,-148.863327337157,104.767249783374
-49.7794239085285,-148.922499574784,104.764833420713
-49.607428852572,-148.98147269625,104.762417058052
-49.435365626698,-149.040246624402,104.76000069539
-49.2632344622356,-149.098821282362,104.757584332729
-49.0910355906459,-149.157196593505,104.755167970068
-48.9187692434104,-149.215372481497,104.752751607407
-48.746435652158,-149.273348870251,104.750335244745
-48.5740350485375,-149.331125683973,104.747918882084
-48.4015676643285,-149.388702847121,104.745502519423
-48.2290337313777,-149.446080284429,104.743086156762
-48.0564334816142,-149.503257920902,104.7406697941
-47.8837671470493,-149.560235681812,104.738253431439
-47.7110349597761,-149.617013492705,104.735837068778
-47.5382371519537,-149.673591279399,104.733420706117
-47.3653739558698,-149.729968967969,104.731004343455
-47.1924456038299,-149.78614648478,104.728587980794
-47.0194523282833,-149.842123756446,104.726171618133
-46.8463943616963,-149.897900709874,104.723755255471
-46.6732719366625,-149.953477272225,104.72133889281
-46.5000852858399,-150.008853370937,104.718922530149
-46.3268346419655,-150.064028933717,104.716506167488
-46.1535202378553,-150.119003888544,104.714089804826
-45.9801423063883,-150.173778163672,104.711673442165
-45.8067010805697,-150.228351687614,104.709257079504
-45.6331967934188,-150.28272438917,104.706840716843
-45.4596296780811,-150.336896197399,104.704424354181
-45.285999967763,-150.390867041635,104.70200799152
-45.1123078957483,-150.444636851484,104.699591628859
-44.9385536953979,-150.498205556823,104.697175266198
-44.764737600149,-150.551573087801,104.694758903536
-44.5908598434988,-150.604739374844,104.692342540875
-44.4169206590687,-150.657704348633,104.689926178214
-44.2429202804916,-150.710467940143,104.687509815552
-44.0688589415237,-150.763030080604,104.685093452891
-43.8947368759799,-150.815390701524,104.68267709023
-43.7205543177503,-150.867549734682,104.680260727569
-43.5463115007825,-150.919507112135,104.677844364907
-43.3720086591469,-150.971262766197,104.675428002246
-43.197646026923,-151.022816629475,104.673011639585
-43.0232238383118,-151.074168634831,104.670595276924
-42.8487423275715,-151.125318715407,104.668178914262
-42.6742017290332,-151.176266804616,104.665762551601
-42.4996022770997,-151.227012836144,104.66334618894
-42.3249442062305,-151.277556743954,104.660929826279
-42.1502277509887,-151.327898462273,104.658513463617
-41.9754531460091,-151.3780379256,104.656097100956
-41.8006206259488,-151.427975068721,104.653680738295
-41.6257304255687,-151.477709826686,104.651264375633
-41.450782779732,-151.527242134809,104.648848012972
-41.2757779233235,-151.57657192869,104.646431650311
-41.1007160912984,-151.625699144202,104.64401528765
-40.9255975187133,-151.674623717484,104.641598924988
-40.7504224406781,-151.72334558495,104.639182562327
-40.5751910923713,-151.771864683291,104.636766199666
-40.3999037090407,-151.820180949467,104.634349837005
-40.2245605259852,-151.86829432072,104.631933474343
-40.0491617786049,-151.916204734553,104.629517111682
-39.873707702367,-151.963912128747,104.627100749021
-39.6981985327577,-152.011416441366,104.62468438636
-39.5226345053623,-152.058717610742,104.622268023698
-39.3470158558659,-152.105815575469,104.619851661037
-39.1713428199702,-152.15271027443,104.617435298376
-38.995615633444,-152.199401646783,104.615018935714
-38.8198345321537,-152.245889631948,104.612602573053
-38.643999752015,-152.292174169628,104.610186210392
-38.4681115290086,-152.338255199796,104.607769847731
-38.2921700991638,-152.384132662705,104.605353485069
-38.1161756986233,-152.429806498872,104.602937122408
-37.9401285635287,-152.475276649101,104.600520759747
-37.764028930134,-152.520543054461,104.598104397086
-37.5878770347408,-152.565605656298,104.595688034424
-37.4116731137136,-152.610464396234,104.593271671763
-37.2354174034799,-152.655119216165,104.590855309102
-37.0591101405132,-152.699570058265,104.588438946441
-36.8827515613822,-152.743816864977,104.586022583779
-36.7063419027008,-152.78785957902,104.583606221118
-36.5298814011448,-152.83169814339,104.581189858457
-36.3533702934509,-152.875332501357,104.578773495795
-36.1768088164171,-152.918762596466,104.576357133134
-36.0001972068853,-152.961988372542,104.573940770473
-35.8235357017907,-153.005009773676,104.571524407812
-35.6468245381281,-153.047826744236,104.56910804515
-35.470063952887,-153.090439228878,104.566691682489
-35.2932541832141,-153.132847172513,104.564275319828
-35.1163954662495,-153.175050520342,104.561858957167
-34.9394880391924,-153.217049217841,104.559442594505
-34.7625321393493,-153.25884321075,104.557026231844
-34.585528004019,-153.3004324451,104.554609869183
-34.4084758706074,-153.341816867186,104.552193506522
-34.2313759765615,-153.382996423584,104.54977714386
-34.0542285593853,-153.423971061144,104.547360781199
-33.8770338566395,-153.464740726992,104.544944418538
-33.6997921059248,-153.505305368534,104.542528055876
-33.522503544931,-153.545664933445,104.540111693215
-33.3451684113871,-153.585819369679,104.537695330554
-33.1677869430944,-153.625768625464,104.535278967893
-32.9903593778432,-153.665512649315,104.532862605231
-32.8128859535773,-153.705051390005,104.53044624257
-32.6353669082294,-153.744384796597,104.528029879909
-32.4578024798028,-153.783512818425,104.525613517248
-32.2801929063385,-153.822435405104,104.523197154586
-32.1025384259633,-153.861152506519,104.520780791925
-31.9248392768414,-153.899664072833,104.518364429264
-31.7470956971896,-153.937970054488,104.515948066603
-31.5693079252774,-153.976070402201,104.513531703941
-31.3914761994264,-154.013965066966,104.51111534128
-31.2136007580106,-154.051654000053,104.508698978619
-31.0356818394386,-154.089137153012,104.506282615957
-30.8577196822199,-154.126414477662,104.503866253296
-30.6797145248493,-154.163485926109,104.501449890635
-30.501666605938,-154.200351450725,104.499033527974
-30.3235761640816,-154.23701100417,104.496617165312
-30.1454434379751,-154.273464539374,104.494200802651
-29.9672686663469,-154.309712009543,104.49178443999
-29.7890520879748,-154.345753368165,104.489368077329
-29.6107939416853,-154.381588569001,104.486951714667
-29.4324944663375,-154.417217566095,104.484535352006
-29.2541539008882,-154.452640313757,104.482118989345
-29.0757724842931,-154.487856766585,104.479702626684
-28.897350455555,-154.522866879453,104.477286264022
-28.7188880537744,-154.557670607504,104.474869901361
-28.5403855180324,-154.592267906171,104.4724535387
-28.3618430875066,-154.626658731154,104.470037176038
-28.1832610014212,-154.660843038431,104.467620813377
-28.0046394989966,-154.694820784267,104.465204450716
-27.8259788195492,-154.728591925196,104.462788088055
-27.6472792024239,-154.762156418031,104.460371725393
-27.4685408870108,-154.795514219864,104.457955362732
-27.289764112745,-154.828665288065,104.455539000071
-27.1109491191064,-154.861609580279,104.45312263741
-26.9320961456186,-154.894347054433,104.450706274748
-26.7532054318493,-154.926877668729,104.448289912087
-26.57427721741,-154.959201381646,104.445873549426
-26.3953117419552,-154.991318151945,104.443457186765
-26.2163092451825,-155.023227938661,104.441040824103
-26.0372699668317,-155.054930701109,104.438624461442
-25.8581941466854,-155.086426398881,104.436208098781
-25.6790820245679,-155.117714991847,104.433791736119
-25.4999338403287,-155.14879644016,104.431375373458
-25.320749833908,-155.17967070424,104.428959010797
-25.1415302452377,-155.210337744796,104.426542648136
-24.9622753143067,-155.240797522811,104.424126285474
-24.7829852811443,-155.271049999545,104.421709922813
-24.6036603858199,-155.30109513654,104.419293560152
-24.4243008684423,-155.330932895614,104.416877197491
-24.2449069691601,-155.360563238862,104.414460834829
-24.0654789281606,-155.389986128661,104.412044472168
-23.8860169856701,-155.419201527663,104.409628109507
-23.7065213819529,-155.448209398802,104.407211746846
-23.526992357312,-155.477009705287,104.404795384184
-23.3474301521042,-155.505602410606,104.402379021523
-23.1678350066743,-155.53398747853,104.399962658862
-22.988207161454,-155.562164873105,104.3975462962
-22.8085468569113,-155.590134558652,104.395129933539
-22.6288543335013,-155.617896499781,104.392713570878
-22.4491298317819,-155.645450661369,104.390297208217
-22.2693735922965,-155.672797008581,104.387880845555
-22.089585855624,-155.699935506858,104.385464482894
-21.9097668624454,-155.726866121914,104.383048120233
-21.7299168533763,-155.753588819752,104.380631757572
-21.5500360691338,-155.780103566648,104.37821539491
-21.3701247504523,-155.806410329157,104.375799032249
-21.1901831380998,-155.832509074114,104.373382669588
-21.0102114728953,-155.858399768631,104.370966306927
-20.8302099956571,-155.884082380103,104.368549944265
-20.6501789472364,-155.909556876204,104.366133581604
-20.4701185685674,-155.934823224881,104.363717218943
-20.2900291005661,-155.959881394366,104.361300856281
-20.109910784214,-155.984731353166,104.35888449362
-19.9297638604742,-156.009373070075,104.356468130959
-19.749588570408,-156.033806514155,104.354051768298
-19.5693851550569,-156.058031654756,104.351635405636
-19.389153855494,-156.082048461507,104.349219042975
-19.2088949128889,-156.105856904305,104.346802680314
-19.028608568341,-156.129456953344,104.344386317653
-18.8482950630632,-156.152848579083,104.341969954991
-18.6679546382306,-156.176031752269,104.33955359233
-18.4875875351311,-156.19900644392,104.337137229669
-18.307193994981,-156.221772625344,104.334720867008
-18.1267742590917,-156.244330268121,104.332304504346
-17.9463285688027,-156.266679344111,104.329888141685
-17.7658571654479,-156.288819825456,104.327471779024
-17.5853602904053,-156.310751684578,104.325055416362
-17.4048381850966,-156.332474894173,104.322639053701
-17.2242910909369,-156.353989427223,104.32022269104
-17.0437192493842,-156.375295256989,104.317806328379
-16.8631229019231,-156.396392357008,104.315389965717
-16.6825022900805,-156.417280701097,104.312973603056
-16.5018576553583,-156.437960263358,104.310557240395
-16.3211892393675,-156.458431018163,104.308140877734
-16.1404972836434,-156.478692940176,104.305724515072
-15.9597820298297,-156.498746004329,104.303308152411
-15.7790437195435,-156.518590185842,104.30089178975
-15.5982825944599,-156.53822546021,104.298475427089
-15.4174988962268,-156.557651803212,104.296059064427
-15.2366928665992,-156.5768691909,104.293642701766
-15.0558647472544,-156.595877599615,104.291226339105
-14.8750147799762,-156.61467700597,104.288809976443
-14.6941432065201,-156.633267386861,104.286393613782
-14.5132502686972,-156.651648719465,104.283977251121
-14.3323362083065,-156.669820981236,104.28156088846
-14.1514012671854,-156.687784149912,104.279144525798
-13.970445687225,-156.705538203504,104.276728163137
-13.7894697102539,-156.723083120313,104.274311800476
-13.6084735781878,-156.740418878912,104.271895437815
-13.427457532962,-156.757545458155,104.269479075153
-13.2464218165154,-156.774462837178,104.267062712492
-13.0653666707889,-156.791170995397,104.264646349831
-12.8842923377759,-156.807669912506,104.26222998717
-12.7031990594382,-156.823959568483,104.259813624508
-12.5220870778402,-156.84003994358,104.257397261847
-12.3409566349799,-156.855911018335,104.254980899186
-12.1598079729067,-156.871572773563,104.252564536524
-11.9786413337043,-156.887025190359,104.250148173863
-11.7974569594565,-156.902268250099,104.247731811202
-11.6162550922304,-156.91730193444,104.245315448541
-11.4350359741929,-156.932126225315,104.242899085879
-11.2537998474439,-156.946741104942,104.240482723218
-11.072546954132,-156.961146555818,104.238066360557
-10.8912775364379,-156.975342560718,104.235649997896
-10.7099918365411,-156.989329102698,104.233233635234
-10.5286900966188,-157.003106165097,104.230817272573
-10.3473725588961,-157.016673731529,104.228400909912
-10.166039465579,-157.030031785893,104.225984547251
-9.98469105892047,-157.043180312365,104.223568184589
-9.80332758117032,-157.056119295403,104.221151821928
-9.62194927457492,-157.068848719745,104.218735459267
-9.44055638142677,-157.081368570408,104.216319096605
-9.25914914399726,-157.09367883269,104.213902733944
-9.07772780460384,-157.10577949217,104.211486371283
-8.89629260555868,-157.117670534706,104.209070008622
-8.71484378916884,-157.129351946438,104.20665364596
-8.5333815978031,-157.140823713782,104.204237283299
-8.35190627375697,-157.15208582344,104.201820920638
-8.17041805943716,-157.16313826239,104.199404557977
-7.98891719717696,-157.173981017892,104.196988195315
-7.80740392936957,-157.184614077487,104.194571832654
-7.62587849840128,-157.195037428994,104.192155469993
-7.4443411466509,-157.205251060514,104.189739107332
-7.26279211653939,-157.215254960428,104.18732274467
-7.08123165047969,-157.225049117396,104.184906382009
-6.89965999087643,-157.234633520361,104.182490019348
-6.71807738019246,-157.244008158542,104.180073656686
-6.53648406083096,-157.253173021444,104.177657294025
-6.35488027525285,-157.262128098847,104.175240931364
-6.17326626590938,-157.270873380813,104.172824568703
-5.99164227524161,-157.279408857687,104.170408206041
-5.81000854574718,-157.28773452009,104.16799184338
-5.62836531986289,-157.295850358926,104.165575480719
-5.44671284008118,-157.303756365378,104.163159118058
-5.26505134888343,-157.31145253091,104.160742755396
-5.08338108875589,-157.318938847267,104.158326392735
-4.90170230218969,-157.326215306471,104.155910030074
-4.72001523168006,-157.333281900828,104.153493667413
-4.53832011970968,-157.340138622923,104.151077304751
-4.35661720881558,-157.34678546562,104.14866094209
-4.1749067414707,-157.353222422066,104.146244579429
-3.99318896020154,-157.359449485685,104.143828216767
-3.81146410753752,-157.365466650183,104.141411854106
-3.62973242596004,-157.371273909547,104.138995491445
-3.44799415800284,-157.376871258043,104.136579128784
-3.26624954618508,-157.382258690216,104.134162766122
-3.08449883304392,-157.387436200894,104.131746403461
-2.90274226106735,-157.392403785184,104.1293300408
-2.72098007279437,-157.397161438473,104.126913678139
-2.53921251074801,-157.401709156428,104.124497315477
-2.35743981746826,-157.406046934996,104.122080952816
-2.1756622354445,-157.410174770406,104.119664590155
-1.99388000723263,-157.414092659165,104.117248227494
-1.81209337532092,-157.417800598061,104.114831864832
-1.63030258226365,-157.421298584163,104.112415502171
-1.44850787054629,-157.424586614819,104.10999913951
-1.26670948271995,-157.427664687656,104.107582776848
-1.08490766128317,-157.430532800585,104.105166414187
-0.903102648748878,-157.433190951793,104.102750051526
-0.721294687644205,-157.435639139749,104.100333688865
-0.539484020442607,-157.437877363203,104.097917326203
-0.357670889681572,-157.439905621183,104.095500963542
-0.175855537827493,-157.441723912998,104.093084600881
0.00596179258957116,-157.443332238237,104.09066823822
0.187780859078164,-157.444730596771,104.088251875558
0.369601419184773,-157.445918988746,104.085835512897
0.551423230393472,-157.446897414594,104.083419150236
0.733246050244543,-157.447665875024,104.081002787575
0.915069636266564,-157.448224371023,104.078586424913
1.09689374599435,-157.448572903862,104.076170062252
1.27871813695221,-157.44871147509,104.073753699591
1.46054256670476,-157.448640086536,104.071337336929
1.64236679278956,-157.448358740309,104.068920974268
1.82419057280218,-157.447867438797,104.066504611607
2.00601366427837,-157.44716618467,104.064088248946
2.18783582479531,-157.446254980876,104.061671886284
2.36965681195562,-157.445133830644,104.059255523623
2.55147638335312,-157.443802737482,104.056839160962
2.73329429659089,-157.442261705179,104.054422798301
2.91511030926418,-157.440510737802,104.052006435639
3.09692417899462,-157.438549839699,104.049590072978
3.27873566343034,-157.436379015498,104.047173710317
3.46054452021312,-157.433998270106,104.044757347656
3.64235050697815,-157.431407608711,104.042340984994
3.82415338140527,-157.428607036778,104.039924622333
4.00595290115146,-157.425596560055,104.037508259672
4.18774882391898,-157.422376184568,104.03509189701
4.36954090738844,-157.418945916622,104.032675534349
4.55132890928596,-157.415305762802,104.030259171688
4.73311258731623,-157.411455729975,104.027842809027
4.91489169923066,-157.407395825283,104.025426446365
5.09666600275988,-157.403126056152,104.023010083704
5.27843525566495,-157.398646430286,104.020593721043
5.460199215737,-157.393956955666,104.018177358382
5.64195764074817,-157.389057640556,104.01576099572
5.82371028851797,-157.383948493498,104.013344633059
6.00545691684729,-157.378629523314,104.010928270398
6.18719728356892,-157.373100739105,104.008511907737
6.36893114654733,-157.36736215025,104.006095545075
6.55065826362948,-157.361413766409,104.003679182414
6.73237839269496,-157.355255597523,104.001262819753
6.91409129163944,-157.348887653808,103.998846457091
7.09579671839216,-157.342309945763,103.99643009443
7.27749443086556,-157.335522484164,103.994013731769
7.4591841870064,-157.328525280068,103.991597369108
7.64086574479562,-157.321318344809,103.989181006446
7.82253886218162,-157.313901690003,103.986764643785
8.00420329719806,-157.306275327543,103.984348281124
8.18585880784726,-157.298439269601,103.981931918463
8.36750515216661,-157.29039352863,103.979515555801
8.54914208821281,-157.28213811736,103.97709919314
8.73076937407937,-157.2736730488,103.974682830479
8.91238676784525,-157.26499833624,103.972266467818
9.09399402760999,-157.256113993249,103.969850105156
9.27559091154401,-157.247020033671,103.967433742495
9.45717717778792,-157.237716471633,103.965017379834
9.63875258452039,-157.22820332154,103.962601017172
9.82031688992455,-157.218480598075,103.960184654511
10.0018698522559,-157.2085483162,103.95776829185
10.1834112297414,-157.198406491155,103.955351929189
10.3649407806473,-157.188055138461,103.952935566527
10.5464582632626,-157.177494273915,103.950519203866
10.7279634358992,-157.166723913594,103.948102841205
10.9094560568925,-157.155744073855,103.945686478544
11.0909358845845,-157.144554771332,103.943270115882
11.2724026773921,-157.133156022936,103.940853753221
11.4538561937056,-157.121547845859,103.93843739056
11.6352961919402,-157.109730257572,103.936021027899
11.8167224305695,-157.097703275822,103.933604665237
11.9981346680757,-157.085466918636,103.931188302576
12.1795326629667,-157.073021204318,103.928771939915
12.3609161737761,-157.060366151452,103.926355577253
12.5422849590469,-157.047501778901,103.923939214592
12.7236387773992,-157.034428105801,103.921522851931
12.904977387413,-157.021145151574,103.91910648927
13.0863005477286,-157.007652935916,103.916690126608
13.2676080170478,-156.993951478798,103.914273763947
13.4488995540328,-156.980040800476,103.911857401286
13.6301749174245,-156.965920921478,103.909441038625
13.8114338659755,-156.951591862614,103.907024675963
13.9926761584503,-156.937053644971,103.904608313302
14.1739015536763,-156.922306289912,103.902191950641
14.3551098104932,-156.90734981908,103.89977558798
14.5363006877538,-156.892184254396,103.897359225318
14.7174739443749,-156.876809618057,103.894942862657
14.8986293392698,-156.86122593254,103.892526499996
15.079766631416,-156.845433220597,103.890110137334
15.2608855797886,-156.82943150526,103.887693774673
15.4419859434278,-156.813220809838,103.885277412012
15.6230674813884,-156.796801157916,103.882861049351
15.8041299527404,-156.780172573361,103.880444686689
15.9851731166035,-156.763335080313,103.878028324028
16.1661967321458,-156.746288703189,103.875611961367
16.3472005585356,-156.729033466689,103.873195598706
16.5281843550078,-156.711569395783,103.870779236044
16.7091478807972,-156.693896515724,103.868362873383
16.8900908952063,-156.67601485204,103.865946510722
17.071013157538,-156.657924430537,103.863530148061
17.2519144271467,-156.639625277298,103.861113785399
17.4327944634218,-156.621117418682,103.858697422738
17.6136530258043,-156.602400881326,103.856281060077
17.7944898737541,-156.583475692143,103.853864697415
17.9753047667336,-156.564341878326,103.851448334754
18.156097464308,-156.544999467342,103.849031972093
18.3368677260291,-156.525448486935,103.846615609432
18.5176153115019,-156.505688965129,103.84419924677
18.6983399803686,-156.48572093022,103.841782884109
18.8790414923257,-156.465544410783,103.839366521448
19.0597196070737,-156.44515943567,103.836950158787
19.2403740843514,-156.424566034013,103.834533796125
19.421004683986,-156.403764235211,103.832117433464
19.6016111657933,-156.38275406895,103.829701070803
19.7821932896613,-156.361535565184,103.827284708142
19.9627508154676,-156.340108754152,103.82486834548
20.1432835031792,-156.318473666363,103.822451982819
20.3237911128031,-156.296630332602,103.820035620158
20.5042734043369,-156.274578783936,103.817619257496
20.6847301378685,-156.252319051702,103.815202894835
20.8651610735265,-156.229851167515,103.812786532174
21.0455659714311,-156.207175163269,103.810370169513
21.225944591794,-156.184291071132,103.807953806851
21.4062966948517,-156.161198923546,103.80553744419
21.5866220408835,-156.137898753231,103.803121081529
21.7669203902108,-156.114390593183,103.800704718868
21.947191503198,-156.090674476673,103.798288356206
22.1274351402523,-156.066750437248,103.795871993545
22.307651061808,-156.042618508733,103.793455630884
22.4878390283764,-156.018278725225,103.791039268223
22.6679988004963,-155.993731121097,103.788622905561
22.8481301387508,-155.968975730999,103.7862065429
23.0282328037674,-155.944012589856,103.783790180239
23.2083065562028,-155.918841732871,103.781373817577
23.3883511567916,-155.893463195517,103.778957454916
23.5683663662974,-155.867877013545,103.776541092255
23.7483519455139,-155.842083222983,103.774124729594
23.9283076553137,-155.816081860132,103.771708366932
24.1082332565827,-155.789872961568,103.769292004271
24.288128510304,-155.76345656414,103.76687564161
24.4679931774411,-155.736832704979,103.764459278949
24.6478270190388,-155.710001421485,103.762042916287
24.8276297962057,-155.682962751334,103.759626553626
25.007401270066,-155.655716732477,103.757210190965
25.1871412018253,-155.628263403139,103.754793828304
25.3668493527047,-155.600602801823,103.752377465642
25.5465254840077,-155.5727349673,103.749961102981
25.7261693570711,-155.54465993862,103.74754474032
25.9057807332475,-155.516377755114,103.745128377658
26.0853593740067,-155.487888456373,103.742712014997
26.2649050408352,-155.45919208227,103.740295652336
26.444417495254,-155.430288672955,103.737879289675
26.6238964988511,-155.401178268849,103.735462927013
26.8033418132668,-155.371860910648,103.733046564352
26.9827532002088,-155.342336639318,103.730630201691
27.1621304214038,-155.312605496105,103.72821383903
27.3414732386475,-155.282667522527,103.725797476368
27.520781413805,-155.252522760371,103.723381113707
27.7000547087606,-155.222171251706,103.720964751046
27.8792928854521,-155.191613038872,103.718548388385
28.0584957059375,-155.160848164475,103.716132025723
28.2376629322286,-155.129876671408,103.713715663062
28.416794326458,-155.098698602827,103.711299300401
28.5958896508127,-155.067314002163,103.708882937739
28.7749486674848,-155.035722913128,103.706466575078
28.9539711387877,-155.003925379695,103.704050212417
29.1329568270242,-154.971921446123,103.701633849756
29.3119054946187,-154.939711156932,103.699217487094
29.4908169040024,-154.907294556924,103.696801124433
29.6696908176624,-154.874671691173,103.694384761772
29.848526998193,-154.841842605019,103.691968399111
30.0273252081778,-154.808807344086,103.689552036449
30.2060852103257,-154.775565954258,103.687135673788
30.3848067673352,-154.742118481704,103.684719311127
30.5634896420138,-154.708464972858,103.682302948466
30.7421335972102,-154.674605474427,103.679886585804
30.9207383958315,-154.640540033393,103.677470223143
31.0993038008435,-154.606268697009,103.675053860482
31.2778295752554,-154.571791512804,103.67263749782
31.4563154821682,-154.537108528573,103.670221135159
31.6347612847264,-154.502219792386,103.667804772498
31.8131667461349,-154.467125352586,103.665388409837
31.9915316296421,-154.431825257789,103.662972047175
32.1698556985902,-154.39631955688,103.660555684514
32.3481387163498,-154.360608299019,103.658139321853
32.5263804463855,-154.324691533633,103.655722959192
32.7045806522071,-154.288569310423,103.65330659653
32.8827390973704,-154.252241679368,103.650890233869
33.0608555455257,-154.215708690707,103.648473871208
33.2389297603532,-154.178970394961,103.646057508547
33.4169615056295,-154.142026842914,103.643641145885
33.5949505451772,-154.104878085626,103.641224783224
33.7728966428667,-154.067524174429,103.638808420563
33.9507995626478,-154.029965160926,103.636392057901
34.1286590685352,-153.99220109699,103.63397569524
34.3064749246244,-153.954232034759,103.631559332579
34.4842468950588,-153.916058026649,103.629142969918
34.661974744015,-153.877679125352,103.626726607256
34.8396582357994,-153.839095383817,103.624310244595
35.0172971347523,-153.800306855271,103.621893881934
35.1948912052467,-153.761313593219,103.619477519273
35.372440211788,-153.72211565142,103.617061156611
35.5499439188983,-153.682713083917,103.61464479395
35.7274020911837,-153.643105945018,103.612228431289
35.9048144933338,-153.603294289299,103.609812068628
36.0821808900565,-153.563278171615,103.607395705966
36.2595010461931,-153.523057647079,103.604979343305
36.4367747266038,-153.482632771083,103.602562980644
36.6140016962344,-153.442003599285,103.600146617982
36.7911817200987,-153.401170187616,103.597730255321
36.9683145632636,-153.360132592277,103.59531389266
37.1453999909144,-153.318890869728,103.592897529999
37.3224377682572,-153.277445076711,103.590481167337
37.4994276605845,-153.235795270233,103.588064804676
37.6763694332588,-153.19394150757,103.585648442015
37.853262851714,-153.151883846268,103.583232079354
38.0301076814375,-153.109622344147,103.580815716692
38.2069036880379,-153.067157059282,103.578399354031
38.3836506371302,-153.024488050034,103.57598299137
38.5603482944494,-152.981615375021,103.573566628709
38.7369964257871,-152.938539093135,103.571150266047
38.9135947969905,-152.895259263538,103.568733903386
39.0901431740296,-152.851775945651,103.566317540725
39.2666413228808,-152.808089199178,103.563901178063
39.4430890096277,-152.764199084086,103.561484815402
39.6194860004599,-152.720105660598,103.559068452741
39.7958320615757,-152.675808989227,103.55665209008
39.9721269592807,-152.63130913074,103.554235727418
40.148370459987,-152.586606146169,103.551819364757
40.324562330101,-152.541700096832,103.549403002096
40.5007023361858,-152.496591044295,103.546986639435
40.6767902448468,-152.4512790504,103.544570276773
40.8528258227659,-152.405764177256,103.542153914112
41.0288088366686,-152.360046487249,103.539737551451
41.2047390534216,-152.314126043015,103.53732118879
41.3806162399364,-152.268002907466,103.534904826128
41.5564401631848,-152.221677143787,103.532488463467
41.7322105902324,-152.175148815424,103.530072100806
41.9079272882394,-152.128417986086,103.527655738144
42.0835900243943,-152.081484719764,103.525239375483
42.2591985660459,-152.034349080691,103.522823012822
42.4347526805239,-151.987011133396,103.520406650161
42.6102521353182,-151.939470942652,103.517990287499
42.7856966979489,-151.891728573511,103.515573924838
42.9610861360326,-151.843784091288,103.513157562177
43.1364202172652,-151.795637561563,103.510741199516
43.3116987094226,-151.747289050186,103.508324836854
43.486921380362,-151.698738623268,103.505908474193
43.6620879980367,-151.649986347185,103.503492111532
43.8371983304329,-151.601032288593,103.501075748871
44.012252145683,-151.551876514394,103.498659386209
44.1872492119359,-151.502519091776,103.496243023548
44.3621892974716,-151.452960088176,103.493826660887
44.537072170652,-151.403199571299,103.491410298225
44.7118975998732,-151.353237609131,103.488993935564
44.8866653536629,-151.303074269904,103.486577572903
45.0613752006153,-151.252709622127,103.484161210242
45.2360269094087,-151.202143734567,103.48174484758
45.4106202487889,-151.151376676268,103.479328484919
45.585154987634,-151.100408516519,103.476912122258
45.7596308948419,-151.049239324895,103.474495759597
45.934047739444,-150.997869171224,103.472079396935
46.1084052905244,-150.946298125604,103.469663034274
46.2827033172847,-150.894526258391,103.467246671613
46.4569415889956,-150.842553640209,103.464830308951
46.6311198750142,-150.790380341946,103.46241394629
46.8052379447678,-150.738006434761,103.459997583629
46.9792955677858,-150.685431990071,103.457581220968
47.1532925137012,-150.632657079552,103.455164858306
47.3272285522174,-150.579681775149,103.452748495645
47.5011034531098,-150.526506149076,103.450332132984
47.6749169862568,-150.473130273807,103.447915770323
47.8486689216418,-150.419554222072,103.445499407661
48.0223590293037,-150.365778066876,103.443083045
48.1959870794024,-150.311801881478,103.440666682339
48.3695528421548,-150.25762573941,103.438250319678
48.5430560878831,-150.20324971446,103.435833957016
48.7164965870145,-150.148673880678,103.433417594355
48.8898741100346,-150.093898312384,103.431001231694
49.0631884275351,-150.038923084157,103.428584869033
49.236439310198,-149.983748270839,103.426168506371
49.4096265287959,-149.928373947533,103.42375214371
49.5827498542088,-149.872800189601,103.421335781049
49.7558090573594,-149.817027072684,103.418919418387
49.9288039093269,-149.76105467266,103.416503055726
50.101734181234,-149.704883065691,103.414086693065
50.2745996442954,-149.648512328195,103.411670330404
50.4474000698669,-149.591942536841,103.409253967742
50.6201352293486,-149.535173768574,103.406837605081
50.7928048942499,-149.478206100594,103.40442124242
50.9654088361578,-149.421039610369,103.402004879759
51.1379468268009,-149.363674375614,103.399588517097
51.310418637938,-149.306110474325,103.397172154436
51.4828240414699,-149.248347984743,103.394755791775
51.6551628093765,-149.190386985376,103.392339429113
51.8274347137161,-149.132227555,103.389923066452
51.9996395266903,-149.073869772632,103.387506703791
52.1717770205329,-149.015313717576,103.38509034113
52.3438469676204,-148.956559469377,103.382673978468
52.5158491403946,-148.897607107853,103.380257615807
52.6877833114247,-148.838456713071,103.377841253146
52.8596492533611,-148.779108365363,103.375424890485
53.0314467389353,-148.71956214533,103.373008527823
53.2031755410082,-148.659818133817,103.370592165162
53.3748354325055,-148.599876411945,103.368175802501
53.5464261864679,-148.539737061085,103.36575943984
53.7179475760652,-148.47940016286,103.363343077178
53.8893993744867,-148.418865799179,103.360926714517
54.0607813550999,-148.358134052183,103.358510351856
54.2320932913231,-148.297205004288,103.356093989195
54.4033349567071,-148.236078738159,103.353677626533
54.5745061248691,-148.174755336731,103.351261263872
54.745606569543,-148.113234883194,103.348844901211
54.916636064563,-148.051517460995,103.346428538549
55.0875943838792,-147.989603153834,103.344012175888
55.2584813014955,-147.927492045687,103.341595813227
55.4292965915801,-147.865184220767,103.339179450566
55.600040028355,-147.802679763561,103.336763087904
55.7707113861602,-147.739978758809,103.334346725243
55.9413104394371,-147.67708129151,103.331930362582
56.1118369627301,-147.613987446919,103.329513999921
56.2822907306856,-147.55069731055,103.327097637259
56.4526715180537,-147.487210968176,103.324681274598
56.6229790996868,-147.423528505827,103.322264911937
56.7932132505414,-147.359650009788,103.319848549275
56.9633737456775,-147.295575566604,103.317432186614
57.1334603602438,-147.231305263083,103.315015823953
57.3034728695401,-147.166839186272,103.312599461292
57.4734110489083,-147.102177423498,103.31018309863
57.6432746738422,-147.037320062329,103.307766735969
57.81306351991,-146.972267190599,103.305350373308
57.9827773628319,-146.907018896382,103.302934010647
58.1524159783712,-146.841575268033,103.300517647985
58.3219791424293,-146.77593639415,103.298101285324
58.4914666310293,-146.710102363584,103.295684922663
58.6608782202849,-146.644073265444,103.293268560002
58.8302136864022,-146.577849189105,103.29085219734
58.999472805725,-146.511430224182,103.288435834679
59.1686553546739,-146.44481646056,103.286019472018
59.3377611097926,-146.378007988375,103.283603109356
59.5067898477493,-146.311004898009,103.281186746695
59.6757413453044,-146.243807280108,103.278770384034
59.844615379296,-146.176415225583,103.276354021373
60.0134117267339,-146.108828825578,103.273937658711
60.1821301647057,-146.041048171502,103.27152129605
60.3507704703775,-145.973073355033,103.269104933389
60.5193324210882,-145.904904468079,103.266688570728
60.6878157942392,-145.836541602819,103.264272208066
60.8562203673591,-145.767984851682,103.261855845405
61.0245459180863,-145.69923430735,103.259439482744
61.1927922241708,-145.63029006276,103.257023120083
61.3609590634739,-145.561152211103,103.254606757421
61.5290462139838,-145.491820845817,103.25219039476
61.6970534537548,-145.422296060613,103.249774032099
61.8649805609992,-145.352577949437,103.247357669437
62.0328273140266,-145.282666606493,103.244941306776
62.2005934912595,-145.21256212624,103.242524944115
62.3682788712336,-145.142264603391,103.240108581454
62.5358832325818,-145.071774132915,103.237692218792
62.7034063540983,-145.001090810018,103.235275856131
62.8708480146281,-144.930214730184,103.23285949347
63.038207993178,-144.859145989127,103.230443130809
63.2054860688531,-144.787884682824,103.228026768147
63.3726820208581,-144.716430907509,103.225610405486
63.5397956285436,-144.644784759655,103.223194042825
63.7068266713452,-144.572946336002,103.220777680164
63.8737749288445,-144.500915733524,103.218361317502
64.0406401807236,-144.42869304946,103.215944954841
64.207422206766,-144.356278381302,103.21352859218
64.3741207868867,-144.283671826789,103.211112229518
64.5407357011333,-144.210873483904,103.208695866857
64.7072667296546,-144.137883450888,103.206279504196
64.8737136526861,-144.064701826248,103.203863141535
65.0400762506434,-143.991328708713,103.201446778873
65.2063543040282,-143.917764197276,103.199030416212
65.3725475934302,-143.844008391197,103.196614053551
65.5386558996191,-143.770061389956,103.19419769089
65.7046790034376,-143.695923293305,103.191781328228
65.8706166858619,-143.621594201241,103.189364965567
66.036468727989,-143.547074214009,103.186948602906
66.20223491105,-143.472363432096,103.184532240245
66.3679150163499,-143.397461956264,103.182115877583
66.5335088253757,-143.322369887491,103.179699514922
66.6990161196736,-143.247087327038,103.177283152261
66.8644366809564,-143.17161437639,103.174866789599
67.0297702910425,-143.095951137291,103.172450426938
67.1950167318874,-143.020097711725,103.170034064277
67.360175785507,-142.944054201954,103.167617701616
67.5252472341304,-142.867820710446,103.165201338954
67.6902308600484,-142.791397339947,103.162784976293
67.8551264456744,-142.71478419345,103.160368613632
68.0199337735743,-142.637981374184,103.157952250971
68.1846526264226,-142.56098898563,103.155535888309
68.3492827870169,-142.48380713152,103.153119525648
68.5138240382479,-142.406435915848,103.150703162987
68.6782761632063,-142.328875442817,103.148286800326
68.8426389450314,-142.251125816917,103.145870437664
69.006912167032,-142.173187142861,103.143454075003
69.1710956126118,-142.095059525626,103.141037712342
69.3351890653138,-142.016743070428,103.13862134968
69.4991923088231,-141.938237882721,103.136204987019
69.6631051269333,-141.859544068216,103.133788624358
69.8269273035355,-141.780661732883,103.131372261697
69.9906586227058,-141.70159098291,103.128955899035
70.1542988686028,-141.622331924754,103.126539536374
70.3178478255413,-141.542884665101,103.124123173713
70.4813052779176,-141.46324931091,103.121706811052
70.6446710103166,-141.38342596935,103.11929044839
70.8079448074045,-141.303414747863,103.116874085729
70.9711264539907,-141.223215754127,103.114457723068
71.1342157350131,-141.142829096067,103.112041360407
71.2972124355376,-141.06225488185,103.109624997745
71.4601163407591,-140.981493219891,103.107208635084
71.6229272360014,-140.900544218849,103.104792272423
71.785644906702,-140.819407987635,103.102375909761
71.9482691384738,-140.738084635384,103.0999595471
72.1107997169986,-140.656574271503,103.097543184439
72.2732364281492,-140.574877005613,103.095126821778
72.4355790578678,-140.492992947613,103.092710459116
72.597827392273,-140.41092220762,103.090294096455
72.7599812175839,-140.32866489601,103.087877733794
72.9220403201805,-140.24622112339,103.085461371133
73.0840044865602,-140.163591000615,103.083045008471
73.245873503351,-140.080774638786,103.08062864581
73.4076471572837,-139.997772149262,103.078212283149
73.5693252352963,-139.914583643605,103.075795920488
73.7309075243838,-139.83120923366,103.073379557826
73.8923938117047,-139.7476490315,103.070963195165
74.0537838845649,-139.66390314943,103.068546832504
74.2150775303747,-139.579971700016,103.066130469842
74.3762745366921,-139.495854796056,103.063714107181
74.5373746912245,-139.411552550584,103.06129774452
74.6983777817834,-139.327065076892,103.058881381859
74.8592835963296,-139.242392488504,103.056465019197
75.0200919229592,-139.157534899187,103.054048656536
75.1808025499178,-139.07249242294,103.051632293875
75.3414152655413,-138.98726517403,103.049215931214
75.5019298583614,-138.901853266931,103.046799568552
75.6623461170009,-138.816256816382,103.044383205891
75.8226638302182,-138.730475937364,103.04196684323
75.9828827869533,-138.644510745073,103.039550480569
76.1430027762377,-138.558361354971,103.037134117907
76.3030235872406,-138.47202788276,103.034717755246
76.4629450092973,-138.385510444365,103.032301392585
76.6227668318667,-138.29880915596,103.029885029923
76.7824888445443,-138.211924133959,103.027468667262
76.9421108370641,-138.124855495016,103.025052304601
77.1016325992844,-138.03760335603,103.02263594194
77.2610539212305,-137.950167834127,103.020219579278
77.4203745930525,-137.862549046677,103.017803216617
77.5795944050241,-137.774747111299,103.015386853956
77.7387131475741,-137.686762145841,103.012970491295
77.8977306112997,-137.598594268376,103.010554128633
78.056646586865,-137.510243597255,103.008137765972
78.215460865147,-137.421710251024,103.005721403311
78.3741732371347,-137.332994348487,103.00330504065
78.5327834939427,-137.244096008693,103.000888677988
78.691291426841,-137.155015350921,102.998472315327
78.8496968272415,-137.065752494685,102.996055952666
79.0079994867117,-136.976307559733,102.993639590004
79.1661991969322,-136.886680666063,102.991223227343
79.3242957497399,-136.796871933902,102.988806864682
79.4822889371141,-136.706881483717,102.986390502021
79.6401785511769,-136.616709436209,102.983974139359
79.7979643841932,-136.526355912315,102.981557776698
79.9556462285855,-136.435821033204,102.979141414037
80.1132238768761,-136.345104920302,102.976725051376
80.2706971217751,-136.254207695249,102.974308688714
80.428065756121,-136.163129479928,102.971892326053
80.5853295728976,-136.071870396457,102.969475963392
80.7424883652324,-135.980430567192,102.967059600731
80.8995419263839,-135.88881011473,102.964643238069
81.0564900497981,-135.797009161881,102.962226875408
81.2133325290092,-135.70502783172,102.959810512747
81.3700691577258,-135.612866247545,102.957394150085
81.5266997298165,-135.520524532875,102.954977787424
81.6832240392816,-135.428002811475,102.952561424763
81.8396418802676,-135.335301207345,102.950145062102
81.9959530470394,-135.242419844734,102.94772869944
82.1521573340801,-135.149358848083,102.945312336779
82.3082545359341,-135.056118342121,102.942895974118
82.4642444473792,-134.962698451754,102.940479611457
82.6201268632547,-134.869099302177,102.938063248795
82.7759015786198,-134.775321018774,102.935646886134
82.9315683886382,-134.681363727189,102.933230523473
83.0871270886378,-134.587227553288,102.930814160812
83.2425774741082,-134.492912623164,102.92839779815
83.3979193406455,-134.398419063167,102.925981435489
83.5531524840527,-134.303746999844,102.923565072828
83.7082767002386,-134.208896560003,102.921148710166
83.8632917852768,-134.113867870672,102.918732347505
84.0181975353762,-134.018661059121,102.916315984844
84.1729937469395,-133.923276252828,102.913899622183
84.327680216476,-133.827713579524,102.911483259521
84.4822567406471,-133.731973167176,102.90906689686
84.636723116293,-133.636055143961,102.906650534199
84.7910791403911,-133.539959638299,102.904234171538
84.9453246100707,-133.443686778837,102.901817808876
85.099459322613,-133.347236694457,102.899401446215
85.2534830754364,-133.250609514276,102.896985083554
85.407395666141,-133.153805367627,102.894568720893
85.561196892451,-133.056824384089,102.892152358231
85.7148865522714,-132.959666693454,102.88973599557
85.8684644436465,-132.862332425752,102.887319632909
86.0219303647602,-132.764821711251,102.884903270247
86.1752841139636,-132.667134680441,102.882486907586
86.328525489762,-132.569271464041,102.880070544925
86.4816542908436,-132.471232192978,102.877654182264
86.6346703159799,-132.373016998457,102.875237819602
86.7875733641538,-132.274626011873,102.872821456941
86.9403632345035,-132.176059364851,102.87040509428
87.0930397262935,-132.07731718926,102.867988731619
87.2456026389587,-131.97839961719,102.865572368957
87.3980517720889,-131.879306780959,102.863156006296
87.5503869254452,-131.780038813103,102.860739643635
87.7026078989015,-131.680595846411,102.858323280974
87.8547144925314,-131.580978013876,102.855906918312
88.0067065065503,-131.481185448725,102.853490555651
88.1585837413316,-131.38121828441,102.85107419299
88.3103459974056,-131.281076654613,102.848657830328
88.4619930754598,-131.180760693241,102.846241467667
88.6135247763259,-131.080270534438,102.843825105006
88.7649409010218,-130.979606312553,102.841408742345
88.9162412507095,-130.878768162174,102.838992379683
89.0674256266955,-130.77775621812,102.836576017022
89.2184938304732,-130.67657061542,102.834159654361
89.3694456636815,-130.575211489337,102.8317432917
89.5202809281037,-130.473678975368,102.829326929038
89.6709994257119,-130.371973209217,102.826910566377
89.8216009586092,-130.270094326831,102.824494203716
89.9720853290728,-130.168042464374,102.822077841055
90.1224523395548,-130.065817758223,102.819661478393
90.2727017926394,-129.963420344999,102.817245115732
90.4228334910862,-129.860850361538,102.814828753071
90.5728472378153,-129.758107944899,102.812412390409
90.7227428359225,-129.655193232356,102.809996027748
90.8725200886372,-129.552106361426,102.807579665087
91.022178799351,-129.448847469847,102.805163302426
91.1717187716588,-129.345416695556,102.802746939764
91.3211398092765,-129.241814176736,102.800330577103
91.470441716097,-129.138040051788,102.797914214442
91.6196242961747,-129.034094459333,102.795497851781
91.7686873537149,-128.929977538225,102.793081489119
91.917630693113,-128.825689427521,102.790665126458
92.0664541189281,-128.721230266498,102.788248763797
92.2151574358421,-128.616600194686,102.785832401136
92.3637404487284,-128.511799351818,102.783416038474
92.5122029626387,-128.406827877836,102.780999675813
92.6605447827751,-128.301685912915,102.778583313152
92.8087657145053,-128.196373597449,102.77616695049
92.9568655633478,-128.090891072065,102.773750587829
93.1048441350007,-127.9852384776,102.771334225168
93.2527012353412,-127.879415955101,102.768917862507
93.4004366703849,-127.773423645854,102.766501499845
93.5480502463406,-127.667261691348,102.764085137184
93.6955417695572,-127.56093023331,102.761668774523
93.8429110465625,-127.454429413677,102.759252411862
93.9901578840522,-127.347759374605,102.7568360492
94.1372820889026,-127.24092025846,102.754419686539
94.2842834681158,-127.133912207856,102.752003323878
94.4311618289167,-127.026735365587,102.749586961217
94.5779169786569,-126.919389874695,102.747170598555
94.72454872487,-126.81187587843,102.744754235894
94.8710568752577,-126.704193520262,102.742337873233
95.0174412376765,-126.596342943888,102.739921510571
95.1637016201929,-126.488324293191,102.73750514791
95.309837830988,-126.380137712315,102.735088785249
95.4558496784532,-126.27178334559,102.732672422588
95.6017369711352,-126.163261337572,102.730256059926
95.7474995177512,-126.054571833036,102.727839697265
95.893137127175,-125.945714976983,102.725423334604
96.038649608477,-125.83669091461,102.723006971943
96.1840367708719,-125.727499791351,102.720590609281
96.3292984237719,-125.618141752838,102.71817424662
96.474434376733,-125.508616944936,102.715757883959
96.6194444395099,-125.398925513707,102.713341521298
96.7643284220016,-125.289067605449,102.710925158636
96.9090861342925,-125.179043366667,102.708508795975
97.0537173866524,-125.068852944067,102.706092433314
97.1982219894962,-124.958496484594,102.703676070652
97.3425997534251,-124.847974135397,102.701259707991
97.4868504892264,-124.737286043826,102.69884334533
97.63097400782,-124.626432357482,102.696426982669
97.7749701203527,-124.515413224135,102.694010620007
97.9188386380912,-124.40422879181,102.691594257346
98.0625793725158,-124.292879208718,102.689177894685
98.2061921352814,-124.181364623279,102.686761532024
98.349676738176,-124.069685184163,102.684345169362
98.4930329932031,-123.957841040218,102.681928806701
98.6362607125269,-123.845832340515,102.67951244404
98.7793597084867,-123.733659234341,102.677096081379
98.9223297935835,-123.621321871204,102.674679718717
99.0651707805201,-123.508820400804,102.672263356056
99.2078824821624,-123.396154973062,102.669846993395
99.350464711538,-123.283325738124,102.667430630733
99.4929172818645,-123.170332846335,102.665014268072
99.6352400065485,-123.057176448242,102.662597905411
99.7774326991604,-122.943856694615,102.66018154275
99.919495173434,-122.830373736443,102.657765180088
100.061427243293,-122.716727724917,102.655348817427
100.203228722853,-122.602918811429,102.652932454766
100.344899426366,-122.488947147611,102.650516092105
100.486439168314,-122.374812885264,102.648099729443
100.627847763319,-122.260516176431,102.645683366782
100.769125026208,-122.146057173343,102.643267004121
100.910270771944,-122.031436028474,102.64085064146
101.051284815712,-121.916652894474,102.638434278798
101.192166972861,-121.801707924214,102.636017916137
101.332917058918,-121.686601270771,102.633601553476
101.47353488959,-121.571333087436,102.631185190814
101.614020280766,-121.455903527703,102.628768828153
101.754373048511,-121.340312745279,102.626352465492
101.894593009061,-121.224560894087,102.623936102831
102.034679978854,-121.108648128238,102.621519740169
102.174633774488,-120.99257460207,102.619103377508
102.314454212762,-120.876340470111,102.616687014847
102.454141110648,-120.759945887102,102.614270652186
102.593694285283,-120.643391008007,102.611854289524
102.733113554013,-120.526675987971,102.609437926863
102.87239873434,-120.409800982369,102.607021564202
103.011549643971,-120.292766146762,102.604605201541
103.150566100761,-120.175571636947,102.602188838879
103.289447922796,-120.058217608887,102.599772476218
103.428194928307,-119.940704218781,102.597356113557
103.566806935732,-119.823031623011,102.594939750895
103.705283763657,-119.705199978199,102.592523388234
103.843625230887,-119.58720944114,102.590107025573
103.98183115641,-119.469060168832,102.587690662912
104.119901359363,-119.350752318511,102.58527430025
104.257835659101,-119.232286047584,102.582857937589
104.395633875168,-119.113661513665,102.580441574928
104.533295827249,-118.994878874603,102.578025212267
104.670821335256,-118.875938288417,102.575608849605
104.80821021926,-118.756839913352,102.573192486944
104.94546229954,-118.637583907837,102.570776124283
105.08257739655,-118.518170430513,102.568359761622
105.21955533093,-118.398599640222,102.56594339896
105.356395923492,-118.278871696025,102.563527036299
105.493098995246,-118.158986757169,102.561110673638
105.629664367403,-118.038944983096,102.558694310976
105.766091861334,-117.918746533471,102.556277948315
105.902381298623,-117.798391568138,102.553861585654
106.038532501014,-117.677880247166,102.551445222993
106.174545290454,-117.557212730813,102.549028860331
106.310419489073,-117.436389179541,102.54661249767
106.446154919204,-117.315409753997,102.544196135009
106.581751403344,-117.194274615057,102.541779772348
106.717208764176,-117.072983923792,102.539363409686
106.852526824608,-116.951537841443,102.536947047025
106.987705407703,-116.829936529485,102.534530684364
107.122744336709,-116.708180149591,102.532114321703
107.257643435089,-116.586268863611,102.529697959041
107.392402526497,-116.464202833597,102.52728159638
107.527021434736,-116.341982221832,102.524865233719
107.661499983827,-116.219607190776,102.522448871057
107.795837997991,-116.097077903076,102.520032508396
107.930035301627,-115.974394521589,102.517616145735
108.064091719325,-115.851557209371,102.515199783074
108.198007075853,-115.728566129687,102.512783420412
108.331781196183,-115.605421445988,102.510367057751
108.465413905488,-115.482123321912,102.50795069509
108.59890502911,-115.358671921317,102.505534332429
108.732254392606,-115.235067408235,102.503117969767
108.865461821688,-115.11130994693,102.500701607106
108.998527142309,-114.987399701815,102.498285244445
109.13145018059,-114.863336837526,102.495868881784
109.264230762819,-114.739121518915,102.493452519122
109.396868715514,-114.614753910997,102.491036156461
109.529363865374,-114.490234178994,102.4886197938
109.661716039302,-114.365562488312,102.486203431138
109.793925064358,-114.240739004587,102.483787068477
109.925990767832,-114.115763893617,102.481370705816
110.057912977197,-113.990637321404,102.478954343155
110.189691520105,-113.865359454157,102.476537980493
110.321326224441,-113.739930458246,102.474121617832
110.452816918235,-113.614350500281,102.471705255171
110.584163429747,-113.48861974703,102.46928889251
110.715365587408,-113.362738365479,102.466872529848
110.846423219857,-113.236706522797,102.464456167187
110.977336155939,-113.110524386333,102.462039804526
111.108104224683,-112.984192123641,102.459623441865
111.238727255302,-112.85770990248,102.457207079203
111.369205077216,-112.731077890789,102.454790716542
111.499537520053,-112.60429625669,102.452374353881
111.629724413603,-112.477365168531,102.449957991219
111.759765587897,-112.350284794803,102.447541628558
111.889660873131,-112.223055304227,102.445125265897
112.019410099706,-112.095676865702,102.442708903236
112.149013098223,-111.96814964832,102.440292540574
112.278469699479,-111.840473821361,102.437876177913
112.407779734469,-111.712649554299,102.435459815252
112.536943034373,-111.584677016808,102.433043452591
112.665959430605,-111.456556378718,102.430627089929
112.794828754732,-111.328287810097,102.428210727268
112.92355083855,-111.199871481166,102.425794364607
113.052125514035,-111.071307562359,102.423378001946
113.180552613382,-110.942596224277,102.420961639284
113.308831968976,-110.813737637723,102.418545276623
113.436963413387,-110.684731973697,102.416128913962
113.564946779409,-110.555579403368,102.4137125513
113.692781900013,-110.426280098114,102.411296188639
113.82046860838,-110.296834229493,102.408879825978
113.948006737904,-110.167241969235,102.406463463317
114.075396122155,-110.037503489283,102.404047100655
114.202636594917,-109.907618961758,102.401630737994
114.329727990172,-109.777588558966,102.399214375333
114.456670142105,-109.647412453399,102.396798012672
114.583462885101,-109.517090817738,102.39438165001
114.710106053748,-109.38662382485,102.391965287349
114.836599482833,-109.256011647788,102.389548924688
114.962943007347,-109.125254459791,102.387132562027
115.089136462482,-108.994352434283,102.384716199365
115.215179683633,-108.863305744876,102.382299836704
115.341072506383,-108.732114565378,102.379883474043
115.466814766545,-108.600779069758,102.377467111381
115.592406300108,-108.469299432194,102.37505074872
115.717846943289,-108.337675827025,102.372634386059
115.843136532498,-108.205908428785,102.370218023398
115.968274904332,-108.073997412207,102.367801660736
116.093261895609,-107.941942952194,102.365385298075
116.218097343358,-107.80974522382,102.362968935414
116.342781084791,-107.677404402368,102.360552572753
116.467312957336,-107.544920663293,102.358136210091
116.591692798624,-107.412294182231,102.35571984743
116.715920446504,-107.279525134988,102.353303484769
116.839995738993,-107.146613697593,102.350887122108
116.963918514361,-107.013560046204,102.348470759446
117.087688611049,-106.8803643572,102.346054396785
117.211305867701,-106.747026807142,102.343638034124
117.334770123192,-106.613547572747,102.341221671462
117.45808121659,-106.479926830926,102.338805308801
117.58123898717,-106.346164758771,102.33638894614
117.704243274413,-106.212261533556,102.333972583479
117.827093917996,-106.078217332745,102.331556220817
117.949790757822,-105.944032333961,102.329139858156
118.072333633982,-105.80970671503,102.326723495495
118.194722386795,-105.675240653933,102.324307132834
118.316956856765,-105.540634328856,102.321890770172
118.439036884626,-105.40588791814,102.319474407511
118.560962311297,-105.271001600329,102.31705804485
118.682732977916,-105.135975554133,102.314641682189
118.804348725841,-105.000809958431,102.312225319527
118.925809396603,-104.865504992315,102.309808956866
119.047114831989,-104.730060835005,102.307392594205
119.168264873958,-104.594477665939,102.304976231543
119.289259364691,-104.458755664718,102.302559868882
119.410098146566,-104.322895011133,102.300143506221
119.530781062205,-104.186895885117,102.29772714356
119.651307954394,-104.050758466827,102.295310780898
119.771678666161,-103.91448293656,102.292894418237
119.891893040734,-103.778069474803,102.290478055576
120.011950921551,-103.641518262219,102.288061692915
120.131852152249,-103.504829479658,102.285645330253
120.251596576698,-103.368003308122,102.283228967592
120.371184038955,-103.231039928814,102.280812604931
120.490614383311,-103.093939523085,102.27839624227
120.609887454247,-102.956702272488,102.275979879608
120.729003096475,-102.819328358726,102.273563516947
120.847961154886,-102.681817963712,102.271147154286
120.966761474629,-102.544171269484,102.268730791624
121.085403901029,-102.406388458293,102.266314428963
121.203888279645,-102.268469712536,102.263898066302
121.322214456217,-102.130415214824,102.261481703641
121.440382276729,-101.992225147901,102.259065340979
121.558391587378,-101.853899694685,102.256648978318
121.676242234541,-101.715439038306,102.254232615657
121.79393406484,-101.576843362026,102.251816252996
121.911466925101,-101.438112849293,102.249399890334
122.028840662362,-101.299247683728,102.246983527673
122.146055123863,-101.160248049136,102.244567165012
122.26311015708,-101.021114129466,102.242150802351
122.380005609683,-100.881846108867,102.239734439689
122.496741329574,-100.742444171631,102.237318077028
122.613317164863,-100.602908502234,102.234901714367
122.729732963848,-100.46323928535,102.232485351705
122.845988575101,-100.323436705755,102.230068989044
122.962083847339,-100.183500948477,102.227652626383
123.078018629551,-100.043432198645,102.225236263722
123.193792770897,-99.903230641613,102.22281990106
123.309406120807,-99.7628964628362,102.220403538399
123.424858528862,-99.6224298480189,102.217987175738
123.5401498449,-99.4818309829808,102.215570813077
123.655279918968,-99.3411000537236,102.213154450415
123.770248601324,-99.2002372464176,102.210738087754
123.885055742437,-99.0592427474133,102.208321725093
123.99970119302,-98.9181167431902,102.205905362432
124.114184803964,-98.7768594204477,102.20348899977
124.228506426406,-98.6354709660127,102.201072637109
124.34266591169,-98.4939515668925,102.198656274448
124.456663111357,-98.3523014102875,102.196239911786
124.570497877218,-98.2105206834984,102.193823549125
124.684170061248,-98.068609574058,102.191407186464
124.797679515663,-97.926568269639,102.188990823803
124.911026092905,-97.7843969580663,102.186574461141
125.024209645614,-97.6420958273568,102.18415809848
125.137230026661,-97.4996650656793,102.181741735819
125.250087089142,-97.3571048613542,102.179325373158
125.362780686344,-97.2144154029066,102.176909010496
125.475310671814,-97.0715968789723,102.174492647835
125.587676899274,-96.9286494784054,102.172076285174
125.699879222709,-96.7855733901697,102.169659922513
125.811917496282,-96.6423688034468,102.167243559851
125.923791574407,-96.4990359075408,102.16482719719
126.035501311706,-96.3555748919328,102.162410834529
126.147046563011,-96.2119859462803,102.159994471867
126.258427183407,-96.0682692603628,102.157578109206
126.369643028146,-95.9244250241896,102.155161746545
126.480693952762,-95.7804534278514,102.152745383884
126.591579812949,-95.6363546616811,102.150329021222
126.702300464685,-95.4921289160928,102.147912658561
126.812855764104,-95.3477763817428,102.1454962959
126.923245567615,-95.2032972493806,102.143079933239
127.033469731818,-95.0586917099579,102.140663570577
127.143528113544,-94.9139599545724,102.138247207916
127.253420569854,-94.7691021744692,102.135830845255
127.363146958005,-94.6241185610938,102.133414482594
127.472707135503,-94.4790093060113,102.130998119932
127.582100960078,-94.3337746009452,102.128581757271
127.691328289651,-94.1884146378205,102.12616539461
127.800388982396,-94.0429296086794,102.123749031948
127.909282896702,-93.8973197057366,102.121332669287
128.018009891178,-93.7515851213654,102.118916306626
128.126569824649,-93.6057260481111,102.116499943965
128.23496255618,-93.4597426786493,102.114083581303
128.343187945044,-93.3136352058408,102.111667218642
128.451245850753,-93.1674038226771,102.109250855981
128.559136133027,-93.0210487223329,102.10683449332
128.666858651828,-92.8745700981137,102.104418130658
128.774413267312,-92.7279681435223,102.102001767997
128.88179983991,-92.5812430521491,102.099585405336
128.989018230217,-92.4343950178231,102.097169042675
129.096068299096,-92.2874242344743,102.094752680013
129.202949907629,-92.1403308961885,102.092336317352
129.309662917109,-91.9931151972343,102.089919954691
129.41620718905,-91.8457773320349,102.087503592029
129.522582585214,-91.6983174951412,102.085087229368
129.628788967579,-91.5507358812727,102.082670866707
129.734826198345,-91.4030326853025,102.080254504046
129.840694139942,-91.2552081022582,102.077838141384
129.946392655016,-91.107262327335,102.075421778723
130.051921606456,-90.9591955558536,102.073005416062
130.15728085736,-90.8110079833161,102.070589053401
130.262470271074,-90.6626998053494,102.068172690739
130.367489711156,-90.5142712177473,102.065756328078
130.472339041377,-90.3657224164839,102.063339965417
130.57701812577,-90.2170535976296,102.060923602756
130.681526828579,-90.0682649574345,102.058507240094
130.785865014253,-89.9193566923285,102.056090877433
130.8900325475,-89.7703289988509,102.053674514772
130.994029293255,-89.6211820736922,102.05125815211
131.097855116652,-89.4719161137358,102.048841789449
131.201509883092,-89.3225313159594,102.046425426788
131.304993458167,-89.173027877547,102.044009064127
131.408305707723,-89.0234059957912,102.041592701465
131.511446497828,-88.873665868148,102.039176338804
131.614415694777,-88.7238076922229,102.036759976143
131.717213165087,-88.5738316657845,102.034343613482
131.81983877552,-88.4237379867232,102.03192725082
131.92229239305,-88.2735268531053,102.029510888159
132.024573884891,-88.1231984631316,102.027094525498
132.126683118503,-87.9727530151237,102.024678162837
132.228619961531,-87.8221907076206,102.022261800175
132.330384281895,-87.6715117392392,102.019845437514
132.431975947719,-87.5207163087856,102.017429074853
132.533394827364,-87.3698046151994,102.015012712191
132.634640789425,-87.2187768575665,102.01259634953
132.735713702725,-87.0676332351196,102.010179986869
132.836613436317,-86.9163739472383,102.007763624208
132.937339859489,-86.7649991934475,102.005347261546
133.037892841755,-86.6135091734179,102.002930898885
133.138272252864,-86.4619040869663,102.000514536224
133.238477962786,-86.3101841340684,101.998098173563
133.33850984174,-86.1583495148165,101.995681810901
133.43836776017,-86.0064004294624,101.99326544824
133.538051588739,-85.8543370784159,101.990849085579
133.637561198356,-85.7021596622169,101.988432722918
133.736896460167,-85.5498683815351,101.986016360256
133.836057245543,-85.397463437198,101.983599997595
133.935043426069,-85.2449450302052,101.981183634934
134.033854873601,-85.0923133616417,101.978767272272
134.132491460198,-84.939568632779,101.976350909611
134.230953058161,-84.7867110450159,101.97393454695
134.329239540027,-84.6337407998942,101.971518184289
134.427350778572,-84.4806580990834,101.969101821627
134.525286646781,-84.3274631444371,101.966685458966
134.623047017898,-84.1741561379077,101.964269096305
134.720631765383,-84.0207372816178,101.961852733644
134.818040762958,-83.8672067777875,101.959436370982
134.915273884542,-83.7135648288351,101.957020008321
135.012331004306,-83.55981163729,101.95460364566
135.109211996675,-83.405947405794,101.952187282999
135.205916736271,-83.2519723371854,101.949770920337
135.30244509797,-83.0978866344136,101.947354557676
135.398796956881,-82.9436905005674,101.944938195015
135.494972188358,-82.7893841388598,101.942521832353
135.590970667974,-82.6349677526718,101.940105469692
135.686792271543,-82.480441545508,101.937689107031
135.782436875124,-82.3258057209974,101.93527274437
135.877904354988,-82.1710604829497,101.932856381708
135.973194587666,-82.0162060352688,101.930440019047
136.068307449924,-81.8612425819962,101.928023656386
136.163242818739,-81.7061703273543,101.925607293725
136.258000571351,-81.5509894756583,101.923190931063
136.352580585218,-81.3957002313891,101.920774568402
136.446982738052,-81.2403027991347,101.918358205741
136.541206907793,-81.0847973836342,101.91594184308
136.635252972618,-80.9291841897615,101.913525480418
136.729120810933,-80.7734634225415,101.911109117757
136.822810301388,-80.6176352871188,101.908692755096
136.91632132288,-80.4616999887588,101.906276392434
137.009653754526,-80.3056577328907,101.903860029773
137.10280747569,-80.1495087250636,101.901443667112
137.195782365972,-79.9932531709602,101.899027304451
137.28857830522,-79.8368912763825,101.896610941789
137.381195173493,-79.6804232473102,101.894194579128
137.473632851124,-79.5238492897974,101.891778216467
137.565891218648,-79.3671696100898,101.889361853806
137.657970156866,-79.2103844145222,101.886945491144
137.749869546807,-79.0534939095757,101.884529128483
137.841589269733,-78.8964983018786,101.882112765822
137.933129207167,-78.7393977981477,101.87969640316
138.02448924084,-78.5821926052888,101.877280040499
138.115669252738,-78.4248829303107,101.874863677838
138.206669125094,-78.2674689803378,101.872447315177
138.297488740364,-78.1099509626555,101.870030952515
138.388127981261,-77.9523290846491,101.867614589854
138.47858673072,-77.7946035538645,101.865198227193
138.568864871926,-77.6367745779623,101.862781864532
138.658962288303,-77.4788423647328,101.86036550187
138.748878863513,-77.3208071220959,101.857949139209
138.838614481461,-77.1626690581003,101.855532776548
138.928169026301,-77.004428380909,101.853116413887
139.0175423824,-76.8460852988572,101.850700051225
139.106734434394,-76.687640020365,101.848283688564
139.19574506714,-76.5290927540091,101.845867325903
139.284574165763,-76.3704437084498,101.843450963241
139.373221615595,-76.2116930925347,101.84103460058
139.461687302227,-76.0528411152076,101.838618237919
139.549971111497,-75.8938879855254,101.836201875258
139.638072929472,-75.7348339127008,101.833785512596
139.725992642474,-75.5756791060429,101.831369149935
139.813730137051,-75.4164237750169,101.828952787274
139.901285300011,-75.2570681291839,101.826536424613
139.988658018377,-75.0976123782748,101.824120061951
140.075848179448,-74.9380567320866,101.82170369929
140.162855670734,-74.7784014006002,101.819287336629
140.249680380019,-74.6186465938617,101.816870973968
140.336322195297,-74.4587925221016,101.814454611306
140.422781004828,-74.2988393956287,101.812038248645
140.509056697109,-74.1387874248915,101.809621885984
140.59514916088,-73.9786368204614,101.807205523322
140.681058285121,-73.8183877930332,101.804789160661
140.766783959052,-73.6580405534394,101.802372798
140.85232607214,-73.4975953126201,101.799956435339
140.937684514107,-73.3370522816233,101.797540072677
141.0228591749,-73.1764116716484,101.795123710016
141.107849944728,-73.0156736939868,101.792707347355
141.192656714028,-72.8548385600814,101.790290984694
141.277279373486,-72.6939064814814,101.787874622032
141.361717814036,-72.5328776698569,101.785458259371
141.445971926854,-72.3717523369986,101.78304189671
141.530041603361,-72.2105306948178,101.780625534049
141.613926735225,-72.049212955345,101.778209171387
141.697627214354,-71.8877993307318,101.775792808726
141.781142932905,-71.7262900332485,101.773376446065
141.864473783271,-71.5646852752997,101.770960083403
141.947619658105,-71.4029852693794,101.768543720742
142.030580450298,-71.2411902281143,101.766127358081
142.113356052979,-71.0793003642654,101.76371099542
142.195946359537,-70.9173158906814,101.761294632758
142.278351263593,-70.7552370203592,101.758878270097
142.360570659019,-70.5930639663973,101.756461907436
142.442604439935,-70.4307969420129,101.754045544775
142.524452500715,-70.2684361605235,101.751629182113
142.606114735961,-70.1059818353945,101.749212819452
142.687591040532,-69.9434341801923,101.746796456791
142.768881309532,-69.7807934085991,101.74438009413
142.849985438304,-69.6180597344285,101.741963731468
142.930903322461,-69.4552333715638,101.739547368807
143.011634857832,-69.2923145340648,101.737131006146
143.092179940523,-69.1293034360446,101.734714643484
143.17253846685,-68.9662002918076,101.732298280823
143.25271033342,-68.8030053156815,101.729881918162
143.332695437045,-68.6397187221989,101.727465555501
143.412493674826,-68.4763407259152,101.725049192839
143.492104944069,-68.3128715415904,101.722632830178
143.571529142364,-68.1493113840219,101.720216467517
143.650766167527,-67.9856604681657,101.717800104856
143.729815917636,-67.8219190090594,101.715383742194
143.808678290995,-67.6580872219003,101.712967379533
143.887353186186,-67.4941653219343,101.710551016872
143.96584050201,-67.3301535245829,101.708134654211
144.044140137546,-67.1660520453159,101.705718291549
144.122251992091,-67.0018610997765,101.703301928888
144.200175965214,-66.8375809036727,101.700885566227
144.277911956717,-66.6732116728537,101.698469203565
144.355459866672,-66.5087536232334,101.696052840904
144.432819595368,-66.344206970912,101.693636478243
144.50999104338,-66.1795719320078,101.691220115582
144.586974111501,-66.0148487228253,101.68880375292
144.663768700787,-65.8500375597474,101.686387390259
144.740374712541,-65.685138659266,101.683971027598
144.816792048327,-65.5201522379661,101.681554664937
144.893020609932,-65.3550785125874,101.679138302275
144.969060299426,-65.189917699916,101.676721939614
145.044911019105,-65.024670016892,101.674305576953
145.120572671523,-64.8593356805476,101.671889214292
145.196045159483,-64.6939149080223,101.66947285163
145.271328386034,-64.5284079165776,101.667056488969
145.346422254486,-64.3628149235511,101.664640126308
145.421326668396,-64.1971361464018,101.662223763646
145.496041531568,-64.031371802695,101.659807400985
145.570566748045,-63.8655221101329,101.657391038324
145.644902222156,-63.6995872864452,101.654974675663
145.719047858444,-63.5335675495447,101.652558313001
145.793003561721,-63.3674631174177,101.65014195034
145.866769237045,-63.2012742081556,101.647725587679
145.940344789736,-63.0350010399379,101.645309225018
146.01373012535,-62.8686438310798,101.642892862356
146.086925149702,-62.7022027999842,101.640476499695
146.159929768851,-62.5356781651735,101.638060137034
146.232743889131,-62.3690701452256,101.635643774373
146.305367417096,-62.2023789588848,101.633227411711
146.377800259576,-62.0356048249503,101.63081104905
146.450042323645,-61.8687479623393,101.628394686389
146.522093516629,-61.7018085900713,101.625978323727
146.5939537461,-61.5347869272829,101.623561961066
146.665622919896,-61.3676831931805,101.621145598405
146.737100946093,-61.2004976071034,101.618729235744
146.808387733029,-61.0332303884758,101.616312873082
146.879483189297,-60.8658817568069,101.613896510421
146.950387223734,-60.6984519317373,101.61148014776
147.021099745433,-60.5309411329916,101.609063785099
147.091620663744,-60.363349580395,101.606647422437
147.161949888265,-60.1956774938705,101.604231059776
147.232087328853,-60.0279250934419,101.601814697115
147.302032895613,-59.8600925992303,101.599398334454
147.371786498901,-59.6921802314719,101.596981971792
147.441348049344,-59.5241882104533,101.594565609131
147.510717457798,-59.3561167566225,101.59214924647
147.579894635384,-59.187966090493,101.589732883808
147.648879493484,-59.0197364326603,101.587316521147
147.717671943729,-58.8514280038324,101.584900158486
147.786271897997,-58.6830410248296,101.582483795825
147.854679268424,-58.5145757165539,101.580067433163
147.922893967405,-58.3460323000019,101.577651070502
147.990915907592,-58.1774109962511,101.575234707841
148.058745001874,-58.008712026522,101.57281834518
148.126381163419,-57.8399356120668,101.570401982518
148.193824305627,-57.6710819742961,101.567985619857
148.261074342174,-57.5021513346516,101.565569257196
148.32813118697,-57.3331439147329,101.563152894535
148.394994754195,-57.1640599361861,101.560736531873
148.461664958275,-56.9948996207829,101.558320169212
148.528141713906,-56.8256631903406,101.555903806551
148.594424936013,-56.6563508668494,101.553487443889
148.66051453981,-56.4869628722968,101.551071081228
148.726410440731,-56.3174994288582,101.548654718567
148.792112554496,-56.1479607587219,101.546238355906
148.857620797062,-55.9783470842163,101.543821993244
148.922935084648,-55.8086586277452,101.541405630583
148.98805533373,-55.6388956118034,101.538989267922
149.052981461038,-55.4690582589776,101.536572905261
149.11771338356,-55.2991467919452,101.534156542599
149.18225101854,-55.1291614334737,101.531740179938
149.246594283476,-54.9591024064209,101.529323817277
149.310743096126,-54.788969933735,101.526907454616
149.374697374496,-54.6187642384692,101.524491091954
149.438457036861,-54.4484855437345,101.522074729293
149.50202200174,-54.2781340727632,101.519658366632
149.565392187923,-54.1077100488434,101.51724200397
149.628567514443,-53.9372136953842,101.514825641309
149.691547900597,-53.7666452358672,101.512409278648
149.754333265943,-53.5960048938455,101.509992915987
149.816923530281,-53.4252928930079,101.507576553325
149.879318613691,-53.254509457066,101.505160190664
149.941518436491,-53.0836548098669,101.502743828003
150.003522919265,-52.9127291753284,101.500327465342
150.065331982846,-52.7417327774706,101.49791110268
150.126945548338,-52.5706658403669,101.495494740019
150.188363537103,-52.3995285881779,101.493078377358
150.249585870736,-52.2283212452129,101.490662014697
150.310612471126,-52.0570440357699,101.488245652035
150.371443260384,-51.885697184329,101.485829289374
150.432078160909,-51.7142809153738,101.483412926713
150.492517095346,-51.5427954535047,101.480996564051
150.552759986593,-51.3712410234223,101.47858020139
150.612806757807,-51.1996178499104,101.476163838729
150.672657332423,-51.0279261577724,101.473747476068
150.732311634104,-50.8561661719913,101.471331113406
150.791769586794,-50.684338117568,101.468914750745
150.851031114687,-50.5124422196026,101.466498388084
150.910096142238,-50.3404787032774,101.464082025423
150.968964594156,-50.1684477938718,101.461665662761
151.027636395419,-49.996349716716,101.4592493001
151.086111471257,-49.8241846972369,101.456832937439
151.144389747162,-49.6519529609421,101.454416574778
151.202471148878,-49.4796547334367,101.452000212116
151.260355602413,-49.30729024039,101.449583849455
151.318043034037,-49.1348597075507,101.447167486794
151.375533370282,-48.962363360732,101.444751124132
151.432826537931,-48.789801425859,101.442334761471
151.489922464029,-48.6171741289189,101.43991839881
151.546821075885,-48.444481695979,101.437502036149
151.603522301064,-48.2717243531846,101.435085673487
151.660026067392,-48.098902326759,101.432669310826
151.716332302957,-47.9260158430043,101.430252948165
151.772440936097,-47.7530651283162,101.427836585504
151.828351895427,-47.5800504091355,101.425420222842
151.88406510981,-47.4069719119959,101.423003860181
151.93958050837,-47.2338298635251,101.42058749752
151.994898020499,-47.0606244903936,101.418171134859
152.050017575833,-46.8873560193981,101.415754772197
152.104939104295,-46.7140246773293,101.413338409536
152.159662536041,-46.5406306911512,101.410922046875
152.214187801507,-46.3671742878218,101.408505684213
152.268514831376,-46.193655694439,101.406089321552
152.322643556606,-46.0200751381112,101.403672958891
152.376573908401,-45.8464328460853,101.40125659623
152.430305818237,-45.6727290456342,101.398840233568
152.483839217848,-45.4989639641203,101.396423870907
152.53717403923,-45.3251378289802,101.394007508246
152.590310214632,-45.1512508677399,101.391591145585
152.643247676578,-44.9773033079648,101.389174782923
152.69598635784,-44.8032953773272,101.386758420262
152.748526191464,-44.6292273035376,101.384342057601
152.800867110747,-44.455099314412,101.38192569494
152.853009049252,-44.2809116378219,101.379509332278
152.904951940803,-44.1066645017093,101.377092969617
152.956695719491,-43.932358134072,101.374676606956
153.008240319657,-43.7579927630272,101.372260244294
153.059585675913,-43.5835686167137,101.369843881633
153.110731723138,-43.4090859233403,101.367427518972
153.161678396455,-43.2345449112351,101.365011156311
153.212425631261,-43.059945808763,101.362594793649
153.26297336322,-42.8852888443417,101.360178430988
153.313321528251,-42.7105742464746,101.357762068327
153.363470062538,-42.5358022437335,101.355345705666
153.413418902517,-42.3609730647917,101.352929343004
153.463167984904,-42.1860869383246,101.350512980343
153.512717246665,-42.0111440931251,101.348096617682
153.562066625037,-41.8361447580207,101.345680255021
153.611216057508,-41.6610891619548,101.343263892359
153.660165481844,-41.4859775338729,101.340847529698
153.708914836057,-41.310810102852,101.338431167037
153.757464058435,-41.135587097987,101.336014804375
153.805813087526,-40.9603087484542,101.333598441714
153.853961862138,-40.7849752834964,101.331182079053
153.901910321341,-40.6095869324377,101.328765716392
153.949658404475,-40.4341439246349,101.32634935373
153.997206051139,-40.2586464895258,101.323932991069
154.044553201191,-40.0830948566291,101.321516628408
154.091699794756,-39.9074892555115,101.319100265747
154.138645772224,-39.7318299158027,101.316683903085
154.185391074252,-39.5561170671809,101.314267540424
154.231935641748,-39.3803509394357,101.311851177763
154.278279415899,-39.2045317623548,101.309434815102
154.324422338144,-39.0286597658374,101.30701845244
154.370364350187,-38.8527351798449,101.304602089779
154.416105394003,-38.6767582343686,101.302185727118
154.461645411826,-38.5007291594775,101.299769364456
154.506984346156,-38.3246481853015,101.297353001795
154.552122139749,-38.1485155420499,101.294936639134
154.597058735638,-37.9723314599575,101.292520276473
154.641794077109,-37.7960961693547,101.290103913811
154.686328107716,-37.619809900615,101.28768755115
154.730660771283,-37.4434728841543,101.285271188489
154.774792011886,-37.2670853504995,101.282854825828
154.818721773879,-37.090647530169,101.280438463166
154.862450001871,-36.9141596537913,101.278022100505
154.905976640739,-36.7376219520359,101.275605737844
154.949301635623,-36.5610346556315,101.273189375183
154.992424931926,-36.3843979953813,101.270773012521
155.035346475321,-36.2077122021128,101.26835664986
155.078066211744,-36.0309775067282,101.265940287199
155.12058408739,-35.8541941402032,101.263523924537
155.162900048728,-35.677362333537,101.261107561876
155.205014042484,-35.5004823178188,101.258691199215
155.246926015655,-35.3235543241613,101.256274836554
155.288635915493,-35.1465785837821,101.253858473892
155.33014368953,-34.969555327889,101.251442111231
155.371449285552,-34.7924847877945,101.24902574857
155.412552651614,-34.6153671948494,101.246609385909
155.453453736035,-34.4382027804597,101.244193023247
155.494152487396,-34.2609917761027,101.241776660586
155.534648854556,-34.0837344132591,101.239360297925
155.574942786622,-33.9064309235305,101.236943935264
155.61503423298,-33.7290815385226,101.234527572602
155.654923143272,-33.551686489927,101.232111209941
155.694609467414,-33.3742460094551,101.22969484728
155.734093155581,-33.1967603289041,101.227278484618
155.773374158215,-33.0192296801075,101.224862121957
155.81245242603,-32.8416542949335,101.222445759296
155.851327909993,-32.6640344053523,101.220029396635
155.890000561351,-32.486370243319,101.217613033973
155.928470331607,-32.3086620408897,101.215196671312
155.966737172531,-32.130910030171,101.212780308651
156.004801036168,-31.9531144432705,101.21036394599
156.042661874814,-31.7752755124125,101.207947583328
156.080319641043,-31.5973934698207,101.205531220667
156.117774287689,-31.419468547803,101.203114858006
156.155025767857,-31.2415009786818,101.200698495345
156.192074034912,-31.0634909948627,101.198282132683
156.228919042494,-30.8854388287665,101.195865770022
156.265560744498,-30.7073447128954,101.193449407361
156.301999095094,-30.5292088797834,101.191033044699
156.338234048715,-30.3510315620118,101.188616682038
156.374265560064,-30.1728129921934,101.186200319377
156.410093584101,-29.9945534030377,101.183783956716
156.445718076064,-29.8162530272507,101.181367594054
156.481138991449,-29.6379120976188,101.178951231393
156.516356286029,-29.4595308469246,101.176534868732
156.55136991583,-29.2811095080631,101.174118506071
156.586179837155,-29.102648313925,101.171702143409
156.620786006568,-28.9241474974795,101.169285780748
156.655188380902,-28.7456072917247,101.166869418087
156.68938691726,-28.5670279296861,101.164453055426
156.723381573007,-28.3884096444671,101.162036692764
156.757172305775,-28.2097526691987,101.159620330103
156.79075907347,-28.0310572370389,101.157203967442
156.824141834252,-27.8523235812391,101.15478760478
156.85732054656,-27.6735519350441,101.152371242119
156.890295169096,-27.494742531758,101.149954879458
156.923065660829,-27.3158956047278,101.147538516797
156.955631980991,-27.1370113873592,101.145122154135
156.987994089091,-26.9580901130662,101.142705791474
157.020151944895,-26.7791320153384,101.140289428813
157.052105508444,-26.6001373276727,101.137873066152
157.08385474004,-26.4211062836414,101.13545670349
157.11539960026,-26.2420391168231,101.133040340829
157.146740049938,-26.0629360608877,101.130623978168
157.177876050187,-25.8837973494775,101.128207615507
157.208807562376,-25.7046232163426,101.125791252845
157.239534548153,-25.5254138952048,101.123374890184
157.270056969426,-25.3461696198756,101.120958527523
157.300374788369,-25.1668906242052,101.118542164861
157.330487967431,-24.9875771420496,101.1161258022
157.360396469322,-24.8082294073358,101.113709439539
157.390100257025,-24.6288476539957,101.111293076878
157.419599293789,-24.4494321160148,101.108876714216
157.448893543124,-24.269983027451,101.106460351555
157.477982968822,-24.0905006223137,101.104043988894
157.506867534928,-23.9109851347511,101.101627626233
157.535547205763,-23.7314367988801,101.099211263571
157.564021945917,-23.5518558488533,101.09679490091
157.592291720242,-23.3722425189105,101.094378538249
157.620356493863,-23.1925970432757,101.091962175588
157.648216232171,-23.0129196562256,101.089545812926
157.675870900826,-22.8332105920711,101.087129450265
157.703320465756,-22.6534700851585,101.084713087604
157.730564893151,-22.4736983699013,101.082296724942
157.757604149482,-22.2938956806632,101.079880362281
157.784438201478,-22.1140622519255,101.07746399962
157.811067016137,-21.9341983181701,101.075047636959
157.837490560728,-21.7543041139105,101.072631274297
157.863708802788,-21.5743798736942,101.070214911636
157.889721710125,-21.3944258320831,101.067798548975
157.915529250806,-21.2144422237233,101.065382186314
157.941131393176,-21.034429283241,101.062965823652
157.966528105847,-20.8543872452942,101.060549460991
157.991719357691,-20.6743163446394,101.05813309833
158.01670511786,-20.4942168159638,101.055716735669
158.041485355767,-20.3140888940682,101.053300373007
158.066060041094,-20.1339328137505,101.050884010346
158.090429143796,-19.9537488098222,101.048467647685
158.114592634092,-19.7735371171573,101.046051285023
158.138550482472,-19.5932979706262,101.043634922362
158.162302659692,-19.4130316051791,101.041218559701
158.185849136781,-19.2327382557262,101.03880219704
158.20918988503,-19.052418157275,101.036385834378
158.232324876008,-18.8720715447933,101.033969471717
158.255254081543,-18.6916986533439,101.031553109056
158.277977473737,-18.5112997179668,101.029136746395
158.300495024962,-18.3308749737457,101.026720383733
158.322806707854,-18.1504246558087,101.024304021072
158.344912495319,-17.9699489992933,101.021887658411
158.366812360538,-17.7894482393463,101.01947129575
158.388506276953,-17.6089226111576,101.017054933088
158.409994218277,-17.4283723499766,101.014638570427
158.431276158494,-17.2477976910103,101.012222207766
158.452352071856,-17.0671988695411,101.009805845104
158.473221932881,-16.8865761208773,101.007389482443
158.493885716362,-16.7059296802998,101.004973119782
158.514343397354,-16.5252597831821,101.002556757121
158.534594951186,-16.34456666487,101.000140394459
158.554640353455,-16.1638505607505,100.997724031798
158.574479580026,-15.9831117062332,100.995307669137
158.59411260703,-15.8023503367851,100.992891306476
158.613539410874,-15.6215666878274,100.990474943814
158.632759968231,-15.4407609948383,100.988058581153
158.65177425604,-15.2599334933342,100.985642218492
158.670582251512,-15.0790844188534,100.983225855831
158.689183932128,-14.8982140069049,100.980809493169
158.707579275637,-14.7173224930691,100.978393130508
158.725768260056,-14.5364101129312,100.975976767847
158.743750863672,-14.3554771021132,100.973560405185
158.761527065041,-14.1745236962229,100.971144042524
158.779096842991,-13.9935501309059,100.968727679863
158.796460176614,-13.8125566418435,100.966311317202
158.813617045277,-13.6315434647024,100.96389495454
158.83056742861,-13.4505108352026,100.961478591879
158.847311306518,-13.2694589890482,100.959062229218
158.863848659171,-13.0883881619964,100.956645866557
158.88017946701,-12.9072985898211,100.954229503895
158.896303710747,-12.726190508264,100.951813141234
158.912221371361,-12.5450641531351,100.949396778573
158.927932430099,-12.3639197602605,100.946980415912
158.943436868483,-12.1827575654333,100.94456405325
158.958734668297,-12.0015778045305,100.942147690589
158.973825811599,-11.8203807134112,100.939731327928
158.988710280716,-11.6391665279331,100.937314965266
159.003388058245,-11.457935483987,100.934898602605
159.017859127048,-11.2766878174957,100.932482239944
159.032123470261,-11.0954237643796,100.930065877283
159.046181071289,-10.9141435605576,100.927649514621
159.060031913803,-10.7328474420126,100.92523315196
159.073675981748,-10.5515356446744,100.922816789299
159.087113259333,-10.3702084045546,100.920400426638
159.100343731042,-10.1888659576265,100.917984063976
159.113367381626,-10.007508539894,100.915567701315
159.126184196105,-9.82613638737349,100.913151338654
159.138794159767,-9.64474973611085,100.910734975993
159.151197258175,-9.46334882213032,100.908318613331
159.163393477154,-9.28193388150217,100.90590225067
159.175382802805,-9.10050515029016,100.903485888009
159.187165221495,-8.91906286455341,100.901069525347
159.198740719861,-8.73760726039561,100.898653162686
159.210109284809,-8.55613857391384,100.896236800025
159.221270903517,-8.37465704121573,100.893820437364
159.232225563428,-8.19316289843561,100.891404074702
159.242973252261,-8.01165638166716,100.888987712041
159.253513957997,-7.83013772708047,100.88657134938
159.263847668892,-7.64860717080434,100.884154986719
159.27397437347,-7.46706494901031,100.881738624057
159.283894060523,-7.28551129784441,100.879322261396
159.293606719115,-7.10394645349448,100.876905898735
159.303112338577,-6.92237065212256,100.874489536074
159.312410908512,-6.74078412994886,100.872073173412
159.32150241879,-6.55918712313347,100.869656810751
159.330386859553,-6.37757986789348,100.86724044809
159.339064221211,-6.19596260043621,100.864824085428
159.347534494443,-6.01433555699222,100.862407722767
159.3557976702,-5.83269897374717,100.859991360106
159.363853739698,-5.65105308696002,100.857574997445
159.371702694428,-5.46939813286146,100.855158634783
159.379344526147,-5.28773434765298,100.852742272122
159.386779226882,-5.10606196762634,100.850325909461
159.39400678893,-4.924381228992,100.8479095468
159.401027204858,-4.74269236801606,100.845493184138
159.407840467501,-4.5609956209515,100.843076821477
159.414446569966,-4.37929122403787,100.840660458816
159.420845505625,-4.19757941356859,100.838244096155
159.427037268124,-4.01586042578937,100.835827733493
159.433021851378,-3.83413449696549,100.833411370832
159.438799249568,-3.65240186336397,100.830995008171
159.444369457149,-3.47066276127171,100.828578645509
159.449732468841,-3.288917426943,100.826162282848
159.454888279638,-3.10716609666696,100.823745920187
159.459836884799,-2.92540900671763,100.821329557526
159.464578279856,-2.74364639335228,100.818913194864
159.469112460608,-2.56187849286319,100.816496832203
159.473439423126,-2.38010554150766,100.814080469542
159.477559163748,-2.198327775595,100.811664106881
159.481471679082,-2.01654543138305,100.809247744219
159.485176966007,-1.83475874514475,100.806831381558
159.488675021669,-1.65296795317039,100.804415018897
159.491965843485,-1.47117329169677,100.801998656236
159.49504942914,-1.28937499702754,100.799582293574
159.497925776591,-1.10757330543066,100.797165930913
159.500594884061,-0.925768453153666,100.794749568252
159.503056750045,-0.743960676476884,100.79233320559
159.505311373306,-0.562150211659897,100.789916842929
159.507358752877,-0.380337294959061,100.787500480268
159.50919888806,-0.198522162610209,100.785084117607
159.510831778426,-0.0167050508971913,100.782667754945
159.512257423816,0.165113803952698,100.780251392284
159.51347582434,0.346934165698196,100.777835029623
159.514486980376,0.528755798103923,100.775418666962
159.515290892573,0.710578464921995,100.7730023043
159.51588756185,0.892401929944178,100.770585941639
159.516276989392,1.07422595693306,100.768169578978
159.516459176657,1.25605030967562,100.765753216317
159.516434125368,1.43787475198128,100.763336853655
159.516201837521,1.61969904763179,100.760920490994
159.51576231538,1.80152296043332,100.758504128333
159.515115561477,1.98334625418229,100.756087765671
159.514261578614,2.16516869273305,100.75367140301
159.513200369862,2.34699003989762,100.751255040349
159.511931938562,2.52881005949557,100.748838677688
159.510456288323,2.71062851538863,100.746422315026
159.508773423023,2.89244517141413,100.744005952365
159.506883346809,3.07425979145186,100.741589589704
159.504786064098,3.25607213935696,100.739173227043
159.502481579576,3.43788197901124,100.736756864381
159.499969898196,3.61968907432376,100.73434050172
159.497251025183,3.80149318916283,100.731924139059
159.494324966028,3.9832940874748,100.729507776398
159.491191726494,4.16509153314943,100.727091413736
159.48785131261,4.34688529013872,100.724675051075
159.484303730675,4.52867512238855,100.722258688414
159.480548987257,4.71046079385719,100.719842325752
159.476587089194,4.89224206849803,100.717425963091
159.472418043592,5.07401871029356,100.71500960043
159.468041857823,5.25579048325602,100.712593237769
159.463458539532,5.43755715137665,100.710176875107
159.458668096632,5.61931847867761,100.707760512446
159.453670537302,5.80107422921082,100.705344149785
159.448465869992,5.98282416699174,100.702927787124
159.443054103422,6.16456805610049,100.700511424462
159.437435246576,6.34630566061589,100.698095061801
159.431609308712,6.52803674463019,100.69567869914
159.425576299353,6.70976107223468,100.693262336479
159.419336228292,6.8914784075701,100.690845973817
159.412889105591,7.07318851475869,100.688429611156
159.406234941579,7.25489115797304,100.686013248495
159.399373746855,7.43658610136761,100.683596885833
159.392305532286,7.61827310913106,100.681180523172
159.385030309007,7.7999519454691,100.678764160511
159.377548088422,7.98162237460414,100.67634779785
159.369858882203,8.16328416077707,100.673931435188
159.361962702291,8.34493706824584,100.671515072527
159.353859560895,8.52658086128746,100.669098709866
159.345549470493,8.70821530417937,100.666682347205
159.33703244383,8.88984016123593,100.664265984543
159.328308493919,9.07145519680737,100.661849621882
159.319377634043,9.25306017524578,100.659433259221
159.310239877754,9.43465486088934,100.65701689656
159.300895238867,9.61623901816474,100.654600533898
159.291343731471,9.79781241146756,100.652184171237
159.281585369921,9.97937480523071,100.649767808576
159.271620168839,10.1609259639089,100.647351445914
159.261448143117,10.3424656519607,100.644935083253
159.251069307912,10.5239936339166,100.642518720592
159.240483678654,10.7055096742452,100.640102357931
159.229691271034,10.8870135375386,100.637685995269
159.218692101018,11.0685049883264,100.635269632608
159.207486184837,11.2499837911951,100.632853269947
159.196073538988,11.431449710754,100.630436907286
159.184454180237,11.6129025116535,100.628020544624
159.17262812562,11.7943419585161,100.625604181963
159.160595392437,11.9757678160565,100.623187819302
159.148355998261,12.1571798489455,100.620771456641
159.135909960925,12.3385778219469,100.618355093979
159.123257298538,12.519961499764,100.615938731318
159.11039802947,12.7013306472281,100.613522368657
159.097332172362,12.8826850291103,100.611106005995
159.084059746123,13.0640244102416,100.608689643334
159.070580769927,13.2453485554961,100.606273280673
159.056895263217,13.4266572297411,100.603856918012
159.043003245703,13.6079501978866,100.60144055535
159.028904737363,13.7892272248701,100.599024192689
159.014599758442,13.9704880756569,100.596607830028
159.000088329452,14.1517325152394,100.594191467367
158.985370471173,14.3329603086209,100.591775104705
158.970446204649,14.5141712208844,100.589358742044
158.955315551199,14.6953650170561,100.586942379383
158.939978532399,14.8765414622934,100.584526016722
158.9244351701,15.0577003216976,100.58210965406
158.908685486418,15.2388413604333,100.579693291399
158.892729503733,15.4199643436957,100.577276928738
158.876567244696,15.6010690367092,100.574860566076
158.860198732223,15.782155204729,100.572444203415
158.843623989494,15.9632226130581,100.570027840754
158.826843039964,16.1442710269791,100.567611478093
158.809855907348,16.3253002118403,100.565195115431
158.792662615627,16.5063099330552,100.56277875277
158.775263189055,16.687299956002,100.560362390109
158.757657652148,16.8682700461239,100.557946027448
158.739846029687,17.0492199689146,100.555529664786
158.721828346726,17.230149489866,100.553113302125
158.70360462858,17.4110583745208,100.550696939464
158.685174900833,17.5919463884547,100.548280576803
158.666539189332,17.7728132972939,100.545864214141
158.647697520197,17.9536588666479,100.54344785148
158.628649919809,18.1344828622115,100.541031488819
158.609396414818,18.3152850496799,100.538615126157
158.589937032138,18.4960651948181,100.536198763496
158.570271798949,18.676823063408,100.533782400835
158.550400742701,18.8575584212509,100.531366038174
158.530323891105,19.0382710342182,100.528949675512
158.510041272145,19.2189606681655,100.526533312851
158.489552914063,19.3996270890532,100.52411695019
158.468858845372,19.580270062828,100.521700587529
158.447959094849,19.7608893554903,100.519284224867
158.426853691541,19.9414847330602,100.516867862206
158.405542664753,20.1220559616476,100.514451499545
158.384026044062,20.3026028073315,100.512035136884
158.362303859312,20.4831250362635,100.509618774222
158.340376140605,20.6636224146505,100.507202411561
158.318242918313,20.8440947087216,100.5047860489
158.29590422308,21.024541684711,100.502369686238
158.273360085802,21.2049631089601,100.499953323577
158.250610537653,21.3853587477992,100.497536960916
158.227655610065,21.5657283676157,100.495120598255
158.204495334737,21.7460717348373,100.492704235593
158.181129743638,21.9263886159153,100.490287872932
158.157558868992,22.1066787773933,100.487871510271
158.133782743299,22.2869419857877,100.48545514761
158.10980139932,22.4671780076906,100.483038784948
158.085614870078,22.6473866097534,100.480622422287
158.061223188865,22.8275675586349,100.478206059626
158.036626389238,23.0077206210539,100.475789696965
158.011824505013,23.1878455637892,100.473373334303
157.986817570279,23.3679421536276,100.470956971642
157.961605619388,23.5480101574008,100.468540608981
157.936188686953,23.7280493420165,100.466124246319
157.910566807853,23.908059474411,100.463707883658
157.884740017233,24.0880403215633,100.461291520997
157.858708350503,24.2679916504814,100.458875158336
157.832471843335,24.4479132282512,100.456458795674
157.806030531669,24.6278048219701,100.454042433013
157.779384451706,24.8076661987979,100.451626070352
157.752533639912,24.9874971259574,100.449209707691
157.725478133018,25.1672973706828,100.446793345029
157.698217968024,25.3470667002561,100.444376982368
157.670753182183,25.5268048820549,100.441960619707
157.643083813023,25.7065116834376,100.439544257045
157.615209898329,25.8861868718597,100.437127894384
157.587131476155,26.0658302147912,100.434711531723
157.558848584815,26.2454414797829,100.432295169062
157.530361262886,26.4250204344175,100.4298788064
157.501669549214,26.6045668463091,100.427462443739
157.47277348291,26.7840804831207,100.425046081078
157.443673103338,26.9635611126146,100.422629718417
157.414368450134,27.143008502552,100.420213355755
157.384859563196,27.322422420761,100.417796993094
157.355146482685,27.501802635119,100.415380630433
157.325229249025,27.6811489135544,100.412964267772
157.295107902907,27.8604610240285,100.41054790511
157.264782485282,28.0397387345711,100.408131542449
157.234253037362,28.2189818132791,100.405715179788
157.203519600623,28.3981900282851,100.403298817127
157.172582216812,28.5773631477387,100.400882454465
157.141440927926,28.7565009399092,100.398466091804
157.110095776236,28.9356031730685,100.396049729143
157.078546804273,29.1146696155397,100.393633366481
157.046794054824,29.2937000357508,100.39121700382
157.014837570949,29.4726942021149,100.388800641159
156.982677395964,29.6516518831492,100.386384278498
156.950313573447,29.830572847408,100.383967915836
156.917746147246,30.0094568634828,100.381551553175
156.884975161465,30.1883037000362,100.379135190514
156.852000660472,30.3671131257864,100.376718827853
156.818822688894,30.545884909522,100.374302465191
156.785441291626,30.7246188200545,100.37188610253
156.751856513826,30.9033146262504,100.369469739869
156.718068400905,31.0819720970828,100.367053377207
156.684076998543,31.2605910015304,100.364637014546
156.649882352685,31.4391711086283,100.362220651885
156.615484509533,31.6177121874858,100.359804289224
156.580883515549,31.7962140072849,100.357387926562
156.546079417459,31.9746763372499,100.354971563901
156.511072262256,32.1530989466273,100.35255520124
156.475862097184,32.3314816047907,100.350138838579
156.440448969758,32.5098240811195,100.347722475917
156.404832927749,32.6881261450705,100.345306113256
156.369014019191,32.8663875661579,100.342889750595
156.332992292384,33.0446081139388,100.340473387934
156.296767795877,33.2227875580805,100.338057025272
156.260340578497,33.4009256682255,100.335640662611
156.223710689313,33.5790222141772,100.33322429995
156.186878177675,33.7570769656988,100.330807937288
156.149843093178,33.9350896926983,100.328391574627
156.112605485685,34.1130601650936,100.325975211966
156.075165405316,34.2909881528981,100.323558849305
156.03752290246,34.4688734261359,100.321142486643
155.999678027759,34.6467157549435,100.318726123982
155.961630832117,34.8245149095028,100.316309761321
155.923381366697,35.0022706600575,100.31389339866
155.884929682929,35.1799827768985,100.311477035998
155.846275832495,35.3576510304118,100.309060673337
155.807419867344,35.5352751910138,100.306644310676
155.768361839682,35.7128550292018,100.304227948015
155.729101801972,35.890390315553,100.301811585353
155.689639806946,36.0678808206587,100.299395222692
155.649975907583,36.2453263152415,100.296978860031
155.610110157133,36.4227265700389,100.294562497369
155.570042609105,36.600081355853,100.292146134708
155.52977331726,36.7773904435857,100.289729772047
155.489302335623,36.9546536041864,100.287313409386
155.448629718482,37.1318706086546,100.284897046724
155.407755520382,37.309041228073,100.282480684063
155.366679796121,37.4861652336066,100.280064321402
155.325402600765,37.6632423964546,100.277647958741
155.283923989636,37.8402724878997,100.275231596079
155.242244018312,38.0172552793085,100.272815233418
155.200362742642,38.1941905420492,100.270398870757
155.158280218715,38.3710780476575,100.267982508096
155.115996502891,38.5479175676705,100.265566145434
155.073511651791,38.7247088736947,100.263149782773
155.030825722289,38.9014517374216,100.260733420112
154.987938771516,39.0781459306282,100.25831705745
154.944850856862,39.2547912251449,100.255900694789
154.901562035987,39.4313873928384,100.253484332128
154.858072366792,39.6079342057118,100.251067969467
154.81438190745,39.7844314357721,100.248651606805
154.770490716381,39.9608788551632,100.246235244144
154.726398852273,40.1372762360342,100.243818881483
154.682106374066,40.3136233506543,100.241402518822
154.637613340962,40.4899199713315,100.23898615616
154.592919812414,40.6661658704784,100.236569793499
154.54802584814,40.8423608205473,100.234153430838
154.502931508109,41.0185045940951,100.231737068177
154.457636852555,41.1945969637186,100.229320705515
154.412141941965,41.3706377021043,100.226904342854
154.366446837083,41.5466265820115,100.224487980193
154.320551598916,41.722563376257,100.222071617531
154.274456288713,41.8984478577807,100.21965525487
154.228160968001,42.0742797995305,100.217238892209
154.181665698547,42.2500589745782,100.214822529548
154.134970542386,42.4257851560379,100.212406166886
154.0880755618,42.6014581171305,100.209989804225
154.040980819338,42.7770776311204,100.207573441564
153.993686377799,42.952643471363,100.205157078903
153.94619230024,43.1281554112906,100.202740716241
153.898498649974,43.3036132244108,100.20032435358
153.85060549057,43.4790166843081,100.197907990919
153.802512885859,43.6543655646267,100.195491628258
153.754220899914,43.829659639138,100.193075265596
153.705729597081,44.0048986816242,100.190658902935
153.657039041954,44.1800824659785,100.188242540274
153.608149299379,44.3552107661878,100.185826177612
153.559060434465,44.5302833562849,100.183409814951
153.509772512574,44.7053000103971,100.18099345229
153.460285599322,44.8802605027304,100.178577089629
153.410599760581,45.0551646075705,100.176160726967
153.36071506248,45.2300120992815,100.173744364306
153.310631571405,45.4048027522911,100.171328001645
153.260349353986,45.5795363411563,100.168911638984
153.209868477124,45.7542126404484,100.166495276322
153.159189007968,45.9288314248518,100.164078913661
153.108311013922,46.1033924691325,100.161662551
153.057234562637,46.2778955481527,100.159246188339
153.005959722031,46.4523404368245,100.156829825677
152.954486560272,46.6267269101565,100.154413463016
152.902815145781,46.8010547432408,100.151997100355
152.850945547234,46.9753237112502,100.149580737693
152.798877833566,47.1495335894249,100.147164375032
152.746612073956,47.3236841531194,100.144748012371
152.694148337848,47.4977751777395,100.14233164971
152.64148669493,47.6718064388067,100.139915287048
152.588627215153,47.8457777118935,100.137498924387
152.535569968712,48.0196887726885,100.135082561726
152.482315026071,48.1935393969165,100.132666199065
152.428862457928,48.367329360451,100.130249836403
152.375212335253,48.5410584391856,100.127833473742
152.321364729255,48.714726409148,100.125417111081
152.267319711403,48.8883330464344,100.12300074842
152.213077353421,49.0618781272108,100.120584385758
152.158637727279,49.2353614277614,100.118168023097
152.104000905209,49.4087827244246,100.115751660436
152.049166959684,49.5821417936569,100.113335297774
151.994135963448,49.7554384119535,100.110918935113
151.938907989474,49.9286723559613,100.108502572452
151.883483111006,50.1018434023661,100.106086209791
151.827861401539,50.2749513279412,100.103669847129
151.772042934809,50.4479959095799,100.101253484468
151.716027784812,50.6209769242484,100.098837121807
151.659816025798,50.7938941489839,100.096420759146
151.603407732261,50.9667473609458,100.094004396484
151.546802978956,51.1395363373497,100.091588033823
151.490001840881,51.3122608555328,100.089171671162
151.433004393299,51.4849206928739,100.086755308501
151.375810711706,51.6575156269058,100.084338945839
151.318420871869,51.8300454351869,100.081922583178
151.260834949791,52.0025098954149,100.079506220517
151.203053021731,52.1749087853618,100.077089857855
151.145075164205,52.3472418828747,100.074673495194
151.086901453968,52.519508965924,100.072257132533
151.028531968034,52.6917098125556,100.069840769872
150.969966783677,52.863844200875,100.06742440721
150.911205978399,53.0359119091448,100.065008044549
150.85224962997,53.2079127156712,100.062591681888
150.793097816405,53.379846398869,100.060175319227
150.733750615975,53.551712737231,100.057758956565
150.674208107184,53.7235115093902,100.055342593904
150.614470368808,53.8952424940098,100.052926231243
150.554537479858,54.0669054698945,100.050509868582
150.49440951961,54.2385002158954,100.04809350592
150.434086567562,54.410026511038,100.045677143259
150.373568703491,54.5814841343622,100.043260780598
150.312856007417,54.7528728650191,100.040844417936
150.251948559591,54.9241924823031,100.038428055275
150.190846440532,55.0954427655561,100.036011692614
150.129549731009,55.2666234942153,100.033595329953
150.068058512021,55.4377344478629,100.031178967291
150.006372864847,55.6087754060969,100.02876260463
149.944492870976,55.7797461487081,100.026346241969
149.882418612186,55.9506464554882,100.023929879308
149.82015017047,56.1214761064062,100.021513516646
149.75768762809,56.2922348814805,100.019097153985
149.695031067549,56.4629225608431,100.016680791324
149.632180571592,56.6335389247407,100.014264428663
149.569136223236,56.8040837534534,100.011848066001
149.505898105713,56.9745568274563,100.00943170334
149.442466302522,57.1449579272601,100.007015340679
149.378840897415,57.3152868334738,100.004598978017
149.31502197438,57.4855433268221,100.002182615356
149.251009617658,57.6557271881291,99.999766252695
149.186803911729,57.8258381983357,99.9973498900337
149.12240494133,57.9958761384505,99.9949335273724
149.057812791444,58.1658407895987,99.9925171647112
148.993027547296,58.3357319330062,99.9901008020499
148.928049294363,58.5055493500006,99.9876844393886
148.862878118371,58.6752928219947,99.9852680767274
148.797514105281,58.8449621305343,99.9828517140661
148.731957341309,59.0145570572519,99.9804353514048
148.666207912928,59.18407738385,99.9780189887435
148.600265906826,59.3535228922134,99.9756026260823
148.534131409976,59.5228933642342,99.973186263421
148.46780450957,59.6921885819712,99.9707699007597
148.401285293055,59.8614083275702,99.9683535380985
148.33457384812,60.0305523832814,99.9659371754372
148.267670262705,60.1996205314581,99.963520812776
148.200574624996,60.3686125545424,99.9611044501147
148.133287023416,60.5375282351123,99.9586880874534
148.065807546645,60.706367355819,99.9562717247921
147.998136283595,60.8751296994506,99.9538553621309
147.930273323441,61.043815048852,99.9514389994696
147.862218755581,61.212423187038,99.9490226368084
147.793972669672,61.3809538970815,99.9466062741471
147.725535155614,61.5494069621769,99.9441899114858
147.656906303556,61.7177821656095,99.9417735488246
147.588086203877,61.8860792908027,99.9393571861633
147.519074947217,62.0542981212552,99.936940823502
147.449872624436,62.2224384406208,99.9345244608407
147.380479326675,62.3905000325813,99.9321080981795
147.31089514529,62.5584826809889,99.9296917355182
147.241120171882,62.726386169805,99.927275372857
147.171154498308,62.8942102830669,99.9248590101957
147.100998216669,63.0619548049206,99.9224426475344
147.03065141929,63.2296195196685,99.9200262848731
146.960114198765,63.3972042116585,99.9176099222119
146.889386647919,63.5647086653802,99.9151935595506
146.818468859812,63.732132665448,99.9127771968894
146.747360927753,63.8994759965705,99.9103608342281
146.67606294531,64.0667384435353,99.9079444715668
146.604575006264,64.2339197913033,99.9055281089055
146.53289720466,64.401019824899,99.9031117462443
146.461029634777,64.5680383294731,99.900695383583
146.388972391146,64.7349750902733,99.8982790209217
146.316725568517,64.901829892704,99.8958626582605
146.244289261918,65.0686025222045,99.8934462955992
146.171663566574,65.23529276442,99.891029932938
146.098848577999,65.4019004050134,99.8886135702767
146.025844391908,65.568425229839,99.8861972076154
145.952651104283,65.7348670248175,99.8837808449541
145.879268811329,65.9012255760132,99.8813644822929
145.805697609516,66.0675006695574,99.8789481196316
145.731937595534,66.2336920917422,99.8765317569704
145.657988866327,66.399799628942,99.8741153943091
145.583851519058,66.5658230676928,99.8716990316478
145.509525651168,66.7317621945668,99.8692826689865
145.4350113603,66.897616796329,99.8668663063253
145.360308744355,67.0633866598284,99.864449943664
145.285417901478,67.2290715720137,99.8620335810027
145.210338930056,67.3946713199492,99.8596172183415
145.135071928694,67.5601856908623,99.8572008556802
145.059616996266,67.7256144720335,99.8547844930189
144.983974231856,67.890957450922,99.8523681303577
144.908143734816,68.0562144150423,99.8499517676964
144.832125604725,68.2213851520565,99.8475354050351
144.755919941391,68.386469449759,99.8451190423739
144.679526844877,68.5514670960314,99.8427026797126
144.602946415479,68.7163778788883,99.8402863170514
144.526178753723,68.8812015864774,99.8378699543901
144.449223960395,69.0459380070192,99.8354535917288
144.372082136498,69.2105869288982,99.8330372290675
144.294753383283,69.3751481406029,99.8306208664063
144.217237802235,69.5396214307408,99.828204503745
144.139535495088,69.704006588023,99.8257881410837
144.061646563805,69.8683034012962,99.8233717784225
143.983571110579,70.032511659542,99.8209554157612
143.905309237857,70.1966311518315,99.8185390530999
143.826861048314,70.3606616673716,99.8161226904387
143.748226644857,70.5246029955054,99.8137063277774
143.66940613066,70.6884549256356,99.8112899651161
143.590399609086,70.8522172473779,99.8088736024549
143.51120718377,71.0158897504085,99.8064572397936
143.431828958579,71.179472224525,99.8040408771323
143.352265037611,71.3429644596627,99.8016245144711
143.272515525203,71.5063662458788,99.7992081518098
143.192580525916,71.6696773733691,99.7967917891485
143.112460144566,71.8328976324208,99.7943754264873
143.032154486196,71.9960268134603,99.791959063826
142.951663656085,72.1590647070363,99.7895427011647
142.870987759749,72.3220111038221,99.7871263385035
142.790126902944,72.4848657945993,99.7847099758422
142.709081191651,72.6476285703039,99.7822936131809
142.627850732097,72.8102992219662,99.7798772505197
142.546435630739,72.9728775407561,99.7774608878584
142.464835994261,73.1353633179843,99.7750445251971
142.383051929597,73.2977563450553,99.7726281625359
142.301083543909,73.4600564135149,99.7702117998746
142.218930944599,73.6222633150195,99.7677954372134
142.136594239282,73.7843768413967,99.7653790745521
142.054073535839,73.9463967845398,99.7629627118908
141.971368942367,74.1083229364989,99.7605463492295
141.888480567192,74.2701550894664,99.7581299865683
141.805408518888,74.431893035731,99.755713623907
141.722152906246,74.5935365677389,99.7532972612457
141.638713838308,74.7550854780342,99.7508808985845
141.555091424349,74.9165395592883,99.7484645359232
141.471285773853,75.0778986043465,99.7460481732619
141.387296996569,75.2391624061212,99.7436318106007
141.303125202456,75.4003307576996,99.7412154479394
141.218770501719,75.5614034522671,99.7387990852781
141.134233004784,75.7223802831685,99.7363827226169
141.04951282232,75.8832610438479,99.7339663599556
140.964610065226,76.0440455278942,99.7315499972943
140.87952484462,76.2047335290411,99.7291336346331
140.79425727188,76.3653248411072,99.7267172719718
140.708807458589,76.5258192580869,99.7243009093105
140.623175516572,76.6862165740904,99.7218845466493
140.537361557883,76.8465165833585,99.719468183988
140.451365694819,77.0067190802485,99.7170518213267
140.365188039896,77.1668238592634,99.7146354586655
140.278828705855,77.3268307150543,99.7122190960042
140.192287805685,77.4867394423734,99.7098027333429
140.105565452597,77.6465498361199,99.7073863706817
140.018661760031,77.806261691326,99.7049700080204
139.93157684166,77.9658748031567,99.7025536453591
139.844310811393,78.1253889668946,99.7001372826979
139.756863783355,78.2848039779862,99.6977209200366
139.669235871908,78.4441196319958,99.6953045573753
139.581427191651,78.6033357246072,99.6928881947141
139.493437857407,78.7624520516524,99.6904718320528
139.405267984218,78.9214684091137,99.6880554693915
139.31691768738,79.0803845930621,99.6856391067303
139.228387082388,79.2392003997639,99.683222744069
139.139676284996,79.3979156255606,99.6808063814077
139.050785411163,79.5565300669734,99.6783900187465
138.961714577085,79.7150435206446,99.6759736560852
138.872463899196,79.8734557833371,99.6735572934239
138.783033494147,80.0317666519653,99.6711409307627
138.693423478813,80.1899759235941,99.6687245681014
138.60363397031,80.3480833953961,99.6663082054401
138.513665085976,80.506088864695,99.6638918427789
138.423516943375,80.6639921289515,99.6614754801176
138.333189660309,80.8217929857498,99.6590591174563
138.242683354789,80.9794912328402,99.6566427547951
138.151998145061,81.137086668097,99.6542263921338
138.0611341496,81.2945790895316,99.6518100294725
137.970091487123,81.4519682952653,99.6493936668113
137.878870276543,81.6092540836165,99.64697730415
137.78747063702,81.7664362529985,99.6445609414887
137.695892687937,81.9235146019782,99.6421445788275
137.604136548899,82.0804889292619,99.6397282161662
137.512202339741,82.2373590336962,99.6373118535049
137.42009018053,82.3941247142518,99.6348954908437
137.327800191541,82.5507857700701,99.6324791281824
137.235332493294,82.7073420004029,99.6300627655211
137.142687206517,82.8637932046717,99.6276464028599
137.049864452177,83.0201391824104,99.6252300401986
136.956864351463,83.1763797333079,99.6228136775373
136.863687025794,83.3325146571806,99.6203973148761
136.770332596787,83.4885437540301,99.6179809522148
136.676801186312,83.6444668239559,99.6155645895535
136.583092916463,83.8002836672001,99.6131482268923
136.489207909548,83.9559940841613,99.610731864231
136.395146288093,84.1115978753959,99.6083155015697
136.300908174854,84.2670948415883,99.6058991389085
136.206493692829,84.4224847835368,99.6034827762472
136.111902965206,84.5777675022417,99.6010664135859
136.017136115429,84.7329427987884,99.5986500509247
135.922193267142,84.8880104744504,99.5962336882634
135.827074544218,85.0429703306303,99.5938173256021
135.731780070755,85.1978221688755,99.5914009629409
135.63630997108,85.3525657908632,99.5889846002796
135.540664369737,85.5072009984298,99.5865682376183
135.444843391481,85.6617275935725,99.5841518749571
135.348847161308,85.8161453784035,99.5817355122958
135.252675804427,85.9704541551962,99.5793191496345
135.156329446279,86.1246537263548,99.5769027869733
135.059808212497,86.2787438944732,99.574486424312
134.963112228973,86.4327244622343,99.5720700616507
134.866241621795,86.5865952325102,99.5696536989895
134.769196517288,86.7403560082919,99.5672373363282
134.671977041989,86.8940065927312,99.5648209736669
134.574583322649,87.0475467891422,99.5624046110057
134.477015486255,87.2009764009576,99.5599882483444
134.379273660016,87.3542952317579,99.5575718856831
134.281357971335,87.5075030853151,99.5551555230219
134.183268547869,87.6605997654919,99.5527391603606
134.085005517469,87.8135850763428,99.5503227976993
133.986569008215,87.966458822057,99.5479064350381
133.887959148427,88.1192208069435,99.5454900723768
133.789176066603,88.2718708355188,99.5430737097155
133.690219891482,88.4244087124196,99.5406573470543
133.591090752041,88.5768342424042,99.538240984393
133.491788777445,88.7291472304242,99.5358246217317
133.392314097091,88.8813474815663,99.5334082590705
133.292666840591,89.0334348010689,99.5309918964092
133.192847137788,89.1854089943059,99.5285755337479
133.092855118721,89.3372698668316,99.5261591710867
132.992690913669,89.4890172243227,99.5237428084254
132.892354653108,89.6406508726359,99.5213264457641
132.791846467761,89.7921706177371,99.5189100831029
132.69116648854,89.9435762657869,99.5164937204416
132.590314846573,90.0948676230983,99.5140773577803
132.489291673236,90.2460444960938,99.5116609951191
132.388097100101,90.3971066913775,99.5092446324578
132.286731258938,90.5480540157344,99.5068282697965
132.185194281782,90.6988862760328,99.5044119071353
132.083486300837,90.8496032793638,99.501995544474
131.981607448551,91.0002048329311,99.4995791818127
131.879557857578,91.1506907441059,99.4971628191515
131.777337660789,91.3010608204134,99.4947464564902
131.674946991271,91.4513148695341,99.4923300938289
131.572385982326,91.6014526993023,99.4899137311677
131.46965476748,91.7514741176932,99.4874973685064
131.366753480455,91.9013789328662,99.4850810058451
131.26368225521,92.0511669531067,99.4826646431839
131.160441225906,92.200837986871,99.4802482805226
131.05703052692,92.3503918427704,99.4778319178613
130.953450292843,92.4998283295728,99.4754155552001
130.84970065847,92.649147256216,99.4729991925388
130.745781758851,92.7983484317393,99.4705828298775
130.64169372919,92.9474316654215,99.4681664672163
130.537436704952,93.0963967666299,99.465750104555
130.433010821789,93.2452435449297,99.4633337418937
130.328416215595,93.3939718100028,99.4609173792325
130.223653022435,93.5425813717446,99.4585010165712
130.118721378622,93.6910720401658,99.4560846539099
130.013621420666,93.8394436254505,99.4536682912487
129.908353285293,93.9876959379404,99.4512519285874
129.802917109451,94.1358287881224,99.4488355659261
129.69731303028,94.2838419866702,99.4464192032649
129.591541185141,94.4317353444024,99.4440028406036
129.485601711619,94.5795086722839,99.4415864779423
129.379494747498,94.7271617814526,99.4391701152811
129.273220430776,94.8746944832061,99.4367537526198
129.166778899661,95.022106589003,99.4343373899585
129.060170292571,95.1693979104615,99.4319210272973
128.953394748137,95.3165682593607,99.429504664636
128.84645240521,95.4636174476266,99.4270883019747
128.73934340283,95.6105452873744,99.4246719393135
128.632067880271,95.7573515908521,99.4222555766522
128.524625977003,95.9040361704842,99.4198392139909
128.417017832698,96.0505988388696,99.4174228513297
128.309243587258,96.1970394087426,99.4150064886684
128.201303380794,96.3433576929991,99.4125901260071
128.093197353596,96.489553504739,99.4101737633459
127.984925646204,96.6356266571702,99.4077574006846
127.876488399346,96.7815769636909,99.4053410380233
127.767885753951,96.9274042378758,99.4029246753621
127.659117851164,97.0731082934498,99.4005083127008
127.55018483236,97.2186889442735,99.3980919500395
127.441086839082,97.3641460044268,99.3956755873783
127.33182401312,97.5094792880985,99.393259224717
127.222396496433,97.6546886096968,99.3908428620557
127.112804431228,97.7997737837395,99.3884264993945
127.003047959898,97.9447346249364,99.3860101367332
126.893127225024,98.0895709481905,99.3835937740719
126.783042369446,98.2342825685005,99.3811774114107
126.672793536157,98.3788693010997,99.3787610487494
126.56238086839,98.5233309613463,99.3763446860881
126.451804509572,98.6676673647775,99.3739283234269
126.34106460335,98.8118783270835,99.3715119607656
126.230161293542,98.9559636641613,99.3690955981043
126.119094724216,99.0999231920212,99.3666792354431
126.007865039615,99.2437567268794,99.3642628727818
125.896472384205,99.3874640850937,99.3618465101205
125.784916902651,99.5310450832017,99.3594301474593
125.673198739811,99.6744995379228,99.357013784798
125.561318040778,99.8178272661032,99.3545974221367
125.449274950821,99.961028084798,99.3521810594755
125.33706961541,100.10410181123,99.3497646968142
125.224702180266,100.247048262736,99.3473483341529
125.112172791246,100.389867256905,99.3449319714917
124.999481594468,100.532558611424,99.3425156088304
124.88662873623,100.675122144179,99.3400992461691
124.773614363035,100.817557673223,99.3376828835079
124.660438621588,100.95986501678,99.3352665208466
124.547101658787,101.102043993258,99.3328501581853
124.433603621766,101.244094421194,99.3304337955241
124.319944657829,101.386016119333,99.3280174328628
124.206124914504,101.527808906568,99.3256010702015
124.092144539499,101.669472601986,99.3231847075403
123.978003680736,101.811007024835,99.320768344879
123.863702486361,101.952411994504,99.3183519822177
123.749241104689,102.093687330595,99.3159356195565
123.634619684235,102.234832852881,99.3135192568952
123.519838373739,102.375848381283,99.3111028942339
123.404897322152,102.516733735876,99.3086865315726
123.289796678573,102.657488736978,99.3062701689114
123.174536592343,102.798113205023,99.3038538062501
123.059117213016,102.938606960608,99.3014374435889
122.943538690304,103.078969824552,99.2990210809276
122.827801174149,103.219201617811,99.2966047182663
122.711904814683,103.359302161526,99.2941883556051
122.59584976224,103.499271277011,99.2917719929438
122.479636167362,103.639108785741,99.2893556302825
122.363264180768,103.778814509394,99.2869392676212
122.24673395339,103.918388269805,99.28452290496
122.130045636368,104.057829888973,99.2821065422987
122.013199381018,104.197139189097,99.2796901796375
121.896195338889,104.336315992512,99.2772738169762
121.779033661685,104.47536012178,99.2748574543149
121.661714501349,104.614271399587,99.2724410916537
121.544238009993,104.753049648834,99.2700247289924
121.426604339935,104.891694692583,99.2676083663311
121.308813643691,105.030206354073,99.2651920036699
121.190866073986,105.168584456707,99.2627756410086
121.07276178373,105.306828824076,99.2603592783473
120.954500926031,105.44493927995,99.2579429156861
120.836083654194,105.582915648273,99.2555265530248
120.717510121707,105.720757753181,99.2531101903635
120.598780482291,105.858465418948,99.2506938277022
120.479894889827,105.996038470065,99.248277465041
120.360853498416,106.133476731173,99.2458611023797
120.24165646233,106.270780027119,99.2434447397185
120.122303936062,106.407948182902,99.2410283770572
120.002796074287,106.544981023711,99.2386120143959
119.883133031875,106.681878374915,99.2361956517346
119.763314963891,106.818640062062,99.2337792890734
119.643342025596,106.955265910877,99.2313629264121
119.523214372444,107.091755747267,99.2289465637509
119.402932160094,107.228109397305,99.2265302010896
119.282495544378,107.364326687267,99.2241138384283
119.161904681344,107.500407443586,99.2216974757671
119.041159727221,107.636351492888,99.2192811131058
118.920260838422,107.77215866199,99.2168647504445
118.799208171585,107.907828777854,99.2144483877832
118.678001883509,108.043361667658,99.212032025122
118.556642131196,108.17875715875,99.2096156624607
118.435129071852,108.314015078648,99.2071992997995
118.313462862852,108.449135255074,99.2047829371382
118.191643661788,108.584117515907,99.2023665744769
118.069671626418,108.718961689235,99.1999502118156
117.947546914729,108.853667603287,99.1975338491544
117.825269684851,108.988235086529,99.1951174864931
117.702840095154,109.122663967555,99.1927011238319
117.580258304161,109.256954075182,99.1902847611706
117.457524470613,109.391105238383,99.1878683985093
117.334638753415,109.525117286341,99.185452035848
117.211601311676,109.658990048408,99.1830356731868
117.088412304718,109.792723354097,99.1806193105255
116.965071892005,109.926317033152,99.1782029478642
116.841580233241,110.059770915453,99.175786585203
116.717937488269,110.193084831113,99.1733702225417
116.594143817169,110.32625861038,99.1709538598805
116.470199380178,110.459292083724,99.1685374972192
116.346104337741,110.592185081775,99.1661211345579
116.221858850471,110.724937435371,99.1637047718966
116.097463079203,110.857548975502,99.1612884092354
115.972917184917,110.990019533389,99.1588720465741
115.848221328811,111.122348940404,99.1564556839129
115.723375672262,111.254537028116,99.1540393212516
115.598380376847,111.386583628268,99.1516229585903
115.473235604306,111.518488572814,99.149206595929
115.347941516589,111.650251693871,99.1467902332678
115.222498275811,111.781872823764,99.1443738706065
115.096906044295,111.913351794984,99.1419575079452
114.971164984529,112.044688440232,99.139541145284
114.845275259223,112.175882592359,99.1371247826227
114.719237031236,112.306934084441,99.1347084199614
114.593050463638,112.437842749717,99.1322920573002
114.466715719659,112.568608421639,99.1298756946389
114.340232962729,112.699230933834,99.1274593319776
114.213602356473,112.829710120105,99.1250429693164
114.086824064691,112.960045814457,99.1226266066551
113.959898251353,113.090237851094,99.1202102439939
113.832825080653,113.220286064374,99.1177938813326
113.705604716931,113.35019028888,99.1153775186713
113.578237324723,113.479950359373,99.11296115601
113.450723068762,113.60956611079,99.1105447933488
113.323062113942,113.739037378283,99.1081284306875
113.19525462536,113.86836399717,99.1057120680262
113.067300768278,113.997545802981,99.103295705365
112.939200708172,114.126582631404,99.1008793427037
112.810954610657,114.255474318362,99.0984629800425
112.682562641575,114.384220699923,99.0960466173812
112.554024966916,114.512821612382,99.0936302547199
112.425341752865,114.641276892211,99.0912138920586
112.2965131658,114.769586376063,99.0887975293974
112.167539372268,114.897749900796,99.0863811667361
112.038420538999,115.025767303456,99.0839648040748
111.909156832892,115.153638421297,99.0815484414136
111.779748421049,115.281363091738,99.0791320787523
111.650195470756,115.408941152392,99.076715716091
111.520498149453,115.536372441089,99.0742993534298
111.390656624773,115.663656795837,99.0718829907685
111.260671064544,115.790794054828,99.0694666281073
111.130541636757,115.917784056458,99.067050265446
111.000268509586,116.044626639317,99.0646339027847
110.869851851371,116.171321642199,99.0622175401234
110.739291830657,116.297868904068,99.0598011774622
110.608588616167,116.424268264085,99.0573848148009
110.477742376778,116.550519561625,99.0549684521396
110.34675328157,116.676622636235,99.0525520894784
110.215621499767,116.802577327693,99.0501357268171
110.084347200829,116.928383475912,99.0477193641559
109.952930554346,117.054040921047,99.0453030014946
109.821371730088,117.179549503448,99.0428866388333
109.689670898037,117.304909063625,99.040470276172
109.557828228314,117.430119442319,99.0380539135108
109.425843891233,117.555180480455,99.0356375508495
109.293718057295,117.680092019143,99.0332211881883
109.161450897152,117.80485389971,99.030804825527
109.029042581658,117.929465963659,99.0283884628657
108.896493281832,118.053928052699,99.0259721002044
108.763803168867,118.178240008736,99.0235557375432
108.630972414132,118.302401673875,99.0211393748819
108.498001189173,118.426412890414,99.0187230122206
108.364889665708,118.550273500852,99.0163066495594
108.231638015646,118.673983347872,99.0138902868981
108.098246411056,118.797542274368,99.0114739242368
107.964715024181,118.920950123428,99.0090575615756
107.831044027428,119.044206738354,99.0066411989143
107.697233593402,119.167311962621,99.004224836253
107.563283894882,119.290265639902,99.0018084735918
107.429195104781,119.413067614104,98.9993921109305
107.294967396239,119.535717729286,98.9969757482693
107.160600942541,119.658215829731,98.994559385608
107.026095917134,119.780561759931,98.9921430229467
106.891452493662,119.902755364553,98.9897266602854
106.75667084593,120.024796488478,98.9873102976242
106.621751147914,120.146684976785,98.9848939349629
106.486693573763,120.268420674754,98.9824775723016
106.351498297808,120.390003427852,98.9800612096404
106.21616549453,120.51143308177,98.9776448469791
106.080695338591,120.63270948239,98.9752284843178
105.945088004837,120.753832475779,98.9728121216566
105.809343668273,120.874801908221,98.9703957589953
105.673462504075,120.995617626197,98.967979396334
105.537444687588,121.116279476393,98.9655630336728
105.401290394328,121.236787305693,98.9631466710115
105.26499979998,121.357140961185,98.9607303083502
105.128573080413,121.477340290146,98.958313945689
104.992010411652,121.597385140068,98.9558975830277
104.855311969876,121.717275358654,98.9534812203664
104.718477931463,121.83701079379,98.9510648577052
104.581508472943,121.956591293572,98.9486484950439
104.444403771017,122.076016706302,98.9462321323826
104.307164002551,122.195286880484,98.9438157697214
104.169789344598,122.314401664813,98.9413994070601
104.032279974345,122.43336090821,98.9389830443988
103.894636069179,122.552164459778,98.9365666817376
103.756857806626,122.670812168845,98.9341503190763
103.618945364403,122.789303884922,98.931733956415
103.480898920397,122.907639457721,98.9293175937538
103.342718652621,123.025818737195,98.9269012310925
103.204404739307,123.143841573455,98.9244848684312
103.065957358814,123.261707816851,98.92206850577
102.927376689692,123.379417317914,98.9196521431087
102.788662910632,123.496969927403,98.9172357804474
102.649816200528,123.61436549625,98.9148194177862
102.510836738389,123.731603875634,98.9124030551249
102.371724703426,123.84868491691,98.9099866924636
102.232480275003,123.965608471645,98.9075703298024
102.093103632661,124.082374391604,98.9051539671411
101.953594956079,124.198982528781,98.9027376044798
101.813954425127,124.315432735351,98.9003212418186
101.674182219812,124.431724863719,98.8979048791573
101.534278520329,124.547858766475,98.895488516496
101.394243507027,124.663834296425,98.8930721538348
101.254077360415,124.779651306586,98.8906557911735
101.113780261178,124.895309650165,98.8882394285122
100.973352390139,125.010809180604,98.885823065851
100.832793928295,125.126149751538,98.8834067031897
100.692105056819,125.241331216799,98.8809903405284
100.551285957019,125.356353430451,98.8785739778672
100.410336810406,125.47121624673,98.8761576152059
100.269257798609,125.585919520115,98.8737412525446
100.128049103421,125.700463105293,98.8713248898834
99.9867109068358,125.814846857126,98.8689085272221
99.8452433909797,125.929070630708,98.8664921645608
99.7036467381136,126.043134281363,98.8640758018996
99.5619211307251,126.157037664568,98.8616594392383
99.4200667513952,126.270780636066,98.859243076577
99.2780837829178,126.384363051764,98.8568267139158
99.1359724081925,126.497784767825,98.8544103512545
98.9937328103186,126.611045640584,98.8519939885932
98.8513651725545,126.724145526592,98.849577625932
98.7088696783037,126.837084282616,98.8471612632707
98.5662465111011,126.949861765657,98.8447449006094
98.4234958547071,127.062477832873,98.8423285379482
98.2806178929868,127.174932341675,98.8399121752869
98.1376128099622,127.287225149683,98.8374958126256
97.9944807898403,127.399356114711,98.8350794499644
97.8512220169855,127.51132509478,98.8326630873031
97.707836675905,127.623131948134,98.8302467246418
97.5643249512365,127.734776533251,98.8278303619806
97.4206870278279,127.846258708776,98.8254139993193
97.2769230906703,127.957578333579,98.822997636658
97.1330333248691,128.068735266772,98.8205812739968
96.9890179157274,128.179729367648,98.8181649113355
96.8448770486897,128.290560495722,98.8157485486742
96.700610909356,128.401228510723,98.813332186013
96.5562196834946,128.511733272581,98.8109158233517
96.4117035570154,128.62207464145,98.8084994606904
96.2670627159693,128.732252477707,98.8060830980292
96.1222973465882,128.842266641922,98.8036667353679
95.9774076352448,128.952116994887,98.8012503727066
95.832393768466,129.06180339761,98.7988340100454
95.6872559329317,129.17132571131,98.7964176473841
95.5419943154888,129.280683797413,98.7940012847228
95.3966091031107,129.389877517575,98.7915849220616
95.2511004829503,129.49890673365,98.7891685594003
95.1054686422994,129.607771307714,98.786752196739
94.9597137685888,129.716471102069,98.7843358340778
94.8138360494422,129.8250059792,98.7819194714165
94.6678356725808,129.933375801847,98.7795031087552
94.5217128259456,130.041580432918,98.777086746094
94.3754676975464,130.149619735592,98.7746703834327
94.2291004756132,130.257493573216,98.7722540207714
94.0826113484853,130.365201809383,98.7698376581102
93.9360005046949,130.472744307867,98.7674212954489
93.7892681328679,130.580120932705,98.7650049327876
93.6424144218366,130.687331548103,98.7625885701264
93.4954395605414,130.794376018519,98.7601722074651
93.348343738086,130.901254208613,98.7577558448038
93.2011271437238,131.007965983264,98.7553394821426
93.053789966885,131.114511207547,98.7529231194813
92.9063323970928,131.220889746793,98.75050675682
92.7587546240611,131.327101466521,98.7480903941588
92.6110568376241,131.433146232486,98.7456740314975
92.4632392278062,131.539023910633,98.7432576688362
92.3153019847515,131.64473436714,98.740841306175
92.1672452987383,131.750277468417,98.7384249435137
92.0190693602053,131.855653081078,98.7360085808524
91.8707743597531,131.960861071949,98.7335922181912
91.722360488115,132.065901308081,98.7311758555299
91.573827936171,132.170773656743,98.7287594928686
91.4251768949472,132.275477985426,98.7263431302074
91.2764075556159,132.380014161835,98.7239267675461
91.1275201095094,132.484382053887,98.7215104048848
90.9785147480776,132.588581529736,98.7190940422236
90.8293916629438,132.692612457737,98.7166776795623
90.6801510458482,132.796474706482,98.714261316901
90.5307930887186,132.900168144754,98.7118449542398
90.38131798357,133.003692641594,98.7094285915785
90.2317259226191,133.107048066226,98.7070122289172
90.082017098184,133.210234288118,98.704595866256
89.9321917027409,133.313251176954,98.7021795035947
89.7822499289238,133.416098602625,98.6997631409334
89.6321919694959,133.518776435253,98.6973467782722
89.4820180173631,133.621284545181,98.6949304156109
89.3317282655604,133.723622802979,98.6925140529496
89.1813229073078,133.825791079415,98.6900976902884
89.030802135925,133.927789245501,98.6876813276271
88.880166144888,134.029617172463,98.6852649649658
88.7294151278292,134.131274731738,98.6828486023046
88.5785492785078,134.232761794996,98.6804322396433
88.4275687908101,134.334078234135,98.678015876982
88.2764738587928,134.435223921258,98.6755995143208
88.1252646766523,134.536198728688,98.6731831516595
87.9739414386833,134.637002529,98.6707667889982
87.8225043393781,134.737635194952,98.668350426337
87.6709535733401,134.838096599545,98.6659340636757
87.5192893352984,134.93838661601,98.6635177010144
87.3675118201354,135.038505117793,98.6611013383532
87.2156212229025,135.138451978541,98.6586849756919
87.0636177387462,135.238227072155,98.6562686130306
86.9115015629523,135.337830272759,98.6538522503694
86.7592728909875,135.43726145467,98.6514358877081
86.6069319184291,135.536520492449,98.6490195250468
86.4544788409769,135.635607260888,98.6466031623856
86.3019138544981,135.734521634986,98.6441867997243
86.1492371549678,135.833263489984,98.641770437063
85.9964489385424,135.931832701318,98.6393540744018
85.8435494014713,136.030229144677,98.6369377117405
85.6905387401408,136.128452695974,98.6345213490792
85.5374171511317,136.226503231309,98.632104986418
85.3841848310886,136.324380627052,98.6296886237567
85.2308419768207,136.422084759782,98.6272722610954
85.0773887853022,136.519615506282,98.6248558984342
84.9238254535846,136.616972743597,98.6224395357729
84.7701521788982,136.714156348971,98.6200231731116
84.6163691585932,136.811166199881,98.6176068104504
84.4624765901696,136.90800217402,98.6151904477891
84.3084746712473,137.004664149319,98.6127740851278
84.1543635995505,137.101152003948,98.6103577224666
84.0001435730109,137.197465616261,98.6079413598053
83.845814789635,137.293604864873,98.605524997144
83.6913774475626,137.389569628626,98.6031086344828
83.5368317451107,137.485359786559,98.6006922718215
83.3821778806856,137.580975217968,98.5982759091602
83.2274160528397,137.676415802364,98.595859546499
83.0725464602736,137.771681419476,98.5934431838377
82.9175693018046,137.866771949269,98.5910268211764
82.762484776382,137.961687271937,98.5886104585152
82.6072930830717,138.056427267906,98.5861940958539
82.4519944211152,138.150991817807,98.5837777331926
82.2965889898264,138.245380802531,98.5813613705314
82.1410769887232,138.339594103154,98.5789450078701
81.9854586173803,138.433631601022,98.5765286452088
81.8297340755324,138.527493177693,98.5741122825476
81.6739035630587,138.621178714944,98.5716959198863
81.5179672799683,138.714688094779,98.569279557225
81.3619254263552,138.808021199459,98.5668631945638
81.2057782024871,138.901177911443,98.5644468319025
81.0495258087605,138.994158113424,98.5620304692412
80.8931684456862,139.086961688327,98.55961410658
80.7367063138876,139.179588519319,98.5571977439187
80.5801396141471,139.272038489775,98.5547813812574
80.423468547344,139.36431148332,98.5523650185962
80.2666933145313,139.45640738378,98.5499486559349
80.1098141168435,139.548326075236,98.5475322932736
79.9528311555573,139.640067441991,98.5451159306124
79.7957446320919,139.73163136857,98.5426995679511
79.638554747962,139.823017739742,98.5402832052898
79.4812617048395,139.914226440492,98.5378668426286
79.3238657045068,140.005257356041,98.5354504799673
79.1663669488724,140.096110371843,98.533034117306
79.0087656399701,140.18678537358,98.5306177546448
78.851061979974,140.277282247157,98.5282013919835
78.6932561711535,140.367600878727,98.5257850293222
78.5353484159168,140.457741154663,98.523368666661
78.3773389168127,140.547702961564,98.5209523039997
78.2192278764984,140.637486186265,98.5185359413384
78.0610154977552,140.727090715835,98.5161195786771
77.9027019834881,140.816516437573,98.5137032160159
77.7442875367257,140.905763239009,98.5112868533546
77.5857723606343,140.994831007897,98.5088704906934
77.4271566584737,141.083719632239,98.5064541280321
77.2684406336555,141.172429000253,98.5040377653708
77.1096244896991,141.260959000395,98.5016214027096
76.9507084302458,141.349309521356,98.4992050400483
76.7916926590441,141.437480452066,98.496788677387
76.6325773800082,141.525471681662,98.4943723147258
76.4733627971448,141.613283099532,98.4919559520645
76.3140491145653,141.700914595302,98.4895395894032
76.1546365365178,141.788366058824,98.487123226742
75.9951252674003,141.875637380168,98.4847068640807
75.835515511671,141.962728449668,98.4822905014194
75.6758074739685,142.049639157858,98.4798741387581
75.5160013589907,142.136369395539,98.4774577760969
75.3560973716151,142.222919053712,98.4750414134356
75.1960957168084,142.309288023628,98.4726250507744
75.0359965996404,142.395476196781,98.4702086881131
74.8758002253306,142.481483464882,98.4677923254518
74.7155067991861,142.567309719889,98.4653759627906
74.5551165266775,142.652954853975,98.4629596001293
74.3946296133478,142.738418759568,98.460543237468
74.234046264888,142.823701329315,98.4581268748068
74.0733666870758,142.908802456113,98.4557105121455
73.912591085821,142.993722033086,98.4532941494842
73.7517196671658,143.078459953585,98.450877786823
73.5907526372531,143.163016111203,98.4484614241617
73.4296902023423,143.247390399769,98.4460450615004
73.268532568824,143.331582713337,98.4436286988391
73.1072799431737,143.415592946214,98.4412123361779
72.9459325319974,143.499420992935,98.4387959735166
72.7844905420168,143.583066748267,98.4363796108554
72.6229541800989,143.6665301072,98.4339632481941
72.4613236531632,143.74981096499,98.4315468855328
72.2995991682906,143.832909217105,98.4291305228716
72.1377809326757,143.91582475925,98.4267141602103
71.9758691535956,143.998557487379,98.424297797549
71.8138640384569,144.081107297678,98.4218814348878
71.6517657947945,144.163474086559,98.4194650722265
71.4895746302255,144.245657750685,98.4170487095652
71.3272907525263,144.327658186936,98.4146323469039
71.1649143695232,144.409475292457,98.4122159842427
71.0024456892173,144.491108964598,98.4097996215814
70.8398849196592,144.572559100978,98.4073832589201
70.6772322690886,144.653825599415,98.4049668962589
70.5144879457635,144.734908358009,98.4025505335976
70.3516521581462,144.815807275053,98.4001341709364
70.1887251147321,144.896522249113,98.3977178082751
70.0257070241891,144.977053178964,98.3953014456138
69.8625980952333,145.057399963649,98.3928850829525
69.6993985367533,145.137562502416,98.3904687202913
69.5361085577,145.217540694776,98.38805235763
69.3727283671657,145.297334440462,98.3856359949688
69.2092581743356,145.376943639453,98.3832196323075
69.0456981884886,145.456368191973,98.3808032696462
68.882048619043,145.535607998469,98.378386906985
68.718309675526,145.614662959628,98.3759705443237
68.5544815675413,145.693532976388,98.3735541816624
68.3905645048164,145.772217949921,98.3711378190011
68.2265586971856,145.850717781635,98.3687214563399
68.0624643546219,145.929032373164,98.3663050936786
67.8982816871438,146.007161626409,98.3638887310174
67.7340109049218,146.08510544349,98.3614723683561
67.5696522182184,146.162863726772,98.3590560056948
67.4052058374176,146.240436378852,98.3566396430335
67.2406719729777,146.317823302581,98.3542232803723
67.0760508354784,146.395024401044,98.351806917711
66.9113426356363,146.472039577548,98.3493905550498
66.7465475842102,146.548868735671,98.3469741923885
66.5816658921108,146.62551177921,98.3445578297272
66.4166977703373,146.701968612206,98.3421414670659
66.2516434299939,146.778239138943,98.3397251044047
66.0865030823035,146.854323263937,98.3373087417434
65.9212769385781,146.93022089195,98.3348923790821
65.7559652102162,147.005931927995,98.3324760164209
65.5905681087361,147.081456277315,98.3300596537596
65.4250858457902,147.156793845381,98.3276432910984
65.2595186330861,147.231944537927,98.3252269284371
65.0938666824653,147.306908260911,98.3228105657758
64.928130205824,147.381684920555,98.3203942031145
64.7623094152395,147.456274423287,98.3179778404533
64.5964045227952,147.530676675819,98.315561477792
64.4304157407711,147.604891585059,98.3131451151308
64.2643432814844,147.678919058187,98.3107287524695
64.0981873573694,147.752759002618,98.3083123898082
63.93194818096,147.826411326007,98.3058960271469
63.765625964891,147.899875936252,98.3034796644857
63.5992209219283,147.973152741478,98.3010633018244
63.4327332648584,148.046241650086,98.2986469391631
63.266163206662,148.11914257068,98.2962305765019
63.0995109603396,148.191855412138,98.2938142138406
62.9327767390537,148.264380083554,98.2913978511793
62.7659607560182,148.336716494285,98.2889814885181
62.5990632245606,148.408864553923,98.2865651258568
62.4320843581221,148.480824172296,98.2841487631955
62.2650243702259,148.552595259482,98.2817324005343
62.0978834744928,148.624177725801,98.279316037873
61.9306618846246,148.695571481823,98.2768996752118
61.7633598144673,148.766776438342,98.2744833125505
61.5959774779158,148.837792506412,98.2720669498892
61.4285150889778,148.908619597326,98.2696505872279
61.260972861772,148.979257622613,98.2672342245667
61.0933510104814,149.049706494059,98.2648178619054
60.9256497494324,149.119966123673,98.2624014992441
60.7578692929823,149.190036423735,98.2599851365829
60.5900098556478,149.259917306741,98.2575687739216
60.4220716519912,149.329608685451,98.2551524112603
60.2540548966861,149.399110472863,98.2527360485991
60.0859598045159,149.468422582211,98.2503196859378
59.9177865903413,149.537544926981,98.2479033232765
59.7495354691007,149.60647742091,98.2454869606153
59.5812066558582,149.675219977964,98.243070597954
59.4128003657701,149.743772512356,98.2406542352927
59.2443168140536,149.812134938555,98.2382378726315
59.0757562160506,149.880307171262,98.2358215099702
58.9071187871467,149.948289125441,98.2334051473089
58.7384047428991,150.01608071627,98.2309887846477
58.5696142988933,150.083681859198,98.2285724219864
58.4007476708051,150.151092469917,98.2261560593251
58.2318050744501,150.218312464346,98.2237396966639
58.0627867256862,150.285341758668,98.2213233340026
57.8936928404937,150.3521802693,98.2189069713413
57.7245236349109,150.418827912914,98.2164906086801
57.5552793250984,150.485284606417,98.2140742460188
57.3859601272897,150.551550266968,98.2116578833575
57.2165662578086,150.617624811971,98.2092415206963
57.0470979330669,150.683508159075,98.206825158035
56.8775553695659,150.749200226175,98.2044087953738
56.7079387839103,150.814700931408,98.2019924327125
56.5382483927786,150.88001019316,98.1995760700512
56.3684844129195,150.94512793007,98.1971597073899
56.1986470612024,151.010054061013,98.1947433447287
56.0287365545677,151.074788505114,98.1923269820674
55.8587531100589,151.13933118174,98.1899106194061
55.6886969447744,151.203682010515,98.1874942567449
55.5185682759144,151.267840911304,98.1850778940836
55.3483673207822,151.331807804213,98.1826615314223
55.1780942967507,151.395582609602,98.1802451687611
55.0077494212622,151.459165248081,98.1778288060998
54.8373329118929,151.52255564049,98.1754124434385
54.6668449862555,151.585753707936,98.1729960807773
54.49628586208,151.648759371758,98.170579718116
54.3256557571325,151.711572553561,98.1681633554547
54.1549548893436,151.77419317517,98.1657469927935
53.9841834766641,151.836621158678,98.1633306301322
53.8133417371275,151.898856426426,98.1609142674709
53.6424298888841,151.960898900992,98.1584979048097
53.4714481501661,152.0227485052,98.1560815421484
53.3003967392576,152.084405162135,98.1536651794871
53.1292758745562,152.145868795118,98.1512488168259
52.9580857745105,152.207139327727,98.1488324541646
52.7868266576988,152.268216683775,98.1464160915033
52.6154987427171,152.329100787341,98.1439997288421
52.4441022482909,152.389791562739,98.1415833661808
52.2726373932269,152.450288934529,98.1391670035195
52.1011043963808,152.510592827532,98.1367506408583
51.9295034767203,152.570703166804,98.134334278197
51.7578348532619,152.630619877664,98.1319179155357
51.5860987451339,152.690342885665,98.1295015528745
51.4142953715448,152.749872116611,98.1270851902132
51.2424249517337,152.80920749657,98.1246688275519
51.0704877050836,152.868348951838,98.1222524648907
50.8984838510079,152.927296408974,98.1198361022294
50.726413609031,152.986049794777,98.1174197395681
50.554277198723,153.044609036306,98.1150033769069
50.3820748397815,153.102974060853,98.1125870142456
50.209806751932,153.161144795973,98.1101706515843
50.0374731549777,153.219121169473,98.1077542889231
49.8650742688489,153.276903109391,98.1053379262618
49.6926103135188,153.334490544029,98.1029215636005
49.5200815090214,153.391883401939,98.1005052009393
49.3474880755004,153.449081611915,98.098088838278
49.1748302331582,153.506085103005,98.0956724756167
49.0021082022732,153.562893804508,98.0932561129555
48.8293222032162,153.619507645965,98.0908397502942
48.6564724563837,153.675926557185,98.0884233876329
48.4835591823286,153.7321504682,98.0860070249717
48.3105826015806,153.788179309323,98.0835906623104
48.1375429348424,153.844013011087,98.0811742996491
47.9644404028243,153.899651504295,98.0787579369879
47.7912752263277,153.955094719995,98.0763415743266
47.6180476262265,154.010342589487,98.0739252116653
47.4447578234687,154.065395044319,98.0715088490041
47.2714060390916,154.120252016286,98.0690924863428
47.0979924941877,154.174913437438,98.0666761236815
46.9245174099231,154.229379240077,98.0642597610203
46.7509810075187,154.28364935676,98.061843398359
46.5773835083171,154.337723720278,98.0594270356977
46.4037251336826,154.391602263691,98.0570106730365
46.2300061050835,154.445284920298,98.0545943103752
46.056226644027,154.498771623659,98.0521779477139
45.8823869721226,154.552062307576,98.0497615850527
45.7084873110348,154.605156906107,98.0473452223914
45.5345278824975,154.658055353561,98.0449288597301
45.3605089083148,154.710757584499,98.0425124970689
45.1864306103762,154.763263533727,98.0400961344076
45.0122932106083,154.815573136314,98.0376797717463
44.8380969310223,154.867686327574,98.0352634090851
44.6638419937316,154.919603043064,98.0328470464238
44.4895286208519,154.971323218612,98.0304306837625
44.3151570346323,155.022846790279,98.0280143211013
44.1407274573414,155.07417369439,98.02559795844
43.9662401113307,155.125303867519,98.0231815957787
43.7916952190355,155.176237246488,98.0207652331175
43.6170930029262,155.226973768378,98.0183488704562
43.4424336855712,155.277513370515,98.0159325077949
43.2677174896067,155.327855990475,98.0135161451337
43.0929446376844,155.378001566103,98.0110997824724
42.9181153525886,155.427950035475,98.0086834198111
42.7432298571188,155.477701336934,98.0062670571499
42.5682883741735,155.527255409068,98.0038506944886
42.393291126699,155.57661219072,98.0014343318273
42.2182383376898,155.62577162099,97.9990179691661
42.0431302302384,155.674733639224,97.9966016065048
41.8679670275011,155.723498185018,97.9941852438435
41.6927489526639,155.772065198232,97.9917688811823
41.5174762290113,155.820434618967,97.989352518521
41.3421490798559,155.868606387589,97.9869361558597
41.1667677286074,155.916580444706,97.9845197931985
40.9913323987219,155.964356731184,97.9821034305372
40.8158433137172,156.011935188142,97.9796870678759
40.640300697173,156.059315756954,97.9772707052147
40.4647047727482,156.106498379239,97.9748543425534
40.289055764129,156.15348299688,97.9724379798921
40.1133538950965,156.200269552007,97.9700216172309
39.9375993894765,156.246857987004,97.9676052545696
39.7617924711545,156.29324824451,97.9651888919083
39.5859333640773,156.339440267418,97.9627725292471
39.410022292251,156.385433998874,97.9603561665858
39.2340594797582,156.431229382273,97.9579398039245
39.058045150708,156.476826361273,97.9555234412633
38.8819795293021,156.522224879777,97.953107078602
38.7058628397839,156.567424881946,97.9506907159407
38.5296953064556,156.612426312195,97.9482743532795
38.3534771536946,156.657229115188,97.9458579906182
38.177208605886,156.701833235856,97.9434416279569
38.00088988754,156.746238619369,97.9410252652957
37.8245212231899,156.790445211157,97.9386089026344
37.6481028374267,156.834452956905,97.9361925399731
37.4716349548821,156.878261802557,97.9337761773119
37.2951178002933,156.921871694298,97.9313598146506
37.1185515984047,156.96528257858,97.9289434519893
36.9419365740499,157.008494402102,97.9265270893281
36.7652729520844,157.051507111824,97.9241107266668
36.5885609574361,157.094320654958,97.9216943640055
36.4118008151218,157.136934978962,97.9192780013443
36.2349927501456,157.179350031564,97.916861638683
36.0581369876337,157.221565760731,97.9144452760217
35.8812337527332,157.263582114694,97.9120289133605
35.7042832706107,157.305399041944,97.9096125506992
35.5272857665548,157.347016491215,97.9071961880379
35.3502414658897,157.388434411495,97.9047798253767
35.1731505939431,157.429652752043,97.9023634627154
34.9960133761459,157.470671462358,97.8999471000541
34.818830037964,157.5114904922,97.8975307373929
34.6416008049331,157.552109791581,97.8951143747316
34.4643259026072,157.592529310772,97.8926980120703
34.2870055566253,157.632749000296,97.8902816494091
34.1096399926608,157.672768810932,97.8878652867478
33.9322294364391,157.712588693715,97.8854489240865
33.7547741137355,157.752208599937,97.8830325614253
33.5772742503762,157.791628481144,97.880616198764
33.3997300722543,157.830848289133,97.8781998361027
33.2221418052795,157.869867975965,97.8757834734415
33.0445096754615,157.908687493946,97.8733671107802
32.8668339087918,157.947306795651,97.8709507481189
32.6891147313619,157.9857258339,97.8685343854577
32.511352369295,158.023944561772,97.8661180227964
32.3335470487795,158.0619629326,97.8637016601351
32.1556989960186,158.099780899979,97.8612852974739
31.9778084373139,158.137398417747,97.8588689348126
31.7998755989302,158.174815440019,97.8564525721513
31.6219007072813,158.212031921142,97.8540362094901
31.4438839887597,158.249047815735,97.8516198468288
31.2658256698391,158.285863078665,97.8492034841675
31.0877259769893,158.322477665065,97.8467871215063
30.9095851368097,158.358891530309,97.844370758845
30.7314033758618,158.395104630042,97.8419543961837
30.5531809208037,158.431116920155,97.8395380335225
30.3749179983208,158.466928356802,97.8371216708612
30.1966148351449,158.502538896388,97.8347053081999
30.0182716580685,158.537948495576,97.8322889455387
29.8398886938949,158.573157111288,97.8298725828774
29.6614661695058,158.608164700698,97.8274562202161
29.4830043118091,158.642971221241,97.8250398575549
29.3045033477567,158.677576630605,97.8226234948936
29.1259635043443,158.711980886737,97.8202071322323
28.9473850086094,158.746183947839,97.8177907695711
28.76876808765,158.780185772369,97.8153744069098
28.5901129685728,158.813986319046,97.8129580442485
28.4114198785594,158.84758554684,97.8105416815873
28.232689044818,158.880983414979,97.808125318926
28.0539206945961,158.914179882952,97.8057089562647
27.8751150551849,158.9471749105,97.8032925936035
27.6962723539315,158.979968457622,97.8008762309422
27.5173928181912,159.012560484577,97.7984598682809
27.3384766753921,159.044950951876,97.7960435056197
27.1595241529702,159.077139820293,97.7936271429584
26.9805354784507,159.109127050851,97.7912107802971
26.8015108793316,159.14091260484,97.7887944176359
26.6224505832337,159.172496443794,97.7863780549746
26.4433548177164,159.203878529521,97.7839616923133
26.2642238104611,159.235058824071,97.7815453296521
26.0850577891545,159.266037289758,97.7791289669908
25.9058569815215,159.296813889153,97.7767126043295
25.726621615324,159.327388585084,97.7742962416683
25.547351918362,159.357761340636,97.771879879007
25.3680481184892,159.38793211915,97.7694635163457
25.1887104435626,159.417900884229,97.7670471536845
25.0093391215096,159.447667599727,97.7646307910232
24.8299343802598,159.477232229762,97.7622144283619
24.6504964478302,159.506594738701,97.7597980657007
24.4710255522221,159.535755091178,97.7573817030394
24.2915219214895,159.564713252078,97.7549653403781
24.1119857837386,159.593469186546,97.7525489777169
23.9324173670756,159.622022859986,97.7501326150556
23.7528168996767,159.650374238056,97.7477162523943
23.5731846097341,159.678523286675,97.745299889733
23.3935207254749,159.706469972017,97.7428835270718
23.2138254751592,159.734214260517,97.7404671644105
23.0340990870979,159.761756118863,97.7380508017493
22.8543417896008,159.789095514007,97.735634439088
22.6745538110445,159.816232413154,97.7332180764267
22.4947353798214,159.843166783767,97.7308017137655
22.3148867243558,159.869898593569,97.7283853511042
22.1350080731041,159.896427810542,97.7259689884429
21.9550996545544,159.922754402923,97.7235526257817
21.7751616972429,159.948878339207,97.7211362631204
21.5951944297027,159.974799588151,97.7187199004591
21.41519808055,160.000518118761,97.7163035377979
21.2351728783614,160.026033900314,97.7138871751366
21.0551190518133,160.051346902333,97.7114708124753
20.8750368295431,160.07645709461,97.7090544498141
20.6949264402868,160.101364447185,97.7066380871528
20.5147881127744,160.12606893036,97.7042217244915
20.3346220757659,160.150570514698,97.7018053618303
20.1544285580329,160.17486917102,97.699388999169
19.9742077884259,160.198964870398,97.6969726365077
19.7939599957559,160.222857584174,97.6945562738465
19.61368540893,160.246547283936,97.6921399111852
19.4333842568488,160.270033941538,97.6897235485239
19.2530567684225,160.293317529092,97.6873071858627
19.0727031726229,160.316398018966,97.6848908232014
18.8923236984316,160.339275383786,97.6824744605401
18.7119185748562,160.36194959644,97.6800580978789
18.5314880309477,160.384420630068,97.6776417352176
18.3510322957485,160.406688458077,97.6752253725563
18.1705515983439,160.428753054126,97.672809009895
17.9900461678787,160.450614392133,97.6703926472338
17.8095162334537,160.472272446278,97.6679762845725
17.6289620242633,160.493727190996,97.6655599219113
17.4483837694578,160.514978600985,97.66314355925
17.2677816982965,160.536026651193,97.6607271965887
17.0871560399604,160.556871316839,97.6583108339275
16.9065070237566,160.577512573387,97.6558944712662
16.7258348789296,160.597950396572,97.6534781086049
16.5451398348155,160.618184762378,97.6510617459437
16.3644221207043,160.638215647055,97.6486453832824
16.1836819659771,160.658043027107,97.6462290206211
16.0029195999848,160.677666879298,97.6438126579599
15.8221352521529,160.697087180649,97.6413962952986
15.6413291518413,160.716303908446,97.6389799326373
15.4605015285345,160.735317040225,97.636563569976
15.2796526116691,160.754126553788,97.6341472073148
15.0987826307365,160.77273242719,97.6317308446535
14.9178918152147,160.79113463875,97.6293144819923
14.7369803946177,160.809333167044,97.626898119331
14.5560485984973,160.827327990905,97.6244817566697
14.3750966564073,160.845119089426,97.6220653940084
14.1941247979374,160.862706441958,97.6196490313472
14.0131332526448,160.880090028115,97.6172326686859
13.8321222501742,160.897269827765,97.6148163060247
13.6510920201367,160.914245821037,97.6123999433634
13.4700427922125,160.931017988317,97.6099835807021
13.2889747960318,160.947586310254,97.6075672180409
13.1078882612927,160.963950767753,97.6051508553796
12.9267834176933,160.980111341977,97.6027344927183
12.745660494966,160.99606801435,97.600318130057
12.5645197228252,161.011820766556,97.5979017673958
12.3833613310359,161.027369580534,97.5954854047345
12.2021855493613,161.042714438485,97.5930690420733
12.0209926075811,161.057855322868,97.590652679412
11.8397827354893,161.072792216404,97.5882363167507
11.6585561628958,161.087525102067,97.5858199540894
11.4773131196246,161.102053963097,97.5834035914282
11.2960538355489,161.116378782985,97.5809872287669
11.114778540487,161.130499545489,97.5785708661057
10.9334874643226,161.144416234622,97.5761545034444
10.7521808369362,161.158128834656,97.5737381407831
10.5708588882208,161.171637330123,97.5713217781219
10.3895218481003,161.184941705814,97.5689054154606
10.2081699464762,161.198041946779,97.5664890527993
10.0268034133149,161.210938038325,97.564072690138
9.84542247852525,161.223629966024,97.5616563274768
9.6640273720798,161.236117715701,97.5592399648155
9.48261832394552,161.248401273442,97.5568236021543
9.30119556411777,161.260480625594,97.554407239493
9.11975932256788,161.27235575876,97.5519908768317
8.93830982931276,161.284026659805,97.5495745141704
8.75684731436277,161.295493315852,97.5471581515092
8.57537200773772,161.306755714282,97.5447417888479
8.39388413946747,161.317813842736,97.5423254261867
8.21238393959077,161.328667689117,97.5399090635254
8.0308716381739,161.339317241581,97.5374927008641
7.84934746527364,161.349762488549,97.5350763382029
7.66781165093876,161.360003418698,97.5326599755416
7.48626442527792,161.370040020965,97.5302436128803
7.30470601833868,161.379872284546,97.527827250219
7.12313666024541,161.389500198897,97.5254108875578
6.9415565810783,161.398923753733,97.5229945248965
6.75996601095878,161.408142939025,97.5205781622352
6.57836517999819,161.417157745009,97.518161799574
6.39675431829694,161.425968162175,97.5157454369127
6.21513365601387,161.434574181275,97.5133290742514
6.0335034232616,161.442975793319,97.5109127115902
5.85186385017559,161.451172989576,97.5084963489289
5.67021516691421,161.459165761576,97.5060799862677
5.4885576036237,161.466954101106,97.5036636236064
5.30689139045507,161.474538000212,97.5012472609451
5.12521675754606,161.481917451203,97.4988308982838
4.94353393509111,161.489092446641,97.4964145356226
4.76184315325389,161.496062979353,97.4939981729613
4.58014464218386,161.502829042421,97.4915818103
4.39843863205222,161.509390629189,97.4891654476388
4.21672535306618,161.515747733258,97.4867490849775
4.03500503536801,161.521900348489,97.4843327223163
3.85327790917098,161.527848469003,97.481916359655
3.67154420463862,161.533592089179,97.4794999969937
3.48980415195384,161.539131203655,97.4770836343324
3.30805798131804,161.54446580733,97.4746672716712
3.1263059229345,161.549595895358,97.4722509090099
2.944548206955,161.554521463158,97.4698345463487
2.76278506358423,161.559242506403,97.4674181836874
2.5810167230101,161.563759021027,97.4650018210261
2.39924341543814,161.568071003224,97.4625854583648
2.21746537105535,161.572178449445,97.4601690957036
2.03568282003219,161.576081356403,97.4577527330423
1.85389599258978,161.579779721066,97.455336370381
1.67210511889649,161.583273540666,97.4529200077198
1.49031042911881,161.58656281269,97.4505036450585
1.30851215349108,161.589647534885,97.4480872823972
1.12671052215986,161.592527705259,97.445670919736
0.944905765303142,161.595203322076,97.4432545570747
0.763098113131681,161.597674383862,97.4408381944134
0.581287795801222,161.5999408894,97.4384218317522
0.399475043481937,161.602002837732,97.4360054690909
0.217660086340339,161.60386022816,97.4335891064297
0.0358431545567865,161.605513060244,97.4311727437684
-0.145975521709823,161.606961333805,97.4287563811071
-0.327795712304265,161.60820504892,97.4263400184458
-0.509617187093651,161.609244205926,97.4239236557846
-0.691439715898244,161.610078805421,97.4215072931233
-0.873263068577303,161.610708848259,97.419090930462
-1.05508701501358,161.611134335554,97.4166745678008
-1.23691132507745,161.61135526868,97.4142582051395
-1.41873576861139,161.611371649268,97.4118418424782
-1.60056011551585,161.611183479208,97.409425479817
-1.78238413569727,161.610790760651,97.4070091171557
-1.96420759900035,161.610193496005,97.4045927544944
-2.14603027538115,161.609391687936,97.4021763918332
-2.32785193469839,161.608385339372,97.3997600291719
-2.50967234690552,161.607174453496,97.3973436665106
-2.69149128191206,161.605759033752,97.3949273038494
-2.87330850963642,161.604139083843,97.3925109411881
-3.05512380003892,161.602314607729,97.3900945785268
-3.2369369230727,161.60028560963,97.3876782158656
-3.41874764868202,161.598052094025,97.3852618532043
-3.60055574683869,161.59561406565,97.382845490543
-3.78236098752375,161.592971529502,97.3804291278818
-3.96416314072797,161.590124490835,97.3780127652205
-4.14596197643617,161.587072955161,97.3755964025592
-4.32775726467735,161.583816928252,97.373180039898
-4.50954877547482,161.580356416139,97.3707636772367
-4.69133627884589,161.57669142511,97.3683473145754
-4.87311954481882,161.572821961713,97.3659309519142
-5.0548983434862,161.568748032753,97.3635145892529
-5.23667244488296,161.564469645295,97.3610982265916
-5.41844161909145,161.559986806662,97.3586818639304
-5.60020563622334,161.555299524434,97.3562655012691
-5.7819642663872,161.550407806452,97.3538491386078
-5.96371727966898,161.545311660813,97.3514327759466
-6.14546444622097,161.540011095875,97.3490164132853
-6.32720553619126,161.534506120252,97.346600050624
-6.50894031972539,161.528796742817,97.3441836879628
-6.69066856701748,161.522882972702,97.3417673253015
-6.87239004824222,161.516764819297,97.3393509626402
-7.0541045336065,161.51044229225,97.336934599979
-7.23581179333167,161.503915401467,97.3345182373177
-7.41751159765577,161.497184157113,97.3321018746564
-7.59920371681523,161.490248569611,97.3296855119952
-7.78088792107901,161.483108649642,97.3272691493339
-7.96256398075113,161.475764408145,97.3248527866726
-8.1442316661168,161.468215856318,97.3224364240114
-8.32589074749575,161.460463005615,97.3200200613501
-8.50754099520842,161.452505867751,97.3176036986888
-8.68918217962608,161.444344454696,97.3151873360276
-8.87081407112218,161.43597877868,97.3127709733663
-9.05243644005246,161.427408852192,97.310354610705
-9.23404905686087,161.418634687976,97.3079382480438
-9.41565169195847,161.409656299036,97.3055218853825
-9.59724411577541,161.400473698633,97.3031055227212
-9.77882609879471,161.391086900287,97.30068916006
-9.96039741150328,161.381495917774,97.2982727973987
-10.1419578243721,161.371700765131,97.2958564347374
-10.3235071079626,161.361701456647,97.2934400720762
-10.5050450328037,161.351498006876,97.2910237094149
-10.686571369446,161.341090430625,97.2886073467536
-10.8680858884954,161.33047874296,97.2861909840924
-11.0495883605446,161.319662959204,97.2837746214311
-11.2310785562427,161.308643094939,97.2813582587698
-11.4125562462262,161.297419166003,97.2789418961086
-11.5940212011708,161.285991188492,97.2765255334473
-11.7754731917576,161.274359178762,97.274109170786
-11.9569119887251,161.262523153424,97.2716928081248
-12.1383373628178,161.250483129344,97.2692764454635
-12.3197490847864,161.238239123651,97.2668600828022
-12.5011469254047,161.225791153731,97.264443720141
-12.6825306555225,161.21313923722,97.2620273574797
-12.8639000459625,161.200283392019,97.2596109948184
-13.0452548675716,161.187223636284,97.2571946321572
-13.2265948912386,161.173959988429,97.2547782694959
-13.4079198878953,161.160492467122,97.2523619068346
-13.5892296284637,161.146821091292,97.2499455441734
-13.7705238839094,161.132945880123,97.2475291815121
-13.9518024252235,161.118866853057,97.2451128188508
-14.1330650234061,161.104584029794,97.2426964561896
-14.314311449519,161.090097430287,97.2402800935283
-14.4955414746158,161.075407074753,97.237863730867
-14.6767548697942,161.060512983659,97.2354473682058
-14.8579514061807,161.045415177733,97.2330310055445
-15.0391308549276,161.030113677958,97.2306146428832
-15.2202929871995,161.014608505577,97.228198280222
-15.4014375742231,160.998899682084,97.2257819175607
-15.5825643872191,160.982987229236,97.2233655548994
-15.763673197455,160.966871169043,97.2209491922382
-15.9447637762269,160.950551523773,97.2185328295769
-16.1258358948603,160.934028315949,97.2161164669156
-16.3068893247105,160.917301568353,97.2137001042544
-16.4879238371457,160.900371304023,97.2112837415931
-16.668939203582,160.883237546254,97.2088673789318
-16.8499351954654,160.865900318596,97.2064510162706
-17.0309115842904,160.848359644854,97.2040346536093
-17.2118681415309,160.830615549094,97.201618290948
-17.3928046387268,160.812668055637,97.1992019282868
-17.5737208474842,160.794517189054,97.1967855656255
-17.7546165393549,160.776162974184,97.1943692029642
-17.9354914859922,160.757605436112,97.191952840303
-18.1163454590818,160.738844600183,97.1895364776417
-18.2971782302908,160.719880492,97.1871201149804
-18.477989571371,160.700713137418,97.1847037523192
-18.6587792540734,160.681342562553,97.1822873896579
-18.8395470502172,160.661768793772,97.1798710269966
-19.0202927316035,160.641991857703,97.1774546643354
-19.2010160701371,160.622011781224,97.1750383016741
-19.3817168376884,160.601828591476,97.1726219390128
-19.5623948062148,160.581442315848,97.1702055763516
-19.7430497476735,160.560852981992,97.1677892136903
-19.9236814340924,160.54006061781,97.165372851029
-20.1042896374835,160.519065251466,97.1629564883678
-20.2848741299629,160.497866911371,97.1605401257065
-20.4654346836154,160.476465626202,97.1581237630452
-20.6459710706131,160.454861424881,97.155707400384
-20.8264830631479,160.433054336592,97.1532910377227
-21.006970433415,160.411044390778,97.1508746750614
-21.1874329537156,160.388831617125,97.1484583124002
-21.3678703963198,160.366416045588,97.1460419497389
-21.5482825336046,160.343797706366,97.1436255870776
-21.7286691379163,160.320976629922,97.1412092244164
-21.9090299816752,160.297952846971,97.1387928617551
-22.0893648373562,160.27472638848,97.1363764990938
-22.269673477423,160.251297285678,97.1339601364326
-22.4499556744471,160.227665570039,97.1315437737713
-22.6302112009708,160.203831273304,97.12912741111
-22.8104398296287,160.179794427459,97.1267110484488
-22.9906413330608,160.155555064752,97.1242946857875
-23.1708154839821,160.131113217679,97.1218783231262
-23.3509620550968,160.106468918999,97.119461960465
-23.53108081922,160.081622201717,97.1170455978037
-23.7111715491382,160.0565730991,97.1146292351424
-23.8912340177152,160.031321644666,97.1122128724812
-24.0712679978904,160.005867872185,97.1097965098199
-24.2512732625601,159.98021181569,97.1073801471586
-24.4312495847315,159.954353509461,97.1049637844974
-24.611196737455,159.928292988031,97.1025474218361
-24.7911144937731,159.902030286196,97.1001310591748
-24.971002626805,159.875565439001,97.0977146965136
-25.1508609097319,159.848898481742,97.0952983338523
-25.3306891157441,159.822029449976,97.092881971191
-25.5104870180938,159.794958379509,97.0904656085298
-25.690254390077,159.767685306404,97.0880492458685
-25.8699910050358,159.740210266975,97.0856328832072
-26.0496966363395,159.712533297795,97.083216520546
-26.2293710574199,159.684654435688,97.0808001578847
-26.4090140417727,159.656573717728,97.0783837952234
-26.5886253629036,159.628291181248,97.0759674325622
-26.7682047943667,159.599806863837,97.0735510699009
-26.9477521098125,159.571120803327,97.0711347072396
-27.1272670828534,159.542233037818,97.0687183445784
-27.3067494872346,159.513143605651,97.0663019819171
-27.4861990967141,159.483852545424,97.0638856192558
-27.6656156850639,159.454359895996,97.0614692565946
-27.844999026155,159.424665696471,97.0590528939333
-28.0243488938899,159.394769986206,97.056636531272
-28.2036650622024,159.364672804818,97.0542201686108
-28.3829473051091,159.334374192168,97.0518038059495
-28.5621953966251,159.303874188383,97.0493874432882
-28.7414091108827,159.273172833828,97.046971080627
-28.9205882219957,159.242270169133,97.0445547179657
-29.0997325041797,159.211166235173,97.0421383553044
-29.2788417316824,159.179861073079,97.0397219926432
-29.4579156787861,159.148354724237,97.0373056299819
-29.6369541198404,159.116647230284,97.0348892673206
-29.8159568292288,159.084738633111,97.0324729046594
-29.9949235814382,159.052628974854,97.0300565419981
-30.1738541509551,159.02031829791,97.0276401793368
-30.3527483123018,158.987806644932,97.0252238166756
-30.53160584012,158.955094058812,97.0228074540143
-30.7104265090539,158.922180582704,97.020391091353
-30.8892100938165,158.889066260013,97.0179747286918
-31.0679563691751,158.855751134393,97.0155583660305
-31.2466651099322,158.822235249757,97.0131420033692
-31.4253360909787,158.788518650261,97.010725640708
-31.6039690872253,158.75460138032,97.0083092780467
-31.7825638736537,158.720483484598,97.0058929153854
-31.9611202253002,158.686165008012,97.0034765527242
-32.1396379172561,158.651645995728,97.0010601900629
-32.318116724651,158.616926493169,96.9986438274016
-32.4965564227028,158.582006546004,96.9962274647404
-32.6749567866522,158.546886200158,96.9938111020791
-32.853317591812,158.511565501806,96.9913947394178
-33.0316386135519,158.476044497374,96.9889783767566
-33.2099196272806,158.440323233541,96.9865620140953
-33.3881604084975,158.404401757233,96.984145651434
-33.5663607327254,158.368280115633,96.9817292887728
-33.7445203755783,158.331958356168,96.9793129261115
-33.9226391126764,158.295436526528,96.9768965634502
-34.1007167197661,158.258714674638,96.974480200789
-34.2787529725845,158.221792848689,96.9720638381277
-34.4567476469603,158.184671097117,96.9696474754664
-34.634700518798,158.147349468604,96.9672311128052
-34.8126113640276,158.109828012088,96.9648147501439
-34.9904799586551,158.072106776759,96.9623983874826
-35.1683060787458,158.034185812053,96.9599820248214
-35.3460895004256,157.996065167659,96.9575656621601
-35.5238299998457,157.957744893522,96.9551492994988
-35.7015273533029,157.919225039822,96.9527329368375
-35.8791813370532,157.880505657007,96.9503165741763
-36.0567917274807,157.841586795765,96.947900211515
-36.2343583010148,157.802468507035,96.9454838488538
-36.4118808341454,157.763150842007,96.9430674861925
-36.5893591034077,157.723633852125,96.9406511235312
-36.7667928854158,157.683917589077,96.93823476087
-36.9441819568633,157.644002104801,96.9358183982087
-37.1215260944557,157.603887451494,96.9334020355474
-37.2988250750117,157.563573681589,96.9309856728862
-37.4760786753963,157.523060847777,96.9285693102249
-37.6532866725221,157.482349003,96.9261529475636
-37.8304488433808,157.441438200445,96.9237365849024
-38.0075649650296,157.400328493548,96.9213202222411
-38.1846348145886,157.359019935998,96.9189038595798
-38.3616581692437,157.317512581729,96.9164874969185
-38.5386348062449,157.275806484925,96.9140711342573
-38.7155645028738,157.23390170003,96.911654771596
-38.892447036545,157.191798281717,96.9092384089348
-39.0692821846881,157.149496284923,96.9068220462735
-39.2460697248159,157.106995764827,96.9044056836122
-39.4228094344895,157.064296776864,96.901989320951
-39.5995010913716,157.021399376707,96.8995729582897
-39.7761444731568,156.978303620287,96.8971565956284
-39.9527393576417,156.935009563774,96.8947402329672
-40.1292855226385,156.891517263601,96.8923238703059
-40.3057827460786,156.847826776434,96.8899075076446
-40.4822308059435,156.803938159195,96.8874911449834
-40.6586294802669,156.759851469054,96.8850747823221
-40.8349785471675,156.715566763429,96.8826584196608
-41.0112777848493,156.67108409998,96.8802420569995
-41.187526971535,156.626403536627,96.8778256943383
-41.363725885584,156.581525131521,96.875409331677
-41.5398743053414,156.536448943083,96.8729929690158
-41.7159720093055,156.49117502996,96.8705766063545
-41.8920187760115,156.445703451055,96.8681602436932
-42.0680143840321,156.400034265527,96.865743881032
-42.2439586120764,156.354167532764,96.8633275183707
-42.4198512388583,156.308103312422,96.8609111557094
-42.5956920431965,156.261841664392,96.8584947930482
-42.7714808039973,156.215382648809,96.8560784303869
-42.9472173002063,156.168726326064,96.8536620677256
-43.1229013108567,156.121872756791,96.8512457050643
-43.2985326150546,156.07482200187,96.8488293424031
-43.4741109919793,156.027574122429,96.8464129797418
-43.649636220865,155.980129179845,96.8439966170805
-43.8251080810369,155.932487235739,96.8415802544193
-44.0005263519097,155.884648351974,96.839163891758
-44.1758908129384,155.836612590668,96.8367475290968
-44.3512012436521,155.788380014184,96.8343311664355
-44.526457423688,155.739950685125,96.8319148037742
-44.7016591327235,155.691324666347,96.8294984411129
-44.8768061505451,155.642502020944,96.8270820784517
-45.0518982569633,155.593482812269,96.8246657157904
-45.226935231932,155.544267103904,96.8222493531292
-45.4019168554128,155.494854959693,96.8198329904679
-45.5768429074937,155.445246443713,96.8174166278066
-45.7517131683059,155.395441620296,96.8150002651454
-45.9265274180894,155.345440554011,96.8125839024841
-46.101285437112,155.295243309685,96.8101675398228
-46.2759870057678,155.244849952376,96.8077511771615
-46.4506319045117,155.194260547394,96.8053348145003
-46.6252199138761,155.143475160293,96.802918451839
-46.7997508144544,155.092493856875,96.8005020891778
-46.974224386935,155.041316703186,96.7980857265165
-47.1486404120849,154.989943765514,96.7956693638552
-47.3229986707489,154.938375110392,96.7932530011939
-47.4972989438347,154.886610804604,96.7908366385327
-47.6715410123621,154.834650915167,96.7884202758714
-47.8457246573976,154.782495509354,96.7860039132102
-48.0198496601034,154.730144654676,96.7835875505489
-48.193915801722,154.67759841889,96.7811711878876
-48.3679228635762,154.624856869995,96.7787548252263
-48.5418706270694,154.571920076235,96.7763384625651
-48.7157588736684,154.518788106105,96.7739220999038
-48.8895873849393,154.465461028335,96.7715057372425
-49.0633559425279,154.411938911903,96.7690893745813
-49.2370643281623,154.358221826028,96.76667301192
-49.4107123236526,154.304309840172,96.7642566492588
-49.5842997108743,154.250203024048,96.7618402865975
-49.7578262718021,154.195901447607,96.7594239239362
-49.9312917885096,154.141405181036,96.7570075612749
-50.1046960431204,154.086714294776,96.7545911986137
-50.2780388178416,154.031828859515,96.7521748359524
-50.4513198950131,153.976748946162,96.7497584732912
-50.6245390569761,153.921474625901,96.7473421106299
-50.7976960862383,153.866005970129,96.7449257479686
-50.9707907653425,153.810343050503,96.7425093853073
-51.1438228769323,153.754485938915,96.7400930226461
-51.316792203736,153.698434707504,96.7376766599848
-51.489698528551,153.642189428652,96.7352602973235
-51.6625416342765,153.585750174981,96.7328439346623
-51.8353213039135,153.529117019349,96.730427572001
-52.0080373205163,153.472290034866,96.7280112093397
-52.1806894672418,153.41526929488,96.7255948466785
-52.3532775273167,153.358054872985,96.7231784840172
-52.5258012840878,153.300646843007,96.7207621213559
-52.6982605209558,153.243045279023,96.7183457586947
-52.8706550214414,153.185250255344,96.7159293960334
-53.0429845691036,153.127261846535,96.7135130333722
-53.2152489476547,153.069080127382,96.7110966707109
-53.3874479408142,153.01070517294,96.7086803080496
-53.5595813324867,152.952137058473,96.7062639453883
-53.7316489065684,152.893375859517,96.7038475827271
-53.9036504471256,152.834421651822,96.7014312200658
-54.075585738248,152.775274511402,96.6990148574045
-54.2474545641812,152.715934514489,96.6965984947433
-54.4192567091943,152.656401737578,96.694182132082
-54.590991957679,152.596676257393,96.6917657694207
-54.7626600941177,152.536758150898,96.6893494067595
-54.9342609030995,152.476647495292,96.6869330440982
-55.1057941692551,152.416344368033,96.6845166814369
-55.2772596773551,152.355848846798,96.6821003187757
-55.4486572122293,152.29516100952,96.6796839561144
-55.619986558831,152.234280934357,96.6772675934531
-55.7912475021734,152.17320869972,96.6748512307919
-55.9624398273774,152.111944384252,96.6724348681306
-56.1335633196403,152.050488066844,96.6700185054693
-56.304617764285,151.988839826614,96.6676021428081
-56.4756029467102,151.926999742922,96.6651857801468
-56.6465186523925,151.864967895378,96.6627694174855
-56.8173646669168,151.802744363822,96.6603530548243
-56.9881407759632,151.740329228334,96.657936692163
-57.1588467652885,151.677722569239,96.6555203295017
-57.3294824207765,151.614924467087,96.6531039668405
-57.5000475283895,151.551935002676,96.6506876041792
-57.6705418741514,151.488754257051,96.6482712415179
-57.8409652442308,151.42538231148,96.6458548788567
-58.0113174248907,151.361819247467,96.6434385161954
-58.1815982024415,151.298065146775,96.6410221535342
-58.3518073633219,151.234120091392,96.6386057908729
-58.5219446940819,151.169984163535,96.6361894282116
-58.6920099813367,151.105657445676,96.6337730655503
-58.8620030118139,151.041140020514,96.6313567028891
-59.0319235723213,150.976431970996,96.6289403402278
-59.2017714497968,150.91153338029,96.6265239775665
-59.3715464312431,150.846444331817,96.6241076149053
-59.5412483037929,150.781164909221,96.621691252244
-59.7108768546442,150.715695196396,96.6192748895827
-59.8804318710939,150.650035277475,96.6168585269215
-60.049913140569,150.584185236811,96.6144421642602
-60.2193204505794,150.518145159005,96.6120258015989
-60.3886535887015,150.451915128904,96.6096094389377
-60.5579123426756,150.385495231567,96.6071930762764
-60.7270965002931,150.31888555231,96.6047767136151
-60.896205849461,150.252086176676,96.6023603509539
-61.0652401781709,150.185097190454,96.5999439882926
-61.2341992745461,150.117918679654,96.5975276256313
-61.4030829267788,150.050550730534,96.5951112629701
-61.5718909231778,149.982993429586,96.5926949003088
-61.7406230521529,149.915246863531,96.5902785376475
-61.9092791022,149.847311119339,96.5878621749863
-62.0778588619475,149.779186284196,96.585445812325
-62.2463621201101,149.710872445536,96.5830294496637
-62.4147886654728,149.642369691037,96.5806130870025
-62.5831382869869,149.573678108586,96.5781967243412
-62.7514107736422,149.504797786335,96.5757803616799
-62.9196059145637,149.435728812654,96.5733639990187
-63.0877234990106,149.366471276136,96.5709476363574
-63.2557633162672,149.297025265642,96.5685312736961
-63.4237251557999,149.227390870234,96.5661149110349
-63.5916088071158,149.157568179234,96.5636985483736
-63.7594140598739,149.08755728218,96.5612821857123
-63.9271407038224,149.017358268849,96.5588658230511
-64.0947885287968,148.946971229261,96.5564494603898
-64.2623573247552,148.876396253662,96.5540330977285
-64.4298468817594,148.805633432531,96.5516167350673
-64.5972569899782,148.734682856582,96.549200372406
-64.7645874396688,148.663544616768,96.5467840097447
-64.9318380212271,148.592218804263,96.5443676470835
-65.0990085251395,148.520705510481,96.5419512844222
-65.2660987419663,148.449004827081,96.5395349217609
-65.4331084624231,148.377116845938,96.5371185590997
-65.6000374773161,148.305041659162,96.5347021964384
-65.7668855775434,148.232779359108,96.5322858337771
-65.933652554142,148.160330038345,96.5298694711159
-66.1003381982248,148.087693789692,96.5274531084546
-66.2669423010297,148.014870706191,96.5250367457933
-66.4334646539019,147.941860881117,96.5226203831321
-66.5999050482794,147.868664407986,96.5202040204708
-66.7662632757254,147.795281380536,96.5177876578095
-66.9325391279438,147.721711892724,96.5153712951483
-67.0987323966679,147.647956038775,96.512954932487
-67.2648428737897,147.574013913123,96.5105385698257
-67.4308703513411,147.499885610421,96.5081222071645
-67.5968146214173,147.425571225571,96.5057058445032
-67.7626754762084,147.351070853719,96.5032894818419
-67.928452708078,147.276384590208,96.5008731191807
-68.0941461094532,147.201512530637,96.4984567565194
-68.2597554728728,147.126454770835,96.4960403938581
-68.4252805910174,147.051211406846,96.4936240311969
-68.5907212566646,146.975782534954,96.4912076685356
-68.7560772626879,146.900168251679,96.4887913058743
-68.9213484020886,146.824368653764,96.4863749432131
-69.0865344679645,146.748383838191,96.4839585805518
-69.2516352535737,146.672213902149,96.4815422178905
-69.4166505522239,146.595858943086,96.4791258552293
-69.5815801573679,146.519319058666,96.476709492568
-69.7464238625872,146.442594346774,96.4742931299067
-69.9111814615303,146.365684905548,96.4718767672455
-70.0758527480224,146.288590833325,96.4694604045842
-70.24043751594,146.211312228701,96.4670440419229
-70.404935559305,146.133849190486,96.4646276792617
-70.5693466722707,146.056201817713,96.4622113166004
-70.733670649073,145.978370209657,96.4597949539391
-70.8979072840642,145.900354465822,96.4573785912779
-71.0620563717422,145.822154685926,96.4549622286166
-71.2261177067057,145.743770969924,96.4525458659553
-71.3900910836534,145.665203418004,96.4501295032941
-71.5539762974318,145.586452130571,96.4477131406328
-71.7177731429569,145.507517208276,96.4452967779715
-71.8814814153081,145.428398751979,96.4428804153103
-72.0451009096662,145.349096862773,96.440464052649
-72.2086314213143,145.269611641989,96.4380476899877
-72.3720727456676,145.189943191175,96.4356313273265
-72.5354246782755,145.110091612099,96.4332149646652
-72.698687014758,145.030057006781,96.4307986020039
-72.8618595509005,144.949839477444,96.4283822393427
-73.0249420825758,144.869439126552,96.4259658766814
-73.1879344058059,144.788856056783,96.4235495140201
-73.3508363167017,144.708090371055,96.4211331513589
-73.5136476115083,144.627142172506,96.4187167886976
-73.6763680865748,144.546011564507,96.4163004260363
-73.8389975384168,144.464698650633,96.4138840633751
-74.0015357635921,144.383203534723,96.4114677007138
-74.1639825588566,144.301526320803,96.4090513380525
-74.3263377210399,144.21966711315,96.4066349753913
-74.4886010471084,144.137626016257,96.40421861273
-74.650772334133,144.05540313485,96.4018022500687
-74.8128513793377,143.972998573867,96.3993858874075
-74.974837980037,143.890412438484,96.3969695247462
-75.1367319336823,143.807644834097,96.3945531620849
-75.2985330378623,143.724695866316,96.3921367994237
-75.4602410902421,143.641565641004,96.3897204367624
-75.6218558886401,143.558254264228,96.3873040741011
-75.7833772310127,143.474761842273,96.3848877114399
-75.944804915408,143.391088481667,96.3824713487786
-76.1061387400138,143.307234289152,96.3800549861173
-76.2673785031407,143.223199371693,96.3776386234561
-76.4285240032229,143.13898383648,96.3752222607948
-76.589575038804,143.054587790937,96.3728058981335
-76.7505314085663,142.9700113427,96.3703895354723
-76.9113929113323,142.885254599622,96.367973172811
-77.0721593460032,142.800317669805,96.3655568101497
-77.2328305116516,142.715200661547,96.3631404474885
-77.3934062074436,142.629903683389,96.3607240848272
-77.5538862327027,142.544426844074,96.3583077221659
-77.7142703868464,142.458770252588,96.3558913595047
-77.8745584694341,142.37293401813,96.3534749968434
-78.0347502801514,142.286918250121,96.3510586341821
-78.1948456188098,142.200723058206,96.3486422715209
-78.3548442853175,142.114348552266,96.3462259088596
-78.5147460797856,142.027794842365,96.3438095461983
-78.6745508023614,141.941062038838,96.3413931835371
-78.8342582533801,141.854150252208,96.3389768208758
-78.9938682332743,141.767059593236,96.3365604582145
-79.1533805426499,141.679790172882,96.3341440955533
-79.3127949821653,141.592342102364,96.331727732892
-79.4721113526833,141.504715493085,96.3293113702307
-79.6313294551342,141.416910456699,96.3268950075695
-79.7904490906386,141.328927105047,96.3244786449082
-79.9494700603846,141.240765550227,96.3220622822469
-80.108392165721,141.152425904538,96.3196459195857
-80.2672152081255,141.063908280501,96.3172295569244
-80.4259389892213,140.975212790848,96.3148131942631
-80.5845633107159,140.886339548557,96.3123968316019
-80.7430879744929,140.7972886668,96.3099804689406
-80.901512782551,140.708060258978,96.3075641062793
-81.0598375369898,140.618654438727,96.3051477436181
-81.2180620401005,140.52907131987,96.3027313809568
-81.3761860942601,140.439311016475,96.3003150182955
-81.5342095019773,140.349373642828,96.2978986556343
-81.6921320659225,140.259259313418,96.295482292973
-81.8499535888684,140.168968142969,96.2930659303117
-82.0076738737349,140.078500246416,96.2906495676505
-82.165292723589,139.987855738903,96.2882332049892
-82.3228099415867,139.897034735819,96.2858168423279
-82.4802253310606,139.806037352745,96.2834004796667
-82.6375386954469,139.714863705497,96.2809841170054
-82.7947498383315,139.623513910102,96.2785677543441
-82.9518585634322,139.531988082803,96.2761513916829
-83.1088646746169,139.440286340052,96.2737350290216
-83.2657679758427,139.348408798546,96.2713186663603
-83.4225682712307,139.25635557518,96.2689023036991
-83.5792653650521,139.164126787058,96.2664859410378
-83.7358590616678,139.071722551528,96.2640695783765
-83.8923491656338,138.97914298612,96.2616532157153
-84.0487354815819,138.886388208614,96.259236853054
-84.2050178143243,138.793458336981,96.2568204903927
-84.361195968779,138.700353489428,96.2544041277315
-84.5172697500301,138.607073784357,96.2519877650702
-84.6732389632534,138.513619340415,96.2495714024089
-84.8291034138063,138.419990276437,96.2471550397477
-84.9848629071674,138.326186711484,96.2447386770864
-85.1405172489531,138.232208764831,96.2423223144251
-85.296066244887,138.138056555988,96.2399059517639
-85.4515097008752,138.043730204651,96.2374895891026
-85.6068474229608,137.949229830734,96.2350732264413
-85.7620792172812,137.854555554391,96.2326568637801
-85.9172048901417,137.759707495972,96.2302405011188
-86.0722242480004,137.664685776035,96.2278241384575
-86.2271370974247,137.569490515369,96.2254077757963
-86.3819432451217,137.474121834977,96.222991413135
-86.5366424979808,137.37857985605,96.2205750504737
-86.6912346629728,137.282864700028,96.2181586878125
-86.8457195472518,137.186976488539,96.2157423251512
-87.0000969580682,137.090915343451,96.2133259624899
-87.154366702871,136.994681386809,96.2109095998287
-87.3085285891908,136.898274740907,96.2084932371674
-87.462582424743,136.801695528227,96.2060768745061
-87.6165280173547,136.704943871481,96.2036605118449
-87.7703651750228,136.608019893574,96.2012441491836
-87.9240937058423,136.510923717655,96.1988277865223
-88.077713418108,136.413655467044,96.1964114238611
-88.2312241201981,136.316215265313,96.1939950611998
-88.3846256206618,136.218603236228,96.1915786985385
-88.5379177282054,136.120819503757,96.1891623358773
-88.6911002516481,136.022864192097,96.186745973216
-88.8441729999669,135.92473742565,96.1843296105547
-88.9971357822821,135.826439329028,96.1819132478934
-89.1499884078416,135.727970027063,96.1794968852322
-89.3027306860518,135.62932964479,96.1770805225709
-89.4553624264776,135.530518307446,96.1746641599097
-89.607883438784,135.431536140505,96.1722477972484
-89.7602935328379,135.332383269616,96.1698314345871
-89.912592518578,135.233059820685,96.1674150719259
-90.0647802061755,135.133565919771,96.1649987092646
-90.2168564058581,135.033901693201,96.1625823466033
-90.3688209280722,134.934067267464,96.1601659839421
-90.5206735833506,134.834062769297,96.1577496212808
-90.6724141824157,134.733888325617,96.1553332586195
-90.824042536121,134.633544063562,96.1529168959583
-90.9755584554369,134.533030110498,96.150500533297
-91.1269617515376,134.432346593959,96.1480841706357
-91.2782522357013,134.331493641721,96.1456678079745
-91.429429719352,134.230471381767,96.1432514453132
-91.5804940140894,134.129279942268,96.1408350826519
-91.7314449316322,134.027919451624,96.1384187199907
-91.8822822838604,133.926390038435,96.1360023573294
-92.0330058828157,133.824691831496,96.1335859946681
-92.1836155406451,133.722824959843,96.1311696320069
-92.3341110696723,133.620789552697,96.1287532693456
-92.4844922823828,133.518585739479,96.1263369066843
-92.634758991383,133.416213649837,96.1239205440231
-92.7849110094416,133.313673413614,96.1215041813618
-92.9349481494763,133.210965160863,96.1190878187005
-93.0848702245545,133.108089021842,96.1166714560393
-93.2346770478644,133.005045127037,96.114255093378
-93.3843684327999,132.9018336071,96.1118387307167
-93.5339441928772,132.79845459291,96.1094223680554
-93.6834041417341,132.69490821557,96.1070060053942
-93.8327480931869,132.591194606372,96.1045896427329
-93.9819758612165,132.487313896802,96.1021732800717
-94.1310872599407,132.383266218562,96.0997569174104
-94.2800821035997,132.279051703581,96.0973405547491
-94.4289602066276,132.174670483962,96.0949241920879
-94.5777213835955,132.070122692022,96.0925078294266
-94.7263654492266,131.965408460285,96.0900914667653
-94.8748922183812,131.86052792149,96.0876751041041
-95.0233015060867,131.755481208569,96.0852587414428
-95.1715931275224,131.650268454659,96.0828423787815
-95.3197668980196,131.544889793103,96.0804260161203
-95.4678226330495,131.439345357456,96.078009653459
-95.6157601482633,131.333635281457,96.0755932907977
-95.7635792594381,131.22775969907,96.0731769281365
-95.9112797825044,131.121718744462,96.0707605654752
-96.0588615335881,131.015512551974,96.0683442028139
-96.2063243289127,130.909141256189,96.0659278401527
-96.353667984899,130.802604991864,96.0635114774914
-96.5008923180929,130.695903893978,96.0610951148301
-96.6479971452098,130.589038097704,96.0586787521688
-96.7949822831052,130.482007738428,96.0562623895076
-96.9418475488319,130.374812951704,96.0538460268463
-97.0885927595421,130.267453873335,96.0514296641851
-97.2352177325711,130.1599306393,96.0490133015238
-97.3817222854106,130.052243385783,96.0465969388625
-97.5281062357074,129.944392249168,96.0441805762013
-97.6743694012646,129.836377366043,96.04176421354
-97.820511600028,129.728198873204,96.0393478508787
-97.9665326501279,129.619856907629,96.0369314882174
-98.1124323698232,129.511351606519,96.0345151255562
-98.2582105775298,129.402683107274,96.0320987628949
-98.403867091849,129.293851547475,96.0296824002337
-98.5494017315252,129.184857064911,96.0272660375724
-98.6948143154609,129.075699797575,96.0248496749111
-98.8401046626887,128.966379883679,96.0224333122498
-98.9852725924543,128.856897461592,96.0200169495886
-99.130317924107,128.747252669927,96.0176005869273
-99.2752404771819,128.637445647472,96.0151842242661
-99.4200400714003,128.527476533198,96.0127678616048
-99.5647165265741,128.417345466323,96.0103514989435
-99.7092696627291,128.307052586224,96.0079351362823
-99.8536993000369,128.196598032488,96.005518773621
-99.9980052588285,128.085981944898,96.0031024109597
-100.142187359595,127.975204463439,96.0006860482984
-100.28624542296,127.864265728311,95.9982696856372
-100.430179269763,127.753165879874,95.9958533229759
-100.573988720948,127.641905058724,95.9934369603147
-100.717673597661,127.530483405626,95.9910205976534
-100.861233721183,127.418901061562,95.9886042349921
-101.004668912981,127.30715816769,95.9861878723308
-101.147978994658,127.195254865388,95.9837715096696
-101.291163787992,127.083191296218,95.9813551470083
-101.43422311491,126.970967601951,95.9789387843471
-101.577156797524,126.858583924532,95.9765224216858
-101.7199646581,126.746040406113,95.9741060590245
-101.862646519038,126.633337189065,95.9716896963633
-102.005202202938,126.52047441592,95.969273333702
-102.147631532553,126.407452229421,95.9668569710407
-102.289934330798,126.294270772501,95.9644406083794
-102.432110420736,126.180930188303,95.9620242457182
-102.574159625611,126.067430620154,95.9596078830569
-102.716081768828,125.953772211574,95.9571915203956
-102.857876673955,125.83995510628,95.9547751577344
-102.999544164713,125.725979448193,95.9523587950731
-103.141084065013,125.611845381408,95.9499424324118
-103.282496198905,125.497553050234,95.9475260697506
-103.423780390614,125.383102599165,95.9451097070893
-103.564936464535,125.268494172889,95.9426933444281
-103.70596424521,125.153727916296,95.9402769817668
-103.846863557377,125.038803974451,95.9378606191055
-103.98763422591,124.923722492631,95.9354442564442
-104.128276075864,124.808483616299,95.933027893783
-104.268788932459,124.693087491106,95.9306115311217
-104.409172621069,124.577534262911,95.9281951684604
-104.549426967261,124.461824077742,95.9257788057992
-104.689551796741,124.34595708184,95.9233624431379
-104.829546935409,124.229933421618,95.9209460804767
-104.969412209293,124.113753243713,95.9185297178154
-105.109147444615,123.997416694932,95.9161133551541
-105.248752467789,123.880923922251,95.9136969924928
-105.388227105333,123.764275072894,95.9112806298316
-105.527571183997,123.64747029422,95.9088642671703
-105.666784530649,123.530509733822,95.9064479045091
-105.805866972375,123.413393539441,95.9040315418478
-105.944818336367,123.296121859064,95.9016151791865
-106.083638450048,123.178694840813,95.8991988165252
-106.222327140973,123.061112633032,95.896782453864
-106.36088423688,122.943375384245,95.8943660912027
-106.499309565673,122.825483243167,95.8919497285414
-106.637602955417,122.707436358712,95.8895333658802
-106.775764234369,122.589234879962,95.8871170032189
-106.913793230933,122.470878956209,95.8847006405576
-107.051689773694,122.352368736924,95.8822842778964
-107.189453691395,122.233704371781,95.8798679152351
-107.327084812978,122.114886010614,95.8774515525738
-107.464582967526,121.995913803473,95.8750351899126
-107.601947984322,121.876787900571,95.8726188272513
-107.73917969278,121.757508452345,95.8702024645901
-107.876277922537,121.638075609372,95.8677861019288
-108.013242503352,121.518489522465,95.8653697392675
-108.15007326518,121.398750342599,95.8629533766062
-108.286770038148,121.278858220938,95.860537013945
-108.423332652569,121.158813308822,95.8581206512837
-108.559760938889,121.038615757809,95.8557042886224
-108.696054727766,120.918265719614,95.8532879259612
-108.832213850005,120.797763346158,95.8508715632999
-108.968238136611,120.677108789526,95.8484552006386
-109.104127418721,120.556302202024,95.8460388379774
-109.239881527687,120.435343736109,95.8436224753161
-109.37550029502,120.314233544437,95.8412061126548
-109.510983552406,120.192971779845,95.8387897499936
-109.646331131678,120.071558595384,95.8363733873323
-109.781542864896,119.94999414424,95.833957024671
-109.916618584244,119.828278579831,95.8315406620098
-110.051558122117,119.706412055725,95.8291242993485
-110.186361311074,119.584394725687,95.8267079366872
-110.321027983835,119.462226743677,95.824291574026
-110.455557973309,119.339908263826,95.8218752113647
-110.589951112567,119.217439440465,95.8194588487034
-110.724207234896,119.094820428068,95.8170424860422
-110.858326173704,118.972051381343,95.8146261233809
-110.992307762606,118.849132455157,95.8122097607196
-111.126151835388,118.72606380456,95.8097933980584
-111.259858226016,118.602845584783,95.8073770353971
-111.393426768632,118.479477951244,95.8049606727358
-111.526857297542,118.355961059551,95.8025443100746
-111.660149647254,118.232295065473,95.8001279474133
-111.793303652417,118.108480124995,95.797711584752
-111.926319147905,117.984516394237,95.7952952220908
-112.059195968723,117.86040402955,95.7928788594295
-112.19193395009,117.736143187427,95.7904624967682
-112.324532927376,117.61173402457,95.788046134107
-112.456992736146,117.487176697847,95.7856297714457
-112.589313212153,117.362471364297,95.7832134087844
-112.721494191279,117.237618181186,95.7807970461232
-112.853535509662,117.112617305889,95.7783806834619
-112.985437003541,116.987468896034,95.7759643208006
-113.1171985094,116.862173109368,95.7735479581394
-113.248819863863,116.736730103854,95.7711315954781
-113.380300903733,116.611140037635,95.7687152328168
-113.511641466021,116.485403069008,95.7662988701556
-113.642841387903,116.359519356464,95.7638825074943
-113.77390050671,116.233489058694,95.761466144833
-113.904818660006,116.107312334522,95.7590497821718
-114.035595685483,115.980989342996,95.7566334195105
-114.16623142104,115.854520243322,95.7542170568492
-114.296725704784,115.727905194856,95.751800694188
-114.427078374937,115.601144357195,95.7493843315267
-114.557289269955,115.474237890065,95.7469679688654
-114.687358228462,115.347185953381,95.7445516062042
-114.817285089253,115.219988707247,95.7421352435429
-114.947069691328,115.092646311922,95.7397188808816
-115.076711873846,114.965158927863,95.7373025182204
-115.206211476158,114.837526715694,95.7348861555591
-115.335568337802,114.709749836215,95.7324697928978
-115.464782298484,114.581828450414,95.7300534302366
-115.593853198117,114.45376271943,95.7276370675753
-115.722780876772,114.325552804605,95.725220704914
-115.85156517472,114.19719886744,95.7228043422528
-115.980205932411,114.068701069616,95.7203879795915
-116.108702990468,113.940059572998,95.7179716169302
-116.237056189711,113.811274539616,95.715555254269
-116.365265371155,113.682346131662,95.7131388916077
-116.493330375976,113.553274511526,95.7107225289464
-116.621251045534,113.424059841774,95.7083061662852
-116.749027221411,113.294702285107,95.7058898036239
-116.876658745312,113.165202004465,95.7034734409626
-117.004145459189,113.035559162897,95.7010570783014
-117.131487205129,112.905773923676,95.6986407156401
-117.258683825455,112.7758464502,95.6962243529788
-117.385735162626,112.645776906087,95.6938079903176
-117.512641059323,112.515565455093,95.6913916276563
-117.639401358378,112.385212261183,95.688975264995
-117.766015902856,112.254717488445,95.6865589023338
-117.892484535974,112.124081301176,95.6841425396725
-118.018807101133,111.993303863846,95.6817261770112
-118.144983441936,111.862385341085,95.67930981435
-118.271013402183,111.731325897679,95.6768934516887
-118.396896825825,111.600125698626,95.6744770890274
-118.522633557049,111.468784909044,95.6720607263662
-118.648223440182,111.337303694272,95.6696443637049
-118.773666319773,111.205682219783,95.6672280010436
-118.898962040537,111.073920651243,95.6648116383824
-119.024110447377,110.942019154493,95.6623952757211
-119.149111385417,110.809977895501,95.6599789130598
-119.273964699926,110.67779704046,95.6575625503986
-119.398670236383,110.545476755705,95.6551461877373
-119.523227840468,110.413017207727,95.652729825076
-119.647637358026,110.280418563214,95.6503134624148
-119.771898635105,110.147680989009,95.6478970997535
-119.896011517927,110.014804652136,95.6454807370922
-120.019975852931,109.881789719763,95.643064374431
-120.143791486708,109.748636359266,95.6406480117697
-120.267458266087,109.615344738134,95.6382316491084
-120.390976038051,109.481915024067,95.6358152864472
-120.514344649775,109.348347384929,95.6333989237859
-120.637563948645,109.214641988729,95.6309825611246
-120.760633782216,109.080799003667,95.6285661984634
-120.883553998247,108.946818598097,95.6261498358021
-121.006324444674,108.812700940554,95.6237334731408
-121.128944969661,108.678446199701,95.6213171104796
-121.251415421502,108.54405454443,95.6189007478183
-121.373735648745,108.409526143737,95.616484385157
-121.495905500092,108.274861166822,95.6140680224958
-121.617924824449,108.140059783036,95.6116516598345
-121.739793470904,108.005122161913,95.6092352971732
-121.861511288758,107.870048473121,95.606818934512
-121.983078127483,107.734838886522,95.6044025718507
-122.104493836755,107.59949357213,95.6019862091894
-122.225758266443,107.464012700124,95.5995698465282
-122.346871266596,107.328396440858,95.5971534838669
-122.467832687481,107.192644964827,95.5947371212056
-122.588642379534,107.056758442714,95.5923207585444
-122.709300193398,106.920737045355,95.5899043958831
-122.829805979908,106.784580943747,95.5874880332218
-122.950159590092,106.648290309053,95.5850716705606
-123.070360875152,106.511865312622,95.5826553078993
-123.190409686527,106.375306125917,95.580238945238
-123.310305875819,106.238612920601,95.5778225825768
-123.430049294833,106.101785868486,95.5754062199155
-123.549639795561,105.964825141561,95.5729898572542
-123.669077230208,105.82773091195,95.570573494593
-123.788361451157,105.690503351965,95.5681571319317
-123.907492310992,105.553142634066,95.5657407692704
-124.026469662497,105.415648930876,95.5633244066092
-124.145293358637,105.278022415189,95.5609080439479
-124.263963252598,105.140263259937,95.5584916812866
-124.382479197738,105.002371638238,95.5560753186254
-124.500841047623,104.864347723355,95.5536589559641
-124.619048656014,104.726191688716,95.5512425933028
-124.73710187686,104.587903707918,95.5488262306416
-124.855000564327,104.449483954692,95.5464098679803
-124.972744572755,104.310932602957,95.543993505319
-125.090333756683,104.17224982679,95.5415771426578
-125.20776797088,104.033435800388,95.5391607799965
-125.325047070266,103.894490698158,95.5367444173352
-125.442170909994,103.755414694628,95.534328054674
-125.559139345382,103.616207964525,95.5319116920127
-125.675952231987,103.476870682677,95.5294953293514
-125.792609425524,103.337403024128,95.5270789666902
-125.909110781936,103.197805164037,95.5246626040289
-126.025456157355,103.058077277734,95.5222462413676
-126.141645408088,102.918219540734,95.5198298787064
-126.257678390688,102.778232128655,95.5174135160451
-126.373554961859,102.638115217326,95.5149971533838
-126.48927497854,102.497868982692,95.5125807907226
-126.604838297846,102.357493600881,95.5101644280613
-126.720244777102,102.216989248164,95.5077480654
-126.835494273833,102.076356100968,95.5053317027388
-126.950586645765,101.935594335875,95.5029153400775
-127.065521750812,101.794704129638,95.5004989774162
-127.180299447108,101.653685659136,95.498082614755
-127.294919592969,101.512539101432,95.4956662520937
-127.409382046921,101.371264633728,95.4932498894324
-127.523686667688,101.229862433382,95.4908335267712
-127.637833314188,101.088332677921,95.4884171641099
-127.751821845549,100.94667554501,95.4860008014486
-127.86565212111,100.804891212456,95.4835844387874
-127.97932400038,100.662979858261,95.4811680761261
-128.092837343101,100.520941660539,95.4787517134648
-128.206192009207,100.378776797569,95.4763353508036
-128.319387858822,100.236485447799,95.4739189881423
-128.432424752283,100.094067789815,95.471502625481
-128.545302550129,99.9515240023559,95.4690862628198
-128.65802111309,99.8088542643273,95.4666699001585
-128.770580302133,99.6660587547444,95.4642535374972
-128.88297997837,99.5231376528436,95.461837174836
-128.995220003173,99.3800911379437,95.4594208121747
-129.107300238072,99.2369193895702,95.4570044495134
-129.219220544832,99.093622587359,95.4545880868522
-129.330980785413,98.9502009111098,95.4521717241909
-129.442580821954,98.8066545408008,95.4497553615296
-129.554020516842,98.662983656506,95.4473389988684
-129.665299732635,98.5191884384901,95.4449226362071
-129.776418332096,98.3752690671688,95.4425062735458
-129.887376178212,98.2312257230787,95.4400899108846
-129.998173134153,98.0870585869351,95.4376735482233
-130.108809063305,97.9427678395872,95.435257185562
-130.219283829258,97.7983536620346,95.4328408229008
-130.329597295807,97.6538162354246,95.4304244602395
-130.43974932694,97.509155741068,95.4280080975782
-130.549739786863,97.3643723604092,95.425591734917
-130.659568539984,97.2194662750411,95.4231753722557
-130.769235450919,97.0744376667048,95.4207590095944
-130.878740384489,96.9292867172882,95.4183426469332
-130.988083205709,96.7840136088415,95.4159262842719
-131.097263779811,96.6386185235475,95.4135099216106
-131.206281972244,96.4931016437225,95.4110935589494
-131.31513764863,96.3474631518711,95.4086771962881
-131.423830674821,96.2017032306165,95.4062608336268
-131.532360916882,96.0558220627138,95.4038444709656
-131.640728241079,95.909819831079,95.4014281083043
-131.748932513859,95.7636967188011,95.399011745643
-131.856973601911,95.6174529090731,95.3965953829818
-131.964851372109,95.4710885852611,95.3941790203205
-132.072565691553,95.3246039308481,95.3917626576592
-132.180116427532,95.1779991294903,95.3893462949979
-132.287503447554,95.0312743649742,95.3869299323367
-132.39472661933,94.884429821231,95.3845135696754
-132.501785810784,94.737465682336,95.3820972070142
-132.608680890025,94.5903821325364,95.3796808443529
-132.71541172541,94.4431793561665,95.3772644816916
-132.821978185477,94.2958575377466,95.3748481190304
-132.928380138969,94.1484168619404,95.3724317563691
-133.03461745486,94.0008575135256,95.3700153937078
-133.140690002312,93.853179677452,95.3675990310466
-133.246597650717,93.7053835387823,95.3651826683853
-133.352340269643,93.5574692827652,95.362766305724
-133.457917728901,93.4094370947479,95.3603499430628
-133.563329898489,93.261287160248,95.3579335804015
-133.668576648635,93.1130196648965,95.3555172177402
-133.773657849757,92.9646347944939,95.3531008550789
-133.878573372484,92.8161327349817,95.3506844924177
-133.983323087682,92.6675136723999,95.3482681297564
-134.087906866381,92.5187777929999,95.3458517670952
-134.192324579867,92.3699252831021,95.3434354044339
-134.296576099609,92.2209563292101,95.3410190417726
-134.400661297297,92.0718711179532,95.3386026791114
-134.504580044831,91.9226698360996,95.3361863164501
-134.608332214312,91.7733526705721,95.3337699537888
-134.711917678061,91.6239198084179,95.3313535911276
-134.815336308612,91.4743714368228,95.3289372284663
-134.918587978709,91.3247077431119,95.326520865805
-135.021672561308,91.174928914748,95.3241045031438
-135.124589929567,91.0250351393474,95.3216881404825
-135.227339956865,90.8750266046493,95.3192717778212
-135.329922516794,90.7249034985304,95.3168554151599
-135.432337483156,90.5746660090057,95.3144390524987
-135.534584729967,90.4243143242262,95.3120226898374
-135.636664131437,90.2738486325103,95.3096063271762
-135.738575562034,90.1232691222397,95.3071899645149
-135.840318896373,89.9725759820341,95.3047736018536
-135.941894009349,89.8217694005484,95.3023572391924
-136.043300776022,89.670849566646,95.2999408765311
-136.144539071692,89.519816669282,95.2975245138698
-136.245608771857,89.3686708975767,95.2951081512086
-136.346509752225,89.2174124407855,95.2926917885473
-136.447241888747,89.066041488255,95.290275425886
-136.54780505755,88.9145582295253,95.2878590632247
-136.648199134994,88.7629628542411,95.2854427005635
-136.748423997653,88.6112555521825,95.2830263379022
-136.848479522315,88.459436513263,95.2806099752409
-136.948365585972,88.3075059275447,95.2781936125797
-137.048082065859,88.1554639851793,95.2757772499184
-137.14762883938,88.0033108765254,95.2733608872572
-137.247005784199,87.8510467920011,95.2709445245959
-137.346212778157,87.6986719222161,95.2685281619346
-137.445249699341,87.5461864578688,95.2661117992733
-137.54411642604,87.3935905898046,95.2636954366121
-137.642812836741,87.2408845090304,95.2612790739508
-137.741338810185,87.0880684066267,95.2588627112896
-137.839694225291,86.9351424738632,95.2564463486283
-137.937878961219,86.7821069020984,95.254029985967
-138.035892897338,86.6289618828355,95.2516136233058
-138.133735913215,86.4757076077388,95.2491972606445
-138.231407888667,86.3223442685438,95.2467808979832
-138.328908703694,86.1688720571762,95.2443645353219
-138.426238238538,86.0152911656463,95.2419481726607
-138.523396373638,85.8616017861254,95.2395318099994
-138.620382989672,85.7078041108837,95.2371154473382
-138.717197967502,85.5538983323658,95.2346990846769
-138.813841188239,85.3998846431011,95.2322827220156
-138.910312533199,85.2457632357627,95.2298663593543
-139.006611883899,85.091534303182,95.2274499966931
-139.102739122118,84.9371980382447,95.2250336340318
-139.198694129788,84.7827546340685,95.2226172713706
-139.294476789123,84.6282042837956,95.2202009087093
-139.390086982511,84.4735471807694,95.217784546048
-139.485524592572,84.3187835184317,95.2153681833867
-139.580789502148,84.1639134903517,95.2129518207255
-139.675881594298,84.0089372902249,95.2105354580642
-139.770800752297,83.8538551118737,95.2081190954029
-139.865546859634,83.6986671492624,95.2057027327417
-139.96011980003,83.5433735964514,95.2032863700804
-140.0545194574,83.3879746476717,95.2008700074192
-140.148745715914,83.2324704972201,95.1984536447579
-140.242798459916,83.0768613395947,95.1960372820966
-140.336677574021,82.9211473693277,95.1936209194353
-140.430382943013,82.7653287811674,95.1912045567741
-140.523914451927,82.609405769926,95.1887881941128
-140.617271986012,82.4533785305559,95.1863718314516
-140.710455430736,82.2972472581329,95.1839554687903
-140.803464671776,82.1410121478727,95.181539106129
-140.896299595039,81.9846733950992,95.1791227434678
-140.988960086654,81.8282311952601,95.1767063808065
-141.081446032966,81.671685743926,95.1742900181452
-141.173757320535,81.5150372368063,95.1718736554839
-141.265893836157,81.3582858697021,95.1694572928227
-141.357855466824,81.201431838583,95.1670409301614
-141.449642099783,81.0444753394802,95.1646245675001
-141.541253622465,80.8874165686069,95.1622082048389
-141.632689922552,80.7302557222537,95.1597918421776
-141.723950887925,80.5729929968623,95.1573754795163
-141.815036406691,80.4156285889955,95.1549591168551
-141.9059463672,80.2581626952925,95.1525427541938
-141.996680657993,80.1005955125731,95.1501263915326
-142.087239167854,79.9429272377326,95.1477100288713
-142.177621785776,79.7851580678162,95.14529366621
-142.267828400979,79.627288199975,95.1428773035487
-142.357858902907,79.469317831479,95.1404609408875
-142.447713181216,79.3112471597336,95.1380445782262
-142.537391125795,79.1530763822473,95.1356282155649
-142.626892626762,78.9948056966335,95.1332118529037
-142.716217574441,78.8364353006541,95.1307954902424
-142.805365859379,78.6779653921898,95.1283791275811
-142.894337372361,78.5193961692087,95.1259627649199
-142.983132004381,78.3607278298279,95.1235464022586
-143.071749646661,78.201960572267,95.1211300395973
-143.16019019065,78.0430945948624,95.1187136769361
-143.248453528017,77.8841300960686,95.1162973142748
-143.336539550647,77.7250672744718,95.1138809516135
-143.424448150665,77.5659063287449,95.1114645889523
-143.512179220404,77.4066474577072,95.109048226291
-143.59973265242,77.2472908602947,95.1066318636297
-143.687108339509,77.0878367355288,95.1042155009685
-143.774306174675,76.9282852825772,95.1017991383072
-143.861326051162,76.768636700692,95.0993827756459
-143.948167862415,76.6088911892874,95.0969664129847
-144.034831502135,76.4490489478304,95.0945500503234
-144.121316864207,76.2891101759798,95.0921336876621
-144.207623842789,76.1290750734167,95.0897173250009
-144.293752332215,75.9689438400287,95.0873009623396
-144.379702227077,75.8087166757559,95.0848845996783
-144.465473422183,75.6483937806671,95.0824682370171
-144.551065812567,75.4879753549451,95.0800518743558
-144.636479293471,75.3274615989161,95.0776355116946
-144.721713760396,75.1668527129581,95.0752191490333
-144.806769109043,75.0061488976079,95.072802786372
-144.891645235339,74.8453503535148,95.0703864237107
-144.976342035452,74.6844572814093,95.0679700610495
-145.060859405761,74.5234698821643,95.0655536983882
-145.145197242879,74.36238835675,95.0631373357269
-145.229355443644,74.2012129062467,95.0607209730657
-145.31333390512,74.0399437318473,95.0583046104044
-145.397132524591,73.8785810348695,95.0558882477431
-145.480751199574,73.7171250167276,95.0534718850819
-145.564189827804,73.5555758789611,95.0510555224206
-145.647448307267,73.3939338231727,95.0486391597593
-145.730526536154,73.2321990511223,95.0462227970981
-145.813424412871,73.0703717646952,95.0438064344368
-145.896141836087,72.9084521658225,95.0413900717755
-145.978678704662,72.746440456608,95.0389737091143
-146.061034917718,72.5843368392017,95.036557346453
-146.143210374564,72.4221415159397,95.0341409837917
-146.225204974775,72.2598546891888,95.0317246211305
-146.30701861814,72.0974765614554,95.0293082584692
-146.388651204648,71.9350073354003,95.0268918958079
-146.470102634568,71.7724472136977,95.0244755331467
-146.551372808354,71.6097963992077,95.0220591704854
-146.632461626704,71.4470550948667,95.0196428078241
-146.713368990547,71.2842235037167,95.0172264451629
-146.794094801036,71.1213018289075,95.0148100825016
-146.874638959555,70.958290273694,95.0123937198403
-146.955001367701,70.7951890414697,95.0099773571791
-147.03518192733,70.63199833567,95.0075609945178
-147.115180540502,70.4687183598839,95.0051446318565
-147.194997109517,70.3053493177891,95.0027282691953
-147.274631536892,70.1418914131847,95.000311906534
-147.354083725384,69.9783448499581,94.9978955438727
-147.433353577985,69.8147098320864,94.9954791812115
-147.512440997894,69.6509865636974,94.9930628185502
-147.591345888563,69.4871752489755,94.9906464558889
-147.670068153655,69.3232760922412,94.9882300932277
-147.748607697083,69.1592892978858,94.9858137305664
-147.826964422961,68.9952150704523,94.9833973679051
-147.905138235668,68.8310536145225,94.9809810052439
-147.983129039779,68.6668051348448,94.9785646425826
-148.060936740117,68.5024698362377,94.9761482799213
-148.138561241741,68.3380479236063,94.9737319172601
-148.216002449918,68.1735396020057,94.9713155545988
-148.293260270168,68.008945076544,94.9688991919375
-148.370334608232,67.8442645524477,94.9664828292763
-148.447225370078,67.6794982350593,94.964066466615
-148.523932461909,67.5146463298066,94.9616501039537
-148.600455790159,67.3497090422185,94.9592337412925
-148.676795261487,67.1846865779395,94.9568173786312
-148.752950782796,67.0195791426824,94.9544010159699
-148.828922261206,66.8543869422922,94.9519846533087
-148.904709604076,66.689110182697,94.9495682906474
-148.980312719003,66.5237490699084,94.9471519279861
-149.055731513786,66.3583038101006,94.9447355653249
-149.130965896491,66.1927746094677,94.9423192026636
-149.206015775398,66.027161674349,94.9399028400023
-149.28088105902,65.8614652111667,94.9374864773411
-149.355561656105,65.6956854264409,94.9350701146798
-149.430057475627,65.529822526806,94.9326537520185
-149.504368426803,65.3638767189606,94.9302373893573
-149.578494419069,65.1978482097339,94.927821026696
-149.652435362095,65.031737206051,94.9254046640347
-149.726191165796,64.865543914902,94.9229883013735
-149.799761740311,64.6992685433896,94.9205719387122
-149.873146996007,64.5329112987287,94.9181555760509
-149.946346843482,64.3664723882299,94.9157392133897
-150.019361193587,64.1999520192516,94.9133228507284
-150.092189957381,64.0333503993112,94.9109064880671
-150.164833046174,63.8666677359738,94.9084901254059
-150.237290371495,63.6999042369311,94.9060737627446
-150.309561845107,63.5330601099692,94.9036574000833
-150.381647379028,63.3661355629206,94.9012410374221
-150.453546885479,63.1991308037762,94.8988246747608
-150.525260276931,63.032046040588,94.8964083120995
-150.596787466087,62.8648814815027,94.8939919494383
-150.668128365882,62.6976373347593,94.891575586777
-150.739282889489,62.5303138086896,94.8891592241157
-150.810250950303,62.3629111117354,94.8867428614545
-150.88103246197,62.1954294523974,94.8843264987932
-150.951627338348,62.0278690393181,94.8819101361319
-151.02203549355,61.8602300811831,94.8794937734707
-151.092256841917,61.6925127867858,94.8770774108094
-151.162291298015,61.5247173650267,94.8746610481481
-151.232138776654,61.3568440248822,94.8722446854869
-151.301799192883,61.1888929754032,94.8698283228256
-151.371272461961,61.0208644257952,94.8674119601643
-151.440558499419,60.8527585852584,94.8649955975031
-151.509657220985,60.6845756631788,94.8625792348418
-151.578568542653,60.5163158689519,94.8601628721805
-151.647292380635,60.3479794121119,94.8577465095193
-151.715828651375,60.1795665022812,94.855330146858
-151.784177271561,60.0110773491562,94.8529137841967
-151.85233815812,59.8425121625052,94.8504974215355
-151.920311228204,59.6738711522177,94.8480810588742
-151.988096399199,59.505154528271,94.8456646962129
-152.055693588739,59.3363625006989,94.8432483335517
-152.123102714688,59.1674952796385,94.8408319708904
-152.190323695134,58.9985530753466,94.8384156082291
-152.257356448417,58.8295360981193,94.8359992455679
-152.324200893108,58.6604445583552,94.8335828829066
-152.390856948014,58.4912786665396,94.8311665202453
-152.457324532165,58.3220386332773,94.8287501575841
-152.523603564854,58.1527246691941,94.8263337949228
-152.589693965588,57.9833369850496,94.8239174322615
-152.655595654113,57.8138757916899,94.8215010696003
-152.721308550417,57.6443413000301,94.819084706939
-152.78683257473,57.4747337210537,94.8166683442777
-152.852167647507,57.305053265862,94.8142519816165
-152.917313689438,57.1353001456406,94.8118356189552
-152.982270621465,56.9654745716266,94.8094192562939
-153.047038364751,56.7955767551745,94.8070028936327
-153.111616840705,56.6256069077054,94.8045865309714
-153.176005970978,56.4555652407079,94.8021701683101
-153.240205677433,56.2854519658194,94.7997538056489
-153.304215882201,56.1152672946779,94.7973374429876
-153.368036507638,55.9450114390379,94.7949210803263
-153.431667476326,55.7746846107675,94.7925047176651
-153.495108711102,55.6042870217692,94.7900883550038
-153.558360135034,55.4338188840432,94.7876719923425
-153.621421671422,55.2632804096878,94.7852556296813
-153.68429324381,55.0926718108661,94.78283926702
-153.746974775979,54.9219932998227,94.7804229043587
-153.809466191948,54.7512450888823,94.7780065416975
-153.871767415969,54.5804273904675,94.7755901790362
-153.933878372536,54.409540417064,94.7731738163749
-153.995798986389,54.2385843812215,94.7707574537137
-154.057529182488,54.0675594956185,94.7683410910524
-154.119068886047,53.8964659729639,94.7659247283911
-154.180418022508,53.7253040260785,94.7635083657299
-154.241576517564,53.5540738678294,94.7610920030686
-154.302544297128,53.3827757112116,94.7586756404073
-154.363321287369,53.211409769249,94.7562592777461
-154.423907414689,53.0399762550606,94.7538429150848
-154.484302605723,52.8684753818593,94.7514265524235
-154.54450678735,52.6969073629189,94.7490101897623
-154.604519886683,52.5252724116078,94.746593827101
-154.664341831091,52.3535707413212,94.7441774644397
-154.723972548158,52.1818025655978,94.7417611017785
-154.783411965721,52.0099680980195,94.7393447391172
-154.842660011853,51.838067552244,94.7369283764559
-154.901716614869,51.6661011420061,94.7345120137947
-154.960581703317,51.4940690811318,94.7320956511334
-155.019255205994,51.3219715834904,94.7296792884721
-155.077737051923,51.149808863075,94.7272629258109
-155.136027170385,50.9775811338884,94.7248465631496
-155.194125490881,50.8052886100737,94.7224302004883
-155.252031943169,50.6329315057987,94.7200138378271
-155.309746457233,50.4605100353392,94.7175974751658
-155.367268963304,50.2880244130271,94.7151811125045
-155.424599391854,50.1154748532687,94.7127647498433
-155.481737673588,49.9428615705599,94.710348387182
-155.538683739462,49.7701847794366,94.7079320245207
-155.595437520663,49.5974446945407,94.7055156618595
-155.651998948616,49.4246415305867,94.7030992991982
-155.708367955003,49.2517755023109,94.7006829365369
-155.764544471727,49.0788468245887,94.6982665738757
-155.820528430941,48.9058557123338,94.6958502112144
-155.876319765036,48.7328023805308,94.6934338485531
-155.931918406649,48.5596870442363,94.6910174858919
-155.987324288652,48.3865099185772,94.6886011232306
-156.042537344156,48.2132712187679,94.6861847605693
-156.097557506518,48.0399711600765,94.6837683979081
-156.152384709335,47.866609957841,94.6813520352468
-156.207018886444,47.6931878274691,94.6789356725855
-156.26145997192,47.5197049844556,94.6765193099243
-156.315707900089,47.3461616443297,94.674102947263
-156.369762605506,47.1725580227242,94.6716865846017
-156.42362402297,46.9988943353403,94.6692702219405
-156.477292087529,46.825170797914,94.6668538592792
-156.53076673447,46.6513876262663,94.6644374966179
-156.584047899314,46.4775450363031,94.6620211339567
-156.637135517824,46.3036432439976,94.6596047712954
-156.690029526017,46.1296824653572,94.6571884086341
-156.742729860149,45.9556629164561,94.6547720459729
-156.795236456698,45.7815848135023,94.6523556833116
-156.847549252405,45.6074483727039,94.6499393206503
-156.899668184248,45.4332538103512,94.6475229579891
-156.951593189446,45.2590013428016,94.6451065953278
-157.003324205454,45.0846911864937,94.6426902326665
-157.054861169982,44.9103235578989,94.6402738700053
-157.106204020966,44.735898673604,94.637857507344
-157.157352696597,44.5614167502102,94.6354411446827
-157.208307135306,44.3868780044007,94.6330247820215
-157.259067275761,44.2122826529391,94.6306084193602
-157.309633056876,44.0376309126366,94.6281920566989
-157.360004417809,43.8629230003686,94.6257756940377
-157.41018129796,43.6881591330734,94.6233593313764
-157.460163636965,43.5133395277702,94.6209429687151
-157.509951374712,43.3384644015238,94.6185266060539
-157.559544451331,43.1635339714453,94.6161102433926
-157.608942807184,42.9885484547586,94.6136938807313
-157.658146382885,42.8135080687158,94.6112775180701
-157.707155119295,42.6384130306148,94.6088611554088
-157.755968957513,42.4632635578319,94.6064447927475
-157.804587838873,42.2880598678376,94.6040284300863
-157.85301170496,42.1128021781312,94.601612067425
-157.901240497607,41.937490706255,94.5991957047637
-157.949274158887,41.7621256698288,94.5967793421025
-157.997112631105,41.5867072865671,94.5943629794412
-158.044755856825,41.4112357741933,94.5919466167799
-158.092203778844,41.2357113505242,94.5895302541187
-158.139456340217,41.0601342333857,94.5871138914574
-158.186513484214,40.8845046407643,94.5846975287961
-158.233375154387,40.7088227905701,94.5822811661349
-158.280041294493,40.5330889009076,94.5798648034736
-158.326511848561,40.3573031898371,94.5774484408123
-158.372786760856,40.1814658755124,94.5750320781511
-158.418865975876,40.0055771761772,94.5726157154898
-158.464749438376,39.829637310084,94.5701993528285
-158.510437093353,39.6536464955579,94.5677829901673
-158.55592888604,39.4776049509986,94.565366627506
-158.601224761922,39.3015128948459,94.5629502648447
-158.646324666726,39.1253705455955,94.5605339021835
-158.691228546423,38.9491781218,94.5581175395222
-158.735936347226,38.7729358420842,94.5557011768609
-158.780448015593,38.596643925112,94.5532848141997
-158.824763498235,38.4203025895857,94.5508684515384
-158.868882742091,38.2439120543135,94.5484520888771
-158.912805694359,38.0674725381077,94.5460357262158
-158.956532302472,37.890984259869,94.5436193635546
-159.000062514113,37.7144474385357,94.5412030008933
-159.043396277209,37.5378622930995,94.5387866382321
-159.086533539931,37.3612290426063,94.5363702755708
-159.129474250695,37.1845479061556,94.5339539129095
-159.172218358154,37.0078191029339,94.5315375502483
-159.214765811219,36.8310428521299,94.529121187587
-159.257116559043,36.6542193729842,94.5267048249257
-159.299270551015,36.4773488848414,94.5242884622645
-159.341227736775,36.3004316070645,94.5218720996032
-159.382988066208,36.1234677590677,94.5194557369419
-159.424551489446,35.9464575603173,94.5170393742807
-159.465917956863,35.7694012303299,94.5146230116194
-159.507087419077,35.5922989886917,94.5122066489581
-159.548059826958,35.4151510550042,94.5097902862969
-159.588835131614,35.2379576489541,94.5073739236356
-159.629413284396,35.0607189902781,94.5049575609743
-159.669794236912,34.8834352987287,94.5025411983131
-159.709977941004,34.7061067941427,94.5001248356518
-159.749964348766,34.5287336963881,94.4977084729905
-159.789753412536,34.3513162253831,94.4952921103292
-159.829345084899,34.1738546010938,94.492875747668
-159.868739318682,33.9963490435359,94.4904593850067
-159.907936066955,33.8187997728065,94.4880430223455
-159.946935283046,33.6412070089826,94.4856266596842
-159.985736920514,33.4635709722582,94.4832102970229
-160.024340933175,33.2858918828221,94.4807939343617
-160.062747275084,33.1081699609453,94.4783775717004
-160.100955900545,32.9304054269282,94.4759612090391
-160.138966764107,32.7525985011184,94.4735448463778
-160.176779820568,32.5747494039093,94.4711284837166
-160.214395024966,32.3968583557574,94.4687121210553
-160.251812332592,32.2189255771315,94.4662957583941
-160.289031698973,32.0409512885962,94.4638793957328
-160.326053079894,31.862935710711,94.4614630330715
-160.36287643138,31.684879064097,94.4590466704103
-160.399501709702,31.5067815694372,94.456630307749
-160.435928871378,31.3286434474419,94.4542139450877
-160.472157873174,31.1504649188656,94.4517975824265
-160.508188672098,30.9722462045233,94.4493812197652
-160.544021225412,30.7939875252403,94.4469648571039
-160.579655490616,30.6156891019188,94.4445484944427
-160.615091425462,30.4373511554871,94.4421321317814
-160.650328987948,30.2589739069163,94.4397157691201
-160.685368136314,30.0805575772367,94.4372994064588
-160.720208829055,29.9021023874874,94.4348830437976
-160.754851024901,29.7236085588002,94.4324666811363
-160.789294682843,29.54507631228,94.4300503184751
-160.823539762105,29.3665058691421,94.4276339558138
-160.857586222165,29.1878974506085,94.4252175931525
-160.89143402275,29.0092512779246,94.4228012304912
-160.925083123826,28.8305675724278,94.42038486783
-160.958533485617,28.6518465554275,94.4179685051687
-160.991785068578,28.4730884483591,94.4155521425074
-161.024837833427,28.2942934726112,94.4131357798462
-161.057691741121,28.1154618496638,94.4107194171849
-161.090346752866,27.9365938010191,94.4083030545237
-161.122802830114,27.7576895482179,94.4058866918624
-161.15505993456,27.5787493128741,94.4034703292011
-161.187118028157,27.3997733165712,94.4010539665398
-161.218977073096,27.2207617809822,94.3986376038786
-161.250637031819,27.0417149278013,94.3962212412173
-161.282097867013,26.8626329787765,94.393804878556
-161.313359541613,26.6835161556768,94.3913885158948
-161.344422018802,26.5043646803075,94.3889721532335
-161.375285262013,26.325178774511,94.3865557905722
-161.405949234922,26.1459586601658,94.384139427911
-161.436413901454,25.966704559204,94.3817230652497
-161.46667922578,25.7874166935764,94.3793067025885
-161.496745172321,25.6080952852695,94.3768903399272
-161.526611705744,25.4287405563215,94.3744739772659
-161.556278790966,25.2493527287728,94.3720576146046
-161.585746393147,25.069932024731,94.3696412519434
-161.615014477699,24.8904786663229,94.3672248892821
-161.644083010279,24.7109928757082,94.3648085266208
-161.672951956795,24.531474875081,94.3623921639596
-161.701621283395,24.351924886704,94.3599758012983
-161.730090956485,24.1723431328034,94.3575594386371
-161.758360942712,23.9927298356908,94.3551430759758
-161.78643120897,23.813085217711,94.3527267133145
-161.814301722406,23.6334095012227,94.3503103506532
-161.841972450413,23.4537029086018,94.347893987992
-161.869443360631,23.2739656622883,94.3454776253307
-161.896714420944,23.0941979847561,94.3430612626695
-161.923785599493,22.9144000984748,94.3406449000082
-161.950656864662,22.7345722259623,94.3382285373469
-161.977328185077,22.5547145898029,94.3358121746856
-162.003799529623,22.3748274125588,94.3333958120244
-162.030070867425,22.1949109168578,94.3309794493631
-162.056142167862,22.0149653253228,94.3285630867018
-162.082013400559,21.8349908606235,94.3261467240406
-162.107684535382,21.6549877455119,94.3237303613793
-162.133155542459,21.4749562026642,94.321313998718
-162.158426392154,21.2948964548735,94.3188976360568
-162.183497055086,21.1148087249088,94.3164812733955
-162.208367502118,20.9346932356189,94.3140649107342
-162.233037704365,20.7545502098305,94.311648548073
-162.257507633188,20.574379870414,94.3092321854117
-162.281777260195,20.3941824403023,94.3068158227505
-162.305846557248,20.2139581423868,94.3043994600892
-162.329715496452,20.0337071996373,94.3019830974279
-162.353384050163,19.8534298350337,94.2995667347666
-162.376852190982,19.6731262715992,94.2971503721054
-162.400119891761,19.4927967323657,94.2947340094441
-162.423187125601,19.3124414403918,94.2923176467828
-162.446053865852,19.1320606187608,94.2899012841216
-162.468720086109,18.9516544905994,94.2874849214603
-162.491185760218,18.7712232790421,94.2850685587991
-162.513450862276,18.59076720723,94.2826521961378
-162.535515366621,18.4102864983814,94.2802358334765
-162.557379247848,18.2297813756872,94.2778194708152
-162.579042480795,18.0492520623965,94.275403108154
-162.600505040553,17.8686987817471,94.2729867454927
-162.621766902456,17.6881217570527,94.2705703828315
-162.642828042091,17.5075212115983,94.2681540201702
-162.663688435292,17.3268973687262,94.2657376575089
-162.684348058144,17.1462504517661,94.2633212948476
-162.704806886975,16.9655806841232,94.2609049321864
-162.725064898369,16.7848882891718,94.2584885695251
-162.745122069155,16.6041734903252,94.2560722068638
-162.764978376411,16.4234365110194,94.2536558442026
-162.784633797462,16.2426775747445,94.2512394815413
-162.804088309884,16.0618969049613,94.24882311888
-162.823341891501,15.8810947251849,94.2464067562188
-162.842394520391,15.7002712588984,94.2439903935575
-162.861246174869,15.5194267296931,94.2415740308962
-162.879896833509,15.3385613611096,94.239157668235
-162.898346475132,15.1576753767254,94.2367413055737
-162.916595078804,14.9767690001556,94.2343249429125
-162.934642623845,14.7958424549983,94.2319085802512
-162.952489089819,14.6148959649236,94.2294922175899
-162.970134456543,14.4339297535669,94.2270758549286
-162.987578704081,14.2529440445999,94.2246594922674
-163.004821812748,14.0719390617117,94.2222431296061
-163.021863763102,13.8909150286441,94.2198267669448
-163.038704535956,13.7098721691038,94.2174104042836
-163.055344112372,13.5288107068324,94.2149940416223
-163.071782473656,13.347730865605,94.212577678961
-163.08801960137,13.166632869179,94.2101613162998
-163.104055477317,12.9855169413799,94.2077449536385
-163.119890083555,12.8043833059971,94.2053285909772
-163.135523402391,12.6232321868528,94.202912228316
-163.150955416376,12.4420638078023,94.2004958656547
-163.166186108315,12.2608783927159,94.1980795029934
-163.181215461261,12.0796761654266,94.1956631403322
-163.196043458514,11.8984573498516,94.1932467776709
-163.210670083626,11.7172221698699,94.1908304150096
-163.225095320396,11.5359708494093,94.1884140523484
-163.239319152872,11.3547036124121,94.1859976896871
-163.253341565354,11.1734206827807,94.1835813270258
-163.267162542387,10.9921222845184,94.1811649643646
-163.280782068768,10.8108086415546,94.1787486017033
-163.294200129542,10.6294799778827,94.176332239042
-163.307416710004,10.4481365174916,94.1739158763808
-163.320431795697,10.2667784843996,94.1714995137195
-163.333245372413,10.0854061026195,94.1690831510582
-163.345857426195,9.90401959617537,94.166666788397
-163.358267943335,9.72261918908489,94.1642504257357
-163.370476910371,9.54120510544736,94.1618340630744
-163.382484314095,9.35977756926681,94.1594177004132
-163.394290141543,9.1783368046636,94.1570013377519
-163.405894380004,8.99688303569739,94.1545849750906
-163.417297017016,8.8154164864557,94.1521686124294
-163.428498040364,8.6339373810356,94.1497522497681
-163.439497438082,8.45244594357801,94.1473358871068
-163.450295198457,8.2709423981812,94.1449195244456
-163.460891310023,8.0894269689513,94.1425031617843
-163.471285761561,7.90789988007345,94.140086799123
-163.481478542105,7.72636135563557,94.1376704364618
-163.491469640935,7.54481161983921,94.1352540738005
-163.501259047582,7.36325089684011,94.1328377111392
-163.510846751827,7.18167941076679,94.130421348478
-163.520232743698,7.00009738582544,94.1280049858167
-163.529417013474,6.81850504619302,94.1255886231554
-163.538399551682,6.63690261605359,94.1231722604942
-163.547180349098,6.45529031961463,94.1207558978329
-163.55575939675,6.27366838105528,94.1183395351716
-163.564136685912,6.09203702459464,94.1159231725104
-163.572312208108,5.9103964744224,94.1135068098491
-163.580285955113,5.72874695478623,94.1110904471878
-163.588057918948,5.54708868990324,94.1086740845266
-163.595628091887,5.36542190397768,94.1062577218653
-163.60299646645,5.18374682127071,94.103841359204
-163.610163035408,5.00206366597804,94.1014249965428
-163.61712779178,4.82037266236805,94.0990086338815
-163.623890728836,4.63867403466054,94.0965922712202
-163.630451840093,4.45696800713172,94.094175908559
-163.63681111932,4.27525480399007,94.0917595458977
-163.642968560531,4.09353464951621,94.0893431832364
-163.648924157994,3.91180776794195,94.0869268205752
-163.654677906223,3.73007438355237,94.0845104579139
-163.660229799981,3.54833472056487,94.0820940952526
-163.665579834284,3.36658900325161,94.0796777325914
-163.670728004391,3.18483745588482,94.0772613699301
-163.675674305816,3.00308030272088,94.0748450072688
-163.680418734318,2.82131776801687,94.0724286446076
-163.684961285909,2.6395500760303,94.0700122819463
-163.689301956846,2.45777745101824,94.067595919285
-163.693440743639,2.27600011725598,94.0651795566238
-163.697377643043,2.09421829900036,94.0627631939625
-163.701112652067,1.91243222050814,94.0603468313012
-163.704645767965,1.73064210603426,94.05793046864
-163.707976988242,1.54884817985045,94.0555141059787
-163.711106310651,1.36705066620949,94.0530977433174
-163.714033733196,1.18524978936237,94.0506813806562
-163.716759254129,1.00344577355804,94.0482650179949
-163.71928287195,0.821638843042522,94.0458486553336
-163.721604585409,0.639829222094994,94.0434322926724
-163.723724393507,0.458017134921081,94.0410159300111
-163.72564229549,0.276202805776755,94.0385995673498
-163.727358290856,0.0943864589311235,94.0361832046886
-163.728872379352,-0.0874316814379646,94.0337668420273
-163.730184560972,-0.26925139105079,94.031350479366
-163.731294835961,-0.451072445702867,94.0289341167048
-163.732203204812,-0.632894621176226,94.0265177540435
-163.732909668267,-0.81471769324027,94.0241013913822
-163.733414227317,-0.996541437704693,94.021685028721
-163.733716883203,-1.17836563033192,94.0192686660597
-163.733817637414,-1.3601900469421,94.0168523033984
-163.733716491687,-1.542014463345,94.0144359407372
-163.733413448009,-1.72383865533771,94.0120195780759
-163.732908508617,-1.90566239872466,94.0096032154146
-163.732201675994,-2.0874854693694,94.0071868527534
-163.731292952875,-2.26930764307241,94.0047704900921
-163.730182342241,-2.45112869567666,94.0023541274308
-163.728869847325,-2.63294840303216,93.9999377647696
-163.727355471605,-2.81476654099703,93.9975214021083
-163.725639218812,-2.99658288543844,93.995105039447
-163.723721092922,-3.17839721221303,93.9926886767858
-163.721601098162,-3.36020929720448,93.9902723141245
-163.719279239007,-3.54201891630514,93.9878559514632
-163.716755520181,-3.72382584541687,93.985439588802
-163.714029946657,-3.90562986043335,93.9830232261407
-163.711102523656,-4.08743073727574,93.9806068634794
-163.707973256648,-4.26922825189219,93.9781905008182
-163.704642151352,-4.45102218018967,93.9757741381569
-163.701109213736,-4.63281229811955,93.9733577754956
-163.697374450014,-4.81459838166297,93.9709414128344
-163.693437866652,-4.99638020677619,93.9685250501731
-163.689299470363,-5.17815754942721,93.9661086875118
-163.684959268109,-5.35993018563094,93.9636923248506
-163.6804172671,-5.54169789139654,93.9612759621893
-163.675673474795,-5.72346044271087,93.958859599528
-163.670727898901,-5.9052176156428,93.9564432368668
-163.665580547375,-6.08696918620398,93.9540268742055
-163.66023142842,-6.26871493045519,93.9516105115442
-163.65468055049,-6.45045462446916,93.949194148883
-163.648927922284,-6.63218804435086,93.9467777862217
-163.642973552755,-6.81391496616598,93.9443614235604
-163.636817451098,-6.9956351660299,93.9419450608992
-163.630459626761,-7.17734842008962,93.9395286982379
-163.623900089439,-7.35905450445485,93.9371123355766
-163.617138849073,-7.54075319531982,93.9346959729154
-163.610175915856,-7.72244426882429,93.9322796102541
-163.603011300227,-7.90412750115877,93.9298632475928
-163.595645012874,-8.08580266852934,93.9274468849316
-163.588077064734,-8.26746954715821,93.9250305222703
-163.580307466988,-8.44912791328427,93.922614159609
-163.572336231072,-8.63077754314537,93.9201977969478
-163.564163368666,-8.81241821299634,93.9177814342865
-163.555788891697,-8.99404969916208,93.9153650716252
-163.547212812342,-9.17567177793156,93.912948708964
-163.538435143027,-9.35728422559495,93.9105323463027
-163.529455896424,-9.53888681853053,93.9081159836414
-163.520275085454,-9.7204793330814,93.9056996209802
-163.510892723285,-9.9020615456279,93.9032832583189
-163.501308823336,-10.0836332325512,93.9008668956576
-163.49152339927,-10.2651941702691,93.8984505329964
-163.481536464999,-10.4467441352188,93.8960341703351
-163.471348034685,-10.6282829038577,93.8936178076738
-163.460958122736,-10.8098102526448,93.8912014450126
-163.450366743808,-10.9913259580952,93.8887850823513
-163.439573912803,-11.172829796709,93.88636871969
-163.428579644877,-11.3543215450074,93.8839523570288
-163.417383955425,-11.5358009795676,93.8815359943675
-163.405986860096,-11.7172678769701,93.8791196317062
-163.394388374785,-11.8987220137833,93.876703269045
-163.382588515634,-12.0801631666485,93.8742869063837
-163.370587299033,-12.2615911122131,93.8718705437224
-163.358384741619,-12.4430056271279,93.8694541810612
-163.345980860277,-12.6244064881031,93.8670378183999
-163.333375672141,-12.8057934718179,93.8646214557386
-163.32056919459,-12.9871663550283,93.8622050930774
-163.307561445251,-13.1685249144956,93.8597887304161
-163.294352442,-13.3498689269706,93.8573723677548
-163.280942202958,-13.5311981692978,93.8549560050936
-163.267330746496,-13.7125124182759,93.8525396424323
-163.25351809123,-13.8938114507814,93.850123279771
-163.239504256024,-14.07509504368,93.8477069171098
-163.225289259991,-14.2563629738801,93.8452905544485
-163.210873122487,-14.4376150183163,93.8428741917872
-163.19625586312,-14.6188509539307,93.840457829126
-163.18143750174,-14.8000705577266,93.8380414664647
-163.16641805845,-14.9812736066988,93.8356251038034
-163.151197553597,-15.1624598778684,93.8332087411422
-163.135776007774,-15.3436291483183,93.8307923784809
-163.12015344182,-15.5247811951415,93.8283760158196
-163.104329876826,-15.7059157954401,93.8259596531583
-163.088305334127,-15.8870327263444,93.8235432904971
-163.072079835303,-16.0681317650474,93.8211269278358
-163.055653402183,-16.2492126887526,93.8187105651746
-163.039026056842,-16.4302752746752,93.8162942025133
-163.022197821605,-16.6113193000582,93.813877839852
-163.005168719036,-16.7923445422267,93.8114614771908
-162.987938771956,-16.9733507784476,93.8090451145295
-162.970508003422,-17.1543377861222,93.8066287518682
-162.952876436746,-17.3353053425763,93.804212389207
-162.935044095484,-17.516253225219,93.8017960265457
-162.917011003434,-17.697181211524,93.7993796638844
-162.898777184649,-17.8780890789089,93.7969633012232
-162.880342663419,-18.0589766049092,93.7945469385619
-162.86170746429,-18.2398435670218,93.7921305759006
-162.842871612046,-18.4206897428276,93.7897142132393
-162.823835131721,-18.6015149099214,93.7872978505781
-162.804598048598,-18.7823188458956,93.7848814879168
-162.785160388201,-18.9631013284269,93.7824651252556
-162.765522176303,-19.1438621352072,93.7800487625943
-162.745683438923,-19.3246010439441,93.777632399933
-162.725644202325,-19.5053178323948,93.7752160372718
-162.705404493019,-19.6860122783682,93.7727996746105
-162.684964337764,-19.8666841596545,93.7703833119492
-162.664323763562,-20.0473332541121,93.767966949288
-162.643482797663,-20.2279593396344,93.7655505866267
-162.622441467558,-20.4085621941657,93.7631342239654
-162.60119980099,-20.5891415956336,93.7607178613042
-162.579757825945,-20.7696973220525,93.7583014986429
-162.558115570656,-20.9502291514199,93.7558851359816
-162.536273063598,-21.1307368618391,93.7534687733203
-162.514230333495,-21.3112202313956,93.7510524106591
-162.491987409318,-21.4916790382127,93.7486360479978
-162.469544320281,-21.6721130604661,93.7462196853366
-162.44690109584,-21.8525220763859,93.7438033226753
-162.424057765705,-22.0329058641875,93.741386960014
-162.401014359827,-22.2132642021574,93.7389705973528
-162.377770908397,-22.3935968686551,93.7365542346915
-162.354327441862,-22.5739036419904,93.7341378720302
-162.330683990906,-22.7541843005808,93.731721509369
-162.306840586464,-22.9344386228468,93.7293051467077
-162.282797259709,-23.1146663872833,93.7268887840464
-162.258554042066,-23.294867372388,93.7244724213852
-162.2341109652,-23.475041356716,93.7220560587239
-162.209468061025,-23.6551881188612,93.7196396960626
-162.184625361699,-23.8353074374398,93.7172233334013
-162.159582899624,-24.0153990911255,93.7148069707401
-162.134340707446,-24.1954628586318,93.7123906080788
-162.108898818057,-24.3754985187133,93.7099742454176
-162.083257264596,-24.555505850147,93.7075578827563
-162.05741608044,-24.7354846317862,93.705141520095
-162.03137529922,-24.9154346424732,93.7027251574337
-162.005134954804,-25.0953556611438,93.7003087947725
-161.978695081306,-25.2752474667583,93.6978924321112
-161.952055713088,-25.4551098383018,93.69547606945
-161.925216884756,-25.6349425548018,93.6930597067887
-161.898178631154,-25.8147453953797,93.6906433441274
-161.870940987377,-25.9945181391314,93.6882269814662
-161.843503988761,-26.1742605652471,93.6858106188049
-161.815867670891,-26.3539724529087,93.6833942561436
-161.788032069587,-26.5336535814117,93.6809778934823
-161.759997220923,-26.713303730025,93.6785615308211
-161.731763161213,-26.8929226780975,93.6761451681598
-161.703329927014,-27.0725102050216,93.6737288054986
-161.674697555126,-27.2520660902356,93.6713124428373
-161.645866082594,-27.4315901132214,93.668896080176
-161.616835546711,-27.6110820534898,93.6664797175147
-161.587605985006,-27.7905416906318,93.6640633548535
-161.558177435261,-27.9699688042319,93.6616469921922
-161.528549935493,-28.1493631739728,93.659230629531
-161.498723523968,-28.3287245795489,93.6568142668697
-161.46869823919,-28.5080528007359,93.6543979042084
-161.438474119917,-28.6873476173043,93.6519815415471
-161.408051205138,-28.866608809124,93.6495651788859
-161.377429534092,-29.0458361560946,93.6471488162246
-161.346609146262,-29.2250294381463,93.6447324535633
-161.315590081375,-29.4041884352576,93.6423160909021
-161.284372379392,-29.5833129275065,93.6398997282408
-161.252956080529,-29.7624026949508,93.6374833655796
-161.22134122524,-29.9414575177315,93.6350670029183
-161.18952785422,-30.1204771760386,93.632650640257
-161.15751600841,-30.2994614501116,93.6302342775957
-161.125305728994,-30.4784101202219,93.6278179149345
-161.092897057395,-30.6573229667255,93.6254015522732
-161.060290035282,-30.8361997699944,93.622985189612
-161.02748470457,-31.0150403104502,93.6205688269507
-160.994481107406,-31.1938443686176,93.6181524642894
-160.961279286194,-31.3726117249855,93.6157361016281
-160.927879283566,-31.5513421601804,93.6133197389669
-160.894281142409,-31.7300354548114,93.6109033763056
-160.860484905844,-31.9086913895909,93.6084870136443
-160.826490617235,-32.087309745266,93.6060706509831
-160.792298320196,-32.2658903026013,93.6036542883218
-160.757908058574,-32.4444328424668,93.6012379256605
-160.72331987646,-32.6229371457663,93.5988215629993
-160.688533818189,-32.8014029934578,93.596405200338
-160.653549928343,-32.9798301665182,93.5939888376767
-160.618368251737,-33.1582184460294,93.5915724750155
-160.58298883343,-33.3365676131097,93.5891561123542
-160.547411718723,-33.5148774489318,93.586739749693
-160.511636953164,-33.6931477347055,93.5843233870317
-160.47566458254,-33.8713782516954,93.5819070243704
-160.439494652875,-34.0495687812549,93.5794906617091
-160.403127210436,-34.2277191047764,93.5770742990479
-160.366562301737,-34.4058290036894,93.5746579363866
-160.329799973528,-34.5838982594973,93.5722415737253
-160.292840272801,-34.7619266537584,93.5698252110641
-160.255683246793,-34.9399139680713,93.5674088484028
-160.218328942979,-35.1178599841076,93.5649924857415
-160.180777409071,-35.2957644836127,93.5625761230803
-160.143028693033,-35.4736272483378,93.560159760419
-160.105082843062,-35.6514480601261,93.5577433977577
-160.066939907594,-35.8292267008948,93.5553270350965
-160.028599935311,-36.0069629525849,93.5529106724352
-159.990062975133,-36.1846565972131,93.5504943097739
-159.951329076226,-36.3623074168371,93.5480779471127
-159.912398287987,-36.5399151936067,93.5456615844514
-159.873270660065,-36.7174797096809,93.5432452217901
-159.833946242335,-36.8950007473446,93.5408288591289
-159.794425084928,-37.0724780888747,93.5384124964676
-159.754707238207,-37.2499115166418,93.5359961338063
-159.714792752772,-37.4273008130934,93.5335797711451
-159.674681679474,-37.6046457606861,93.5311634084838
-159.634374069393,-37.7819461419886,93.5287470458225
-159.593869973857,-37.9592017395955,93.5263306831613
-159.553169444424,-38.1364123361967,93.5239143205
-159.512272532908,-38.3135777144928,93.5214979578387
-159.471179291347,-38.4906976572967,93.5190815951775
-159.429889772029,-38.6677719474484,93.5166652325162
-159.388404027476,-38.8448003678684,93.514248869855
-159.346722110447,-39.0217827015557,93.5118325071937
-159.304844073952,-39.1987187315203,93.5094161445324
-159.262769971231,-39.3756082408706,93.5069997818711
-159.220499855763,-39.5524510127937,93.5045834192099
-159.178033781275,-39.7292468304901,93.5021670565486
-159.135371801717,-39.9059954772912,93.4997506938873
-159.092513971302,-40.0826967365075,93.4973343312261
-159.049460344457,-40.2593503915995,93.4949179685648
-159.006210975864,-40.4359562260402,93.4925016059035
-158.962765920441,-40.6125140233674,93.4900852432423
-158.919125233339,-40.7890235672183,93.487668880581
-158.875288969954,-40.9654846412608,93.4852525179197
-158.831257185914,-41.1418970292632,93.4828361552585
-158.787029937098,-41.3182605150076,93.4804197925972
-158.742607279613,-41.4945748823766,93.4780034299359
-158.697989269808,-41.6708399153188,93.4755870672747
-158.653175964262,-41.8470553978668,93.4731707046134
-158.608167419803,-42.023221114086,93.4707543419521
-158.562963693503,-42.199336848091,93.4683379792909
-158.517564842648,-42.3754023841499,93.4659216166296
-158.471970924788,-42.5514175064959,93.4635052539683
-158.426181997695,-42.7273819994975,93.4610888913071
-158.380198119387,-42.9032956475585,93.4586725286458
-158.334019348111,-43.0791582351839,93.4562561659845
-158.287645742361,-43.2549695469143,93.4538398033233
-158.241077360863,-43.4307293673754,93.451423440662
-158.194314262586,-43.606437481246,93.4490070780007
-158.147356506726,-43.7820936733073,93.4465907153395
-158.100204152733,-43.95769772836,93.4441743526782
-158.052857260272,-44.1332494313424,93.4417579900169
-158.005315889267,-44.3087485671949,93.4393416273557
-157.957580099868,-44.4841949209627,93.4369252646944
-157.909649952463,-44.6595882777614,93.4345089020331
-157.861525507671,-44.8349284227947,93.4320925393719
-157.813206826364,-45.0102151412865,93.4296761767106
-157.764693969638,-45.1854482185669,93.4272598140493
-157.715986998829,-45.360627440037,93.4248434513881
-157.667085975509,-45.5357525911696,93.4224270887268
-157.617990961484,-45.7108234575108,93.4200107260655
-157.5687020188,-45.8858398246788,93.4175943634043
-157.519219209745,-46.0608014783306,93.415178000743
-157.469542596833,-46.2357082042472,93.4127616380817
-157.419672242817,-46.4105597882656,93.4103452754205
-157.369608210689,-46.5853560162807,93.4079289127592
-157.319350563671,-46.7600966742935,93.4055125500979
-157.268899365232,-46.9347815483296,93.4030961874367
-157.218254679065,-47.1094104245391,93.4006798247754
-157.167416569102,-47.2839830891297,93.3982634621141
-157.11638509952,-47.458499328351,93.3958470994529
-157.065160334714,-47.6329589285942,93.3934307367916
-157.013742339332,-47.8073616762596,93.3910143741303
-156.962131178249,-47.9817073578556,93.3885980114691
-156.91032691657,-48.1559957599846,93.3861816488078
-156.858329619643,-48.3302266692905,93.3837652861465
-156.806139353048,-48.5043998725108,93.3813489234853
-156.753756182612,-48.6785151564268,93.378932560824
-156.701180174373,-48.8525723079632,93.3765161981627
-156.648411394621,-49.0265711140713,93.3740998355015
-156.595449909874,-49.2005113617972,93.3716834728402
-156.542295786893,-49.3743928382481,93.3692671101789
-156.48894909266,-49.5482153306423,93.3668507475177
-156.435409894408,-49.7219786262261,93.3644343848564
-156.38167825959,-49.8956825123748,93.3620180221951
-156.327754255896,-50.0693267765256,93.3596016595339
-156.273637951258,-50.2429112061775,93.3571852968726
-156.219329413835,-50.4164355889268,93.3547689342113
-156.164828712025,-50.5898997124311,93.3523525715501
-156.110135914452,-50.7633033644625,93.3499362088888
-156.055251089976,-50.9366463328552,93.3475198462275
-156.000174307702,-51.1099284054915,93.3451034835663
-155.944905636954,-51.2831493703834,93.342687120905
-155.889445147299,-51.4563090155914,93.3402707582437
-155.833792908528,-51.6294071292891,93.3378543955825
-155.777948990673,-51.8024434996988,93.3354380329212
-155.721913463997,-51.9754179151414,93.3330216702599
-155.665686399001,-52.1483301640023,93.3306053075987
-155.609267866411,-52.3211800347664,93.3281889449374
-155.552657937184,-52.4939673160165,93.3257725822761
-155.495856682525,-52.6666917963691,93.3233562196149
-155.438864173859,-52.8393532645567,93.3209398569536
-155.381680482839,-53.0119515094107,93.3185234942923
-155.324305681364,-53.184486319814,93.3161071316311
-155.266739841557,-53.3569574847484,93.3136907689698
-155.208983035773,-53.5293647932803,93.3112744063085
-155.151035336614,-53.7017080345272,93.3088580436473
-155.092896816887,-53.8739869977568,93.306441680986
-155.034567549657,-54.0462014722557,93.3040253183247
-154.976047608197,-54.2183512474611,93.3016089556635
-154.91733706604,-54.3904361128132,93.2991925930022
-154.85843599693,-54.562455857903,93.2967762303409
-154.799344474844,-54.7344102723917,93.2943598676797
-154.740062573995,-54.9062991460253,93.2919435050184
-154.68059036883,-55.0781222686202,93.2895271423571
-154.620927934024,-55.2498794300955,93.2871107796959
-154.561075344475,-55.4215704204736,93.2846944170346
-154.501032675338,-55.5931950297974,93.2822780543733
-154.440800001968,-55.7647530482804,93.2798616917121
-154.380377399969,-55.9362442661729,93.2774453290508
-154.319764945169,-56.1076684738305,93.2750289663895
-154.258962713634,-56.2790254616792,93.2726126037283
-154.197970781648,-56.450315020267,93.270196241067
-154.136789225744,-56.6215369401806,93.2677798784057
-154.075418122661,-56.7926910121616,93.2653635157445
-154.013857549392,-56.9637770269736,93.2629471530832
-153.952107583143,-57.1347947755203,93.2605307904219
-153.890168301366,-57.3057440487447,93.2581144277607
-153.828039781722,-57.4766246377454,93.2556980650994
-153.765722102123,-57.6474363336452,93.2532817024381
-153.703215340701,-57.81817892769,93.2508653397769
-153.640519575811,-57.9888522112326,93.2484489771156
-153.577634886054,-58.1594559756674,93.2460326144543
-153.514561350245,-58.3299900125286,93.2436162517931
-153.451299047439,-58.5004541134095,93.2411998891318
-153.387848056906,-58.6708480700271,93.2387835264705
-153.324208458168,-58.8411716741411,93.2363671638093
-153.260380330954,-59.0114247176526,93.233950801148
-153.196363755236,-59.181606992522,93.2315344384867
-153.132158811207,-59.3517182908181,93.2291180758255
-153.06776557929,-59.5217584047031,93.2267017131642
-153.003184140137,-59.6917271264322,93.2242853505029
-152.938414574632,-59.8616242483369,93.2218689878417
-152.873456963885,-60.0314495628587,93.2194526251804
-152.808311389232,-60.2012028625335,93.2170362625191
-152.742977932236,-60.3708839399902,93.2146198998579
-152.677456674696,-60.5404925879365,93.2122035371966
-152.611747698633,-60.7100285991904,93.2097871745353
-152.545851086295,-60.8794917666643,93.2073708118741
-152.479766920156,-61.0488818833666,93.2049544492128
-152.413495282928,-61.2181987423838,93.2025380865515
-152.347036257541,-61.3874421369142,93.2001217238903
-152.280389927153,-61.5566118602523,93.197705361229
-152.213556375148,-61.7257077057886,93.1952889985677
-152.146535685147,-61.8947294669928,93.1928726359065
-152.079327940988,-62.0636769374477,93.1904562732452
-152.011933226738,-62.2325499108339,93.1880399105839
-151.944351626696,-62.4013481809108,93.1856235479227
-151.876583225376,-62.5700715415692,93.1832071852614
-151.808628107531,-62.7387197867638,93.1807908226001
-151.740486358132,-62.9072927105636,93.1783744599389
-151.67215806238,-63.0757901071361,93.1759580972776
-151.603643305713,-63.2442117707135,93.1735417346163
-151.534942173768,-63.4125574956922,93.1711253719551
-151.466054752431,-63.5808270765187,93.1687090092938
-151.396981127803,-63.7490203077541,93.1662926466325
-151.327721386221,-63.9171369840424,93.1638762839713
-151.258275614247,-64.085176900128,93.16145992131
-151.188643898645,-64.2531398509028,93.1590435586487
-151.11882632643,-64.4210256313101,93.1566271959875
-151.048822984845,-64.5888340363776,93.1542108333262
-150.978633961332,-64.756564861298,93.1517944706649
-150.90825934358,-64.9242179013161,93.1493781080037
-150.837699219494,-65.0917929517934,93.1469617453424
-150.766953677218,-65.2592898081612,93.1445453826811
-150.696022805095,-65.4267082660162,93.1421290200199
-150.62490669171,-65.5940481210083,93.1397126573586
-150.553605425876,-65.7613091688893,93.1372962946973
-150.482119096614,-65.9284912055459,93.1348799320361
-150.410447793184,-66.0955940269345,93.1324635693748
-150.338591605064,-66.2626174291305,93.1300472067135
-150.26655062196,-66.4295612082957,93.1276308440523
-150.194324933799,-66.5964251607117,93.125214481391
-150.121914630721,-66.7632090827793,93.1227981187297
-150.049319803105,-66.9299127709708,93.1203817560685
-149.976540541556,-67.0965360218623,93.1179653934072
-149.903576936891,-67.26307863215,93.1155490307459
-149.830429080146,-67.4295403986511,93.1131326680847
-149.757097062594,-67.5959211182542,93.1107163054234
-149.683580975737,-67.762220587938,93.1082999427621
-149.609880911265,-67.9284386048656,93.1058835801009
-149.535996961134,-68.0945749662095,93.1034672174396
-149.461929217486,-68.260629469328,93.1010508547783
-149.387677772715,-68.4266019116211,93.0986344921171
-149.313242719422,-68.5924920906267,93.0962181294558
-149.238624150432,-68.7582998039893,93.0938017667945
-149.163822158782,-68.924024849476,93.0913854041333
-149.088836837764,-69.0896670248961,93.088969041472
-149.013668280852,-69.2552261282468,93.0865526788107
-148.938316581759,-69.4207019576002,93.0841363161495
-148.862781834432,-69.5860943111035,93.0817199534882
-148.787064133026,-69.7514029870445,93.0793035908269
-148.71116357191,-69.9166277838345,93.0768872281657
-148.635080245689,-70.0817684999607,93.0744708655044
-148.558814249182,-70.2468249340356,93.0720545028431
-148.482365677435,-70.4117968847641,93.0696381401819
-148.405734625703,-70.5766841509919,93.0672217775206
-148.328921189474,-70.741486531642,93.0648054148593
-148.251925464458,-70.9062038257471,93.0623890521981
-148.174747546561,-71.0708358324972,93.0599726895368
-148.09738753195,-71.2353823511126,93.0575563268755
-148.019845516972,-71.3998431810038,93.0551399642142
-147.942121598227,-71.564218121627,93.052723601553
-147.864215872508,-71.7285069725984,93.0503072388917
-147.786128436849,-71.8927095336119,93.0478908762305
-147.70785938849,-72.056825604489,93.0454745135692
-147.629408824896,-72.2208549851622,93.0430581509079
-147.550776843747,-72.3847974756766,93.0406417882467
-147.471963542961,-72.5486528761568,93.0382254255854
-147.392969020642,-72.7124209869022,93.0358090629241
-147.313793375138,-72.8761016082782,93.0333927002629
-147.234436705016,-73.0396945407623,93.0309763376016
-147.154899109052,-73.2031995849608,93.0285599749403
-147.075180686236,-73.366616541608,93.0261436122791
-146.995281535796,-73.5299452115058,93.0237272496178
-146.91520175716,-73.6931853956153,93.0213108869565
-146.834941449985,-73.8563368949807,93.0188945242953
-146.754500714142,-74.0193995107761,93.016478161634
-146.673879649719,-74.1823730442893,93.0140617989727
-146.593078357028,-74.3452572969072,93.0116454363115
-146.512096936593,-74.508052070147,93.0092290736502
-146.430935489146,-74.6707571656569,93.0068127109889
-146.349594115664,-74.8333723851526,93.0043963483277
-146.268072917313,-74.9958975305128,93.0019799856664
-146.186371995494,-75.1583324037008,92.9995636230051
-146.104491451817,-75.3206768068103,92.9971472603439
-146.022431388111,-75.4829305420524,92.9947308976826
-145.940191906426,-75.6450934117384,92.9923145350213
-145.857773109024,-75.8071652183118,92.9898981723601
-145.775175098374,-75.9691457643488,92.9874818096988
-145.692397977185,-76.1310348524959,92.9850654470375
-145.609441848368,-76.2928322855477,92.9826490843762
-145.52630681504,-76.4545378664325,92.980232721715
-145.442992980553,-76.6161513981649,92.9778163590537
-145.359500448472,-76.7776726838776,92.9753999963925
-145.275829322563,-76.9391015268528,92.9729836337312
-145.191979706823,-77.1004377304601,92.9705672710699
-145.107951705458,-77.2616810982032,92.9681509084087
-145.023745422888,-77.422831433705,92.9657345457474
-144.939360963757,-77.583888540692,92.9633181830861
-144.854798432914,-77.7448522230257,92.9609018204249
-144.770057935427,-77.9057222846873,92.9584854577636
-144.685139576574,-78.0664985297778,92.9560690951023
-144.600043461859,-78.2271807625031,92.9536527324411
-144.514769696991,-78.3877687872046,92.9512363697798
-144.429318387887,-78.5482624083603,92.9488200071185
-144.3436896407,-78.708661430522,92.9464036444573
-144.257883561783,-78.868965658394,92.943987281796
-144.171900257702,-79.0291748968021,92.9415709191347
-144.085739835229,-79.1892889507084,92.9391545564735
-143.999402401373,-79.349307625151,92.9367381938122
-143.912888063342,-79.5092307253209,92.9343218311509
-143.826196928548,-79.6690580565466,92.9319054684896
-143.739329104641,-79.8287894242329,92.9294891058284
-143.65228469946,-79.988424633953,92.9270727431671
-143.565063821074,-80.1479634913735,92.9246563805059
-143.477666577746,-80.3074058023138,92.9222400178446
-143.390093077979,-80.4667513726714,92.9198236551833
-143.302343430462,-80.6260000085125,92.9174072925221
-143.214417744113,-80.7851515159978,92.9149909298608
-143.126316128056,-80.9442057014265,92.9125745671995
-143.038038691626,-81.1031623712222,92.9101582045382
-142.949585544367,-81.2620213319338,92.907741841877
-142.860956796048,-81.4207823902186,92.9053254792157
-142.772152556639,-81.5794453528753,92.9029091165545
-142.68317293633,-81.7380100268119,92.9004927538932
-142.594018045497,-81.8964762191081,92.8980763912319
-142.504687994769,-82.0548437368926,92.8956600285706
-142.415182894946,-82.2131123874965,92.8932436659094
-142.32550285707,-82.3712819783162,92.8908273032481
-142.235647992371,-82.52935231692,92.8884109405869
-142.145618412295,-82.6873232109883,92.8859945779256
-142.055414228519,-82.8451944682971,92.8835782152643
-141.965035552903,-83.0029658967955,92.881161852603
-141.874482497534,-83.1606373045296,92.8787454899418
-141.783755174693,-83.318208499703,92.8763291272805
-141.692853696887,-83.4756792906173,92.8739127646192
-141.601778176834,-83.6330494857017,92.871496401958
-141.510528727443,-83.7903188935446,92.8690800392967
-141.419105461852,-83.9474873228313,92.8666636766355
-141.327508493396,-84.1045545823926,92.8642473139742
-141.235737935624,-84.2615204811871,92.8618309513129
-141.143793902289,-84.4183848283025,92.8594145886516
-141.051676507375,-84.5751474329264,92.8569982259904
-140.959385865045,-84.7318081044206,92.8545818633291
-140.866922089682,-84.8883666522622,92.8521655006679
-140.774285295874,-85.0448228860583,92.8497491380066
-140.68147559844,-85.2011766155154,92.8473327753453
-140.588493112366,-85.3574276505321,92.844916412684
-140.495337952886,-85.5135758010763,92.8425000500228
-140.402010235414,-85.6696208772924,92.8400836873615
-140.308510075588,-85.8255626894263,92.8376673247002
-140.214837589255,-85.981401047855,92.835250962039
-140.120992892442,-86.137135763132,92.8328345993777
-140.026976101429,-86.2927666458682,92.8304182367164
-139.932787332657,-86.4482935068812,92.8280018740552
-139.838426702801,-86.6037161570759,92.8255855113939
-139.743894328743,-86.7590344074901,92.8231691487326
-139.649190327555,-86.9142480693237,92.8207527860714
-139.554314816541,-87.0693569538654,92.8183364234101
-139.459267913175,-87.2243608725968,92.8159200607489
-139.364049735175,-87.3792596370726,92.8135036980876
-139.268660400444,-87.5340530590118,92.8110873354263
-139.173100027094,-87.688740950267,92.808670972765
-139.077368733432,-87.8433231228397,92.8062546101038
-138.981466637999,-87.9977993888211,92.8038382474425
-138.885393859531,-88.1521695604517,92.8014218847812
-138.789150516932,-88.3064334501667,92.79900552212
-138.692736729379,-88.4605908704324,92.7965891594587
-138.596152616184,-88.6146416339535,92.7941727967974
-138.499398296926,-88.7685855534815,92.7917564341362
-138.402473891335,-88.9224224419782,92.7893400714749
-138.305379519388,-89.0761521124814,92.7869237088136
-138.208115301237,-89.2297743782098,92.7845073461524
-138.110681357255,-89.3832890524886,92.7820909834911
-138.013077808012,-89.5366959487947,92.7796746208299
-137.915304774281,-89.6899948807415,92.7772582581686
-137.817362377048,-89.8431856620647,92.7748418955073
-137.719250737492,-89.9962681066523,92.772425532846
-137.620969976989,-90.1492420285437,92.7700091701848
-137.522520217144,-90.3021072418729,92.7675928075235
-137.423901579747,-90.4548635609402,92.7651764448622
-137.325114186781,-90.6075108001995,92.762760082201
-137.22615816046,-90.7600487741983,92.7603437195397
-137.127033623174,-90.9124772976673,92.7579273568784
-137.027740697532,-91.0647961854466,92.7555109942172
-136.928279506328,-91.217005252544,92.7530946315559
-136.828650172575,-91.3691043140778,92.7506782688946
-136.728852819502,-91.5210931852906,92.7482619062334
-136.628887570486,-91.6729716816387,92.7458455435721
-136.528754549167,-91.8247396186296,92.7434291809109
-136.428453879338,-91.9763968119845,92.7410128182496
-136.327985685031,-92.1279430775061,92.7385964555883
-136.227350090461,-92.2793782311671,92.736180092927
-136.126547220043,-92.430702089081,92.7337637302658
-136.025577198393,-92.5819144675024,92.7313473676045
-135.924440150327,-92.7330151828263,92.7289310049432
-135.823136200873,-92.8840040515759,92.726514642282
-135.721665475248,-93.0348808904288,92.7240982796207
-135.62002809888,-93.1856455161916,92.7216819169595
-135.518224197377,-93.3362977458413,92.7192655542982
-135.416253896557,-93.4868373964821,92.7168491916369
-135.314117322457,-93.6372642853329,92.7144328289756
-135.211814601283,-93.7875782297975,92.7120164663144
-135.109345859452,-93.9377790474091,92.7096001036531
-135.00671122359,-94.0878665558291,92.7071837409918
-134.903910820521,-94.2378405728627,92.7047673783306
-134.800944777239,-94.3877009165011,92.7023510156693
-134.697813220974,-94.5374474048226,92.699934653008
-134.59451627914,-94.6870798560778,92.6975182903468
-134.491054079343,-94.8365980886617,92.6951019276855
-134.387426749402,-94.9860019210989,92.6926855650242
-134.283634417312,-95.1352911720882,92.690269202363
-134.179677211286,-95.2844656604438,92.6878528397017
-134.075555259726,-95.4335252051397,92.6854364770404
-133.971268691229,-95.5824696252952,92.6830201143792
-133.866817634602,-95.7312987401606,92.6806037517179
-133.762202218838,-95.8800123691462,92.6781873890566
-133.657422573127,-96.0286103318087,92.6757710263954
-133.552478826866,-96.1770924478361,92.6733546637341
-133.44737110963,-96.3254585370914,92.6709383010729
-133.342099551208,-96.4737084195559,92.6685219384116
-133.236664281587,-96.6218419153578,92.6661055757503
-133.131065430931,-96.7698588448002,92.663689213089
-133.025303129608,-96.9177590283198,92.6612728504278
-132.919377508205,-97.0655422864717,92.6588564877665
-132.81328869747,-97.2132084400019,92.6564401251052
-132.707036828361,-97.3607573097897,92.654023762444
-132.60062203205,-97.5081887168341,92.6516073997827
-132.494044439863,-97.6555024823389,92.6491910371214
-132.387304183351,-97.8026984276143,92.6467746744602
-132.280401394263,-97.9497763741189,92.6443583117989
-132.17333620453,-98.0967361434743,92.6419419491376
-132.066108746277,-98.2435775574516,92.6395255864764
-131.958719151825,-98.3903004379708,92.6371092238151
-131.851167553699,-98.5369046070876,92.6346928611538
-131.743454084607,-98.6833898870216,92.6322764984926
-131.635578877452,-98.829756100142,92.6298601358313
-131.527542065331,-98.9760030689684,92.62744377317
-131.419343781542,-99.1221306161567,92.6250274105088
-131.310984159559,-99.2681385645416,92.6226110478475
-131.202463333078,-99.4140267370663,92.6201946851862
-131.093781435969,-99.5597949568532,92.617778322525
-130.984938602283,-99.7054430471898,92.6153619598637
-130.875934966286,-99.850970831487,92.6129455972024
-130.766770662423,-99.9963781333218,92.6105292345412
-130.657445825336,-100.141664776422,92.6081128718799
-130.547960589876,-100.286830584641,92.6056965092186
-130.438315091045,-100.431875382038,92.6032801465574
-130.328509464081,-100.576798992772,92.6008637838961
-130.218543844379,-100.721601241195,92.5984474212348
-130.108418367548,-100.866281951782,92.5960310585736
-129.998133169378,-101.010840949178,92.5936146959123
-129.88768838585,-101.155278058179,92.591198333251
-129.777084153145,-101.299593103724,92.5887819705898
-129.666320607616,-101.443785910929,92.5863656079285
-129.555397885836,-101.587856305026,92.5839492452672
-129.444316124538,-101.73180411144,92.581532882606
-129.333075460667,-101.875629155725,92.5791165199447
-129.221676031335,-102.019331263615,92.5767001572834
-129.110117973877,-102.162910260959,92.5742837946222
-128.998401425785,-102.306365973802,92.5718674319609
-128.886526524763,-102.449698228315,92.5694510692996
-128.774493408682,-102.592906850855,92.5670347066384
-128.662302215634,-102.73599166789,92.5646183439771
-128.549953083869,-102.878952506086,92.5622019813158
-128.437446151847,-103.021789192239,92.5597856186546
-128.324781558204,-103.164501553314,92.5573692559933
-128.211959441766,-103.307089416431,92.554952893332
-128.09897994156,-103.449552608855,92.5525365306708
-127.985843196787,-103.591890958021,92.5501201680095
-127.872549346826,-103.734104291532,92.5477038053482
-127.759098531266,-103.876192437126,92.545287442687
-127.645490889894,-104.01815522268,92.5428710800257
-127.531726562642,-104.159992476285,92.5404547173644
-127.417805689661,-104.301704026149,92.5380383547032
-127.303728411276,-104.443289700652,92.5356219920419
-127.189494868015,-104.584749328318,92.5332056293806
-127.075105200576,-104.726082737842,92.5307892667194
-126.960559549847,-104.86728975808,92.5283729040581
-126.845858056901,-105.008370218045,92.5259565413968
-126.73100086302,-105.149323946882,92.5235401787356
-126.615988109616,-105.290150773964,92.5211238160743
-126.500819938364,-105.430850528727,92.518707453413
-126.385496491048,-105.571423040863,92.5162910907518
-126.270017909692,-105.711868140155,92.5138747280905
-126.154384336483,-105.852185656574,92.5114583654292
-126.038595913806,-105.992375420237,92.509042002768
-125.922652784205,-106.132437261449,92.5066256401067
-125.806555090422,-106.272371010661,92.5042092774454
-125.690302975407,-106.412176498459,92.5017929147842
-125.573896582259,-106.551853555629,92.4993765521229
-125.457336054272,-106.691402013108,92.4969601894616
-125.340621534948,-106.830821701963,92.4945438268004
-125.223753167926,-106.97011245348,92.4921274641391
-125.106731097075,-107.109274099051,92.4897111014778
-124.989555466413,-107.24830647027,92.4872947388166
-124.872226420164,-107.38720939887,92.4848783761553
-124.754744102723,-107.525982716755,92.482462013494
-124.637108658668,-107.664626255994,92.4800456508328
-124.519320232785,-107.803139848792,92.4776292881715
-124.401378969992,-107.941523327571,92.4752129255102
-124.283285015428,-108.079776524874,92.472796562849
-124.165038514412,-108.217899273409,92.4703802001877
-124.046639612432,-108.355891406061,92.4679638375264
-123.92808845515,-108.493752755892,92.4655474748652
-123.809385188442,-108.631483156087,92.4631311122039
-123.690529958329,-108.769082440035,92.4607147495426
-123.571522911039,-108.906550441266,92.4582983868814
-123.452364192969,-109.043886993484,92.4558820242201
-123.333053950696,-109.181091930559,92.4534656615588
-123.213592330988,-109.318165086513,92.4510492988976
-123.093979480785,-109.455106295547,92.4486329362363
-122.974215547194,-109.591915392038,92.446216573575
-122.854300677535,-109.728592210493,92.4438002109138
-122.734235019288,-109.865136585607,92.4413838482525
-122.61401872011,-110.001548352243,92.4389674855912
-122.493651927827,-110.137827345444,92.43655112293
-122.37313479048,-110.273973400378,92.4341347602687
-122.252467456263,-110.409986352408,92.4317183976074
-122.131650073553,-110.54586603706,92.4293020349462
-122.010682790903,-110.681612290031,92.4268856722849
-121.889565757043,-110.817224947182,92.4244693096236
-121.768299120897,-110.952703844531,92.4220529469624
-121.646883031554,-111.088048818274,92.4196365843011
-121.52531763829,-111.223259704762,92.4172202216398
-121.40360309054,-111.358336340542,92.4148038589786
-121.281739537924,-111.493278562314,92.4123874963173
-121.159727130266,-111.62808620692,92.409971133656
-121.037566017529,-111.762759111411,92.4075547709948
-120.91525634988,-111.897297112979,92.4051384083335
-120.792798277637,-112.031700049012,92.4027220456722
-120.67019195133,-112.165967757028,92.400305683011
-120.54743752163,-112.300100074752,92.3978893203497
-120.42453513941,-112.434096840054,92.3954729576884
-120.301484955693,-112.567957890997,92.3930565950272
-120.178287121713,-112.701683065778,92.3906402323659
-120.054941788847,-112.8352722028,92.3882238697046
-119.931449108669,-112.968725140613,92.3858075070434
-119.807809232916,-113.102041717948,92.3833911443821
-119.684022313502,-113.235221773707,92.3809747817208
-119.560088502527,-113.368265146951,92.3785584190596
-119.43600795224,-113.501171676936,92.3761420563983
-119.311780815092,-113.633941203063,92.373725693737
-119.187407243705,-113.766573564907,92.3713093310758
-119.062887390853,-113.899068602239,92.3688929684145
-118.93822140952,-114.03142615496,92.3664766057532
-118.813409452814,-114.163646063199,92.364060243092
-118.688451674066,-114.295728167202,92.3616438804307
-118.563348226745,-114.427672307428,92.3592275177694
-118.438099264516,-114.559478324481,92.3568111551082
-118.312704941204,-114.691146059152,92.3543947924469
-118.187165410821,-114.82267535239,92.3519784297856
-118.061480827526,-114.954066045345,92.3495620671244
-117.935651345687,-115.0853179793,92.3471457044631
-117.809677119809,-115.216430995749,92.3447293418018
-117.683558304578,-115.347404936349,92.3423129791406
-117.557295054868,-115.478239642916,92.3398966164793
-117.430887525709,-115.608934957454,92.337480253818
-117.304335872303,-115.739490722141,92.3350638911568
-117.177640250039,-115.869906779314,92.3326475284955
-117.050800814459,-116.000182971499,92.3302311658342
-116.92381772128,-116.130319141399,92.327814803173
-116.796691126389,-116.260315131887,92.3253984405117
-116.669421185841,-116.390170786014,92.3229820778504
-116.542008055888,-116.51988594698,92.3205657151892
-116.414451892915,-116.6494604582,92.3181493525279
-116.28675285349,-116.778894163248,92.3157329898666
-116.158911094359,-116.908186905866,92.3133166272054
-116.030926772429,-117.037338529979,92.3109002645441
-115.902800044788,-117.16634887968,92.3084839018828
-115.774531068654,-117.295217799275,92.3060675392216
-115.646120001477,-117.423945133181,92.3036511765603
-115.517567000815,-117.552530726058,92.301234813899
-115.388872224441,-117.68097442269,92.2988184512378
-115.260035830274,-117.809276068064,92.2964020885765
-115.131057976387,-117.937435507357,92.2939857259152
-115.001938821046,-118.065452585897,92.291569363254
-114.872678522685,-118.193327149192,92.2891530005927
-114.743277239882,-118.32105904295,92.2867366379314
-114.613735131416,-118.448648113021,92.2843202752701
-114.484052356186,-118.576094205482,92.2819039126089
-114.354229073307,-118.703397166539,92.2794875499476
-114.224265442035,-118.830556842602,92.2770711872864
-114.09416162178,-118.957573080269,92.2746548246251
-113.963917772157,-119.084445726284,92.2722384619638
-113.833534052921,-119.211174627592,92.2698220993026
-113.703010623981,-119.337759631328,92.2674057366413
-113.572347645434,-119.464200584786,92.26498937398
-113.441545277547,-119.590497335435,92.2625730113188
-113.310603680723,-119.716649730952,92.2601566486575
-113.179523015556,-119.842657619166,92.2577402859962
-113.048303442795,-119.968520848101,92.255323923335
-112.916945123362,-120.094239265946,92.2529075606737
-112.785448218322,-120.219812721098,92.2504911980124
-112.653812888926,-120.345241062109,92.2480748353512
-112.52203929658,-120.470524137722,92.2456584726899
-112.390127602862,-120.595661796851,92.2432421100286
-112.258077969506,-120.720653888603,92.2408257473674
-112.125890558391,-120.845500262277,92.2384093847061
-111.993565531603,-120.970200767318,92.2359930220448
-111.861103051362,-121.094755253377,92.2335766593836
-111.728503280037,-121.219163570299,92.2311602967223
-111.59576638019,-121.343425568085,92.228743934061
-111.46289251454,-121.467541096921,92.2263275713998
-111.329881845945,-121.591510007197,92.2239112087385
-111.19673453745,-121.715332149462,92.2214948460772
-111.063450752264,-121.839007374449,92.219078483416
-110.930030653715,-121.962535533107,92.2166621207547
-110.79647440536,-122.08591647651,92.2142457580934
-110.66278217085,-122.209150055976,92.2118293954322
-110.528954114051,-122.332236122957,92.2094130327709
-110.394990398949,-122.455174529123,92.2069966701096
-110.260891189717,-122.577965126307,92.2045803074484
-110.126656650677,-122.700607766535,92.2021639447871
-109.992286946307,-122.82310230202,92.1997475821258
-109.857782241263,-122.945448585142,92.1973312194646
-109.723142700344,-123.067646468484,92.1949148568033
-109.588368488495,-123.18969580482,92.192498494142
-109.453459770877,-123.311596447065,92.1900821314808
-109.318416712739,-123.433348248374,92.1876657688195
-109.183239479531,-123.554951062056,92.1852494061582
-109.047928236849,-123.676404741615,92.182833043497
-108.912483150446,-123.797709140739,92.1804166808357
-108.776904386248,-123.918864113291,92.1780003181744
-108.641192110323,-124.039869513333,92.1755839555132
-108.505346488913,-124.160725195099,92.1731675928519
-108.36936768839,-124.281431013034,92.1707512301906
-108.233255875309,-124.401986821743,92.1683348675294
-108.09701121637,-124.522392476033,92.1659185048681
-107.960633878429,-124.642647830895,92.1635021422068
-107.824124028513,-124.762752741496,92.1610857795456
-107.687481833792,-124.8827070632,92.1586694168843
-107.550707461591,-125.002510651562,92.156253054223
-107.413801079393,-125.122163362319,92.1538366915618
-107.276762854864,-125.241665051376,92.1514203289005
-107.139592955769,-125.36101557487,92.1490039662392
-107.002291550071,-125.480214789092,92.146587603578
-106.864858805888,-125.59926255052,92.1441712409167
-106.727294891481,-125.718158715834,92.1417548782554
-106.589599975248,-125.83690314191,92.1393385155941
-106.451774225801,-125.955495685769,92.1369221529329
-106.313817811821,-126.073936204688,92.1345057902716
-106.175730902227,-126.192224556066,92.1320894276104
-106.037513666038,-126.310360597534,92.1296730649491
-105.899166272437,-126.428344186903,92.1272567022878
-105.760688890764,-126.546175182172,92.1248403396266
-105.622081690538,-126.663853441506,92.1224239769653
-105.483344841391,-126.781378823295,92.120007614304
-105.344478513135,-126.898751186096,92.1175912516428
-105.205482875707,-127.015970388677,92.1151748889815
-105.066358099224,-127.133036289974,92.1127585263202
-104.927104353956,-127.249948749115,92.110342163659
-104.787721810296,-127.366707625439,92.1079258009977
-104.648210638817,-127.483312778452,92.1055094383364
-104.508571010232,-127.599764067866,92.1030930756752
-104.368803095416,-127.716061353568,92.1006767130139
-104.228907065369,-127.832204495661,92.0982603503526
-104.088883091271,-127.948193354416,92.0958439876914
-103.948731344449,-128.064027790296,92.0934276250301
-103.808451996358,-128.179707663977,92.0910112623688
-103.668045218613,-128.295232836316,92.0885948997075
-103.527511183008,-128.410603168339,92.0861785370463
-103.386850061447,-128.525818521299,92.083762174385
-103.246062025995,-128.640878756627,92.0813458117238
-103.105147248895,-128.755783735927,92.0789294490625
-102.964105902486,-128.870533321038,92.0765130864012
-102.822938159309,-128.985127373948,92.07409672374
-102.681644192026,-129.09956575686,92.0716803610787
-102.540224173436,-129.213848332181,92.0692639984174
-102.398678276512,-129.327974962488,92.0668476357561
-102.25700667439,-129.441945510542,92.0644312730949
-102.115209540298,-129.55575983934,92.0620149104336
-101.97328704764,-129.669417812052,92.0595985477723
-101.831239370009,-129.782919292005,92.0571821851111
-101.689066681062,-129.896264142792,92.0547658224498
-101.546769154687,-130.009452228128,92.0523494597885
-101.404346964847,-130.122483411981,92.0499330971273
-101.261800285711,-130.235357558468,92.047516734466
-101.119129291563,-130.348074531922,92.0451003718048
-100.976334156837,-130.460634196873,92.0426840091435
-100.833415056109,-130.573036418042,92.0402676464822
-100.690372164104,-130.685281060348,92.0378512838209
-100.547205655704,-130.797367988894,92.0354349211597
-100.403915705925,-130.909297068987,92.0330185584984
-100.260502489926,-131.021068166132,92.0306021958371
-100.116966183026,-131.132681146017,92.0281858331759
-99.9733069606739,-131.244135874537,92.0257694705146
-99.8295249984497,-131.355432217794,92.0233531078534
-99.6856204721333,-131.466570042043,92.0209367451921
-99.5415935575792,-131.577549213788,92.0185203825308
-99.3974444308132,-131.68836959971,92.0161040198695
-99.2531732680326,-131.799031066662,92.0136876572083
-99.1087802455503,-131.909533481719,92.011271294547
-98.9642655398083,-132.019876712159,92.0088549318858
-98.8196293274199,-132.130060625439,92.0064385692245
-98.6748717851404,-132.240085089212,92.0040222065632
-98.5299930898259,-132.34994997136,92.0016058439019
-98.3849934185449,-132.459655139909,91.9991894812407
-98.2398729484522,-132.569200463126,91.9967731185794
-98.0946318568575,-132.678585809464,91.9943567559181
-97.9492703212412,-132.787811047555,91.9919403932569
-97.8037885191541,-132.896876046278,91.9895240305956
-97.6581866283726,-133.00578067465,91.9871076679343
-97.5124648267725,-133.114524801917,91.9846913052731
-97.3666232923554,-133.223108297534,91.9822749426118
-97.2206622033062,-133.331531031123,91.9798585799505
-97.0745817378929,-133.439792872547,91.9774422172893
-96.9283820745957,-133.547893691814,91.975025854628
-96.7820633919619,-133.655833359186,91.9726094919668
-96.6356258687225,-133.763611745092,91.9701931293055
-96.489069683747,-133.871228720158,91.9677767666442
-96.3423950160161,-133.978684155234,91.9653604039829
-96.1956020446774,-134.085977921347,91.9629440413217
-96.0486909490034,-134.193109889733,91.9605276786604
-95.9016619084192,-134.30007993182,91.9581113159991
-95.7545151024737,-134.406887919245,91.9556949533379
-95.6072507108398,-134.513533723856,91.9532785906766
-95.459868913371,-134.620017217671,91.9508622280154
-95.3123698900297,-134.726338272927,91.9484458653541
-95.1647538209014,-134.832496762075,91.9460295026928
-95.0170208862518,-134.938492557734,91.9436131400315
-94.8691712664402,-135.044325532755,91.9411967773703
-94.7212051419917,-135.14999556017,91.938780414709
-94.5731226935387,-135.255502513233,91.9363640520478
-94.4249241018932,-135.360846265368,91.9339476893865
-94.2766095479598,-135.466026690232,91.9315313267252
-94.1281792128228,-135.571043661651,91.9291149640639
-93.9796332776435,-135.675897053698,91.9266986014027
-93.830971923762,-135.780586740612,91.9242822387414
-93.6821953326541,-135.885112596839,91.9218658760801
-93.5333036859152,-135.989474497034,91.9194495134189
-93.3842971652761,-136.093672316056,91.9170331507576
-93.2351759526158,-136.197705928957,91.9146167880963
-93.0859402299189,-136.301575211009,91.9122004254351
-92.9365901793478,-136.405280037661,91.9097840627738
-92.7871259831395,-136.508820284601,91.9073677001125
-92.6375478237238,-136.612195827683,91.9049513374513
-92.4878558836342,-136.715406542982,91.90253497479
-92.3380503455373,-136.818452306779,91.9001186121288
-92.1881313922323,-136.921332995556,91.8977022494675
-92.0380992066658,-137.02404848599,91.8952858868062
-91.8879539719021,-137.126598654973,91.8928695241449
-91.7376958711378,-137.228983379597,91.8904531614837
-91.5873250877015,-137.331202537163,91.8880367988224
-91.4368418050673,-137.433256005163,91.8856204361611
-91.2862462068423,-137.535143661294,91.8832040734999
-91.1355384767193,-137.636865383488,91.8807877108386
-90.9847187985814,-137.738421049843,91.8783713481774
-90.8337873564135,-137.839810538678,91.8759549855161
-90.6827443343303,-137.941033728522,91.8735386228548
-90.5315899165774,-138.042090498104,91.8711222601935
-90.3803242875451,-138.142980726351,91.8687058975323
-90.2289476317384,-138.243704292407,91.866289534871
-90.0774601338069,-138.344261075608,91.8638731722097
-89.9258619784859,-138.444650955526,91.8614568095485
-89.7741533507128,-138.544873811892,91.8590404468872
-89.6223344354804,-138.644929524689,91.8566240842259
-89.4704054179696,-138.744817974069,91.8542077215647
-89.318366483445,-138.844539040419,91.8517913589034
-89.1662178173442,-138.944092604301,91.8493749962421
-89.0139596051731,-139.043478546527,91.8469586335809
-88.8615920326254,-139.142696748071,91.8445422709196
-88.7091152854918,-139.241747090138,91.8421259082583
-88.5565295496761,-139.340629454146,91.8397095455971
-88.4038350112536,-139.439343721694,91.8372931829358
-88.2510318563816,-139.537889774615,91.8348768202745
-88.0981202713744,-139.636267494929,91.8324604576133
-87.9451004426568,-139.734476764877,91.830044094952
-87.7919725567958,-139.832517466895,91.8276277322907
-87.6387368004537,-139.930389483645,91.8252113696295
-87.4853933604484,-140.02809269798,91.8227950069682
-87.3319424237089,-140.12562699297,91.8203786443069
-87.1783841773038,-140.222992251881,91.8179622816457
-87.0247188084121,-140.320188358201,91.8155459189844
-86.8709465043224,-140.417215195632,91.8131295563231
-86.7170674524924,-140.514072648058,91.8107131936619
-86.56308184046,-140.610760599599,91.8082968310006
-86.4089898559316,-140.707278934557,91.8058804683393
-86.2547916866775,-140.803627537478,91.8034641056781
-86.1004875206514,-140.899806293082,91.8010477430168
-85.9460775458859,-140.995815086324,91.7986313803555
-85.7915619505659,-141.091653802351,91.7962150176943
-85.6369409230005,-141.187322326519,91.793798655033
-85.4822146515902,-141.282820544411,91.7913822923717
-85.3273833248884,-141.378148341804,91.7889659297105
-85.1724471315558,-141.473305604691,91.7865495670492
-85.0174062603899,-141.568292219266,91.7841332043879
-84.86226090028,-141.663108071953,91.7817168417267
-84.707011240267,-141.757753049367,91.7793004790654
-84.551657469498,-141.852227038342,91.7768841164041
-84.3961997772405,-141.946529925923,91.7744677537429
-84.2406383528988,-142.040661599355,91.7720513910816
-84.0849733859973,-142.134621946097,91.7696350284203
-83.9292050661355,-142.228410853841,91.7672186657591
-83.7733335830935,-142.322028210459,91.7648023030978
-83.6173591267409,-142.415473904048,91.7623859404365
-83.4612818870666,-142.508747822918,91.7599695777753
-83.3051020541945,-142.601849855581,91.757553215114
-83.1488198183375,-142.694779890779,91.7551368524527
-82.9924353698567,-142.787537817446,91.7527204897915
-82.8359488992331,-142.880123524729,91.7503041271302
-82.6793605970352,-142.972536902004,91.7478877644689
-82.5226706539645,-143.064777838851,91.7454714018077
-82.3658792608716,-143.156846225043,91.7430550391464
-82.2089866086788,-143.248741950592,91.7406386764851
-82.0519928884562,-143.340464905705,91.7382223138239
-81.8948982913763,-143.432014980809,91.7358059511626
-81.7377030087281,-143.523392066547,91.7333895885013
-81.5804072319183,-143.61459605377,91.7309732258401
-81.4230111524838,-143.705626833536,91.7285568631788
-81.2655149620644,-143.796484297124,91.7261405005175
-81.1079188524145,-143.887168336026,91.7237241378563
-80.9502230154201,-143.977678841937,91.721307775195
-80.7924276430682,-144.068015706777,91.7188914125337
-80.6345329274598,-144.158178822676,91.7164750498725
-80.4765390608118,-144.24816808198,91.7140586872112
-80.3184462354714,-144.337983377239,91.7116423245499
-80.1602546438849,-144.427624601226,91.7092259618887
-80.0019644786127,-144.517091646925,91.7068095992274
-79.8435759323454,-144.60638440753,91.7043932365661
-79.6850891978715,-144.695502776455,91.7019768739049
-79.5265044680933,-144.784446647328,91.6995605112436
-79.3678219360267,-144.873215913992,91.6971441485823
-79.2090417948165,-144.961810470496,91.6947277859211
-79.0501642376885,-145.05023021112,91.6923114232598
-78.8911894580292,-145.138475030333,91.6898950605985
-78.7321176492897,-145.226544822847,91.6874786979373
-78.5729490050806,-145.31443948356,91.685062335276
-78.4136837190621,-145.40215890762,91.6826459726147
-78.2543219850533,-145.489702990366,91.6802296099535
-78.0948639969843,-145.57707162735,91.6778132472922
-77.9353099488806,-145.664264714351,91.6753968846309
-77.7756600348798,-145.75128214736,91.6729805219697
-77.6159144492449,-145.838123822578,91.6705641593084
-77.4560733863188,-145.924789636437,91.6681477966471
-77.2961370405857,-146.011279485569,91.6657314339859
-77.1361056066401,-146.097593266821,91.6633150713246
-76.9759792791546,-146.183730877274,91.6608987086633
-76.8157582529436,-146.269692214207,91.6584823460021
-76.6554427229141,-146.355477175125,91.6560659833408
-76.4950328840988,-146.441085657741,91.6536496206795
-76.3345289316072,-146.52651756,91.6512332580183
-76.1739310606893,-146.611772780048,91.648816895357
-76.0132394666876,-146.696851216256,91.6464005326957
-75.8524543450684,-146.781752767204,91.6439841700345
-75.6915758913902,-146.866477331696,91.6415678073732
-75.5306043013196,-146.951024808754,91.6391514447119
-75.3695397706299,-147.035395097618,91.6367350820507
-75.2083824952178,-147.119588097735,91.6343187193894
-75.0471326710711,-147.20360370878,91.6319023567281
-74.8857904942844,-147.287441830644,91.6294859940669
-74.7243561610586,-147.371102363436,91.6270696314056
-74.5628298677162,-147.454585207475,91.6246532687443
-74.4012118106706,-147.537890263306,91.6222369060831
-74.2395021864566,-147.621017431683,91.6198205434218
-74.0777011916825,-147.703966613595,91.6174041807605
-73.9158090230938,-147.786737710233,91.6149878180993
-73.7538258775405,-147.869330623008,91.612571455438
-73.5917519519309,-147.95174525357,91.6101550927767
-73.4295874433556,-148.033981503751,91.6077387301155
-73.2673325489316,-148.116039275638,91.6053223674542
-73.1049874659423,-148.197918471509,91.6029060047929
-72.9425523917277,-148.279618993882,91.6004896421317
-72.7800275237633,-148.361140745479,91.5980732794704
-72.6174130596278,-148.44248362924,91.5956569168091
-72.4547091969547,-148.523647548349,91.5932405541479
-72.2919161335607,-148.604632406171,91.5908241914866
-72.1290340672848,-148.685438106327,91.5884078288253
-71.9660631961326,-148.766064552628,91.5859914661641
-71.8030037181631,-148.846511649128,91.5835751035028
-71.6398558315702,-148.926779300084,91.5811587408415
-71.4766197346326,-149.006867409982,91.5787423781803
-71.3132956257462,-149.08677588352,91.576326015519
-71.1498837033767,-149.166504625631,91.5739096528577
-70.9863841661222,-149.246053541452,91.5714932901965
-70.8227972126812,-149.325422536343,91.5690769275352
-70.6591230418054,-149.404611515903,91.5666605648739
-70.4953618524255,-149.483620385918,91.5642442022127
-70.331513843509,-149.562449052421,91.5618278395514
-70.1675792141381,-149.641097421661,91.5594114768901
-70.0035581635117,-149.7195654001,91.5569951142289
-69.8394508909103,-149.797852894425,91.5545787515676
-69.6752575957146,-149.875959811549,91.5521623889063
-69.5109784774033,-149.953886058602,91.5497460262451
-69.3466137355693,-150.031631542931,91.5473296635838
-69.182163569888,-150.109196172108,91.5449133009225
-69.0176281801489,-150.186579853922,91.5424969382613
-68.8530077662065,-150.263782496398,91.5400805756
-68.6883025280452,-150.340804007767,91.5376642129387
-68.5235126657467,-150.417644296481,91.5352478502775
-68.358638379441,-150.494303271238,91.5328314876162
-68.1936798694357,-150.570780840919,91.5304151249549
-68.0286373360536,-150.647076914665,91.5279987622937
-67.8635109797786,-150.72319140181,91.5255823996324
-67.6983010011586,-150.799124211923,91.5231660369711
-67.5330076008203,-150.874875254804,91.5207496743099
-67.3676309795185,-150.950444440462,91.5183333116486
-67.2021713381036,-151.025831679127,91.5159169489873
-67.0366288775038,-151.101036881257,91.5135005863261
-66.871003798727,-151.176059957545,91.5110842236648
-66.7052963029227,-151.250900818879,91.5086678610035
-66.5395065913037,-151.32555937639,91.5062514983423
-66.3736348651596,-151.400035541435,91.503835135681
-66.2076813259222,-151.474329225575,91.5014187730197
-66.0416461750692,-151.548440340614,91.4990024103585
-65.8755296141862,-151.622368798574,91.4965860476972
-65.7093318449857,-151.696114511684,91.4941696850359
-65.543053069223,-151.76967739242,91.4917533223746
-65.3766934887792,-151.843057353465,91.4893369597134
-65.2102533055948,-151.916254307742,91.4869205970521
-65.0437327217344,-151.989268168382,91.4845042343909
-64.877131939355,-152.062098848741,91.4820878717296
-64.7104511606884,-152.134746262405,91.4796715090683
-64.5436905880412,-152.207210323193,91.4772551464071
-64.3768504238603,-152.279490945124,91.4748387837458
-64.2099308706338,-152.351588042464,91.4724224210845
-64.0429321309736,-152.423501529691,91.4700060584233
-63.8758544075652,-152.495231321511,91.467589695762
-63.7086979032002,-152.56677733285,91.4651733331007
-63.5414628207435,-152.638139478864,91.4627569704395
-63.3741493631337,-152.709317674942,91.4603406077782
-63.2067577334311,-152.780311836683,91.4579242451169
-63.0392881347844,-152.851121879912,91.4555078824557
-62.8717407704153,-152.921747720684,91.4530915197944
-62.7041158436342,-152.992189275281,91.4506751571331
-62.5364135578389,-153.062446460208,91.4482587944719
-62.3686341165319,-153.132519192192,91.4458424318106
-62.2007777232873,-153.202407388187,91.4434260691493
-62.0328445817666,-153.272110965377,91.4410097064881
-61.8648348957346,-153.341629841163,91.4385933438268
-61.6967488690106,-153.410963933184,91.4361769811655
-61.5285867055498,-153.480113159287,91.4337606185043
-61.3603486093444,-153.549077437562,91.431344255843
-61.1920347845059,-153.617856686315,91.4289278931817
-61.0236454351986,-153.686450824087,91.4265115305205
-60.8551807657225,-153.754859769629,91.4240951678592
-60.686640980413,-153.823083441936,91.4216788051979
-60.5180262837239,-153.891121760216,91.4192624425366
-60.3493368801775,-153.95897464391,91.4168460798754
-60.1805729743976,-154.026642012681,91.4144297172141
-60.0117347710589,-154.094123786428,91.4120133545529
-59.8428224749537,-154.161419885265,91.4095969918916
-59.673836290942,-154.228530229541,91.4071806292303
-59.5047764239829,-154.295454739822,91.4047642665691
-59.3356430791041,-154.36219333691,91.4023479039078
-59.1664364613983,-154.428745941839,91.3999315412465
-58.9971567760923,-154.495112475851,91.3975151785853
-58.8278042284614,-154.561292860428,91.395098815924
-58.658379023847,-154.627287017285,91.3926824532627
-58.4888813677231,-154.693094868346,91.3902660906015
-58.3193114655948,-154.758716335782,91.3878497279402
-58.149669523083,-154.824151341976,91.3854333652789
-57.9799557458899,-154.889399809541,91.3830170026177
-57.8101703397484,-154.954461661335,91.3806006399564
-57.6403135105394,-155.019336820421,91.3781842772951
-57.4703854641911,-155.084025210099,91.3757679146339
-57.3003864067124,-155.1485267539,91.3733515519726
-57.1303165442085,-155.212841375573,91.3709351893113
-56.960176082848,-155.276968999105,91.3685188266501
-56.7899652288633,-155.340909548714,91.3661024639888
-56.6196841886147,-155.404662948831,91.3636861013275
-56.4493331685096,-155.468229124124,91.3612697386663
-56.2789123750174,-155.531607999498,91.358853376005
-56.1084220147357,-155.594799500068,91.3564370133437
-55.9378622942912,-155.657803551194,91.3540206506825
-55.767233420421,-155.720620078454,91.3516042880212
-55.5965355999249,-155.78324900766,91.3491879253599
-55.4257690396792,-155.845690264852,91.3467715626986
-55.2549339466714,-155.907943776289,91.3443552000374
-55.0840305278826,-155.970009468487,91.3419388373761
-54.9130589904874,-156.031887268149,91.3395224747149
-54.742019541621,-156.09357710225,91.3371061120536
-54.5709123885944,-156.155078897957,91.3346897493923
-54.3997377387112,-156.216392582698,91.3322733867311
-54.2284957994182,-156.277518084104,91.3298570240698
-54.0571867782038,-156.338455330049,91.3274406614085
-53.8858108826157,-156.399204248642,91.3250242987473
-53.7143683203263,-156.459764768203,91.322607936086
-53.542859299033,-156.520136817299,91.3201915734247
-53.371284026541,-156.580320324717,91.3177752107635
-53.1996427107136,-156.640315219478,91.3153588481022
-53.0279355594875,-156.700121430833,91.3129424854409
-52.8561627808906,-156.759738888256,91.3105261227796
-52.6843245830073,-156.819167521459,91.3081097601184
-52.5124211739954,-156.878407260383,91.3056933974571
-52.3404527621025,-156.937458035193,91.3032770347959
-52.1684195556324,-156.99631977629,91.3008606721346
-51.9963217629444,-157.05499241431,91.2984443094733
-51.8241595925209,-157.113475880106,91.296027946812
-51.6519332528822,-157.171770104767,91.2936115841508
-51.4796429526041,-157.229875019623,91.2911952214895
-51.307288900384,-157.287790556216,91.2887788588283
-51.1348713049403,-157.345516646334,91.286362496167
-50.9623903751132,-157.403053221981,91.2839461335057
-50.7898463197456,-157.460400215413,91.2815297708445
-50.6172393478023,-157.5175575591,91.2791134081832
-50.4445696683178,-157.574525185744,91.2766970455219
-50.2718374903965,-157.631303028277,91.2742806828606
-50.0990430231625,-157.687891019879,91.2718643201994
-49.9261864758765,-157.744289093938,91.2694479575381
-49.753268057835,-157.800497184086,91.2670315948768
-49.5802879784031,-157.856515224185,91.2646152322156
-49.4072464470145,-157.912343148329,91.2621988695543
-49.2341436731891,-157.967980890837,91.259782506893
-49.0609798664971,-158.023428386265,91.2573661442318
-48.8877552365776,-158.078685569402,91.2549497815705
-48.7144699931536,-158.133752375262,91.2525334189093
-48.5411243459818,-158.188628739101,91.250117056248
-48.3677185049372,-158.243314596391,91.2477006935867
-48.194252679911,-158.297809882853,91.2452843309254
-48.0207270808944,-158.352114534428,91.2428679682642
-47.8471419179286,-158.406228487294,91.2404516056029
-47.6734974011205,-158.460151677862,91.2380352429416
-47.4997937406603,-158.513884042769,91.2356188802804
-47.3260311467699,-158.567425518895,91.2332025176191
-47.1522098297701,-158.620776043341,91.2307861549579
-46.9783300000643,-158.673935553437,91.2283697922966
-46.8043918680356,-158.726903986769,91.2259534296353
-46.6303956442338,-158.779681281125,91.223537066974
-46.4563415392049,-158.832267374547,91.2211207043128
-46.2822297635929,-158.884662205299,91.2187043416515
-46.1080605280724,-158.936865711886,91.2162879789903
-45.933834043432,-158.988877833033,91.213871616329
-45.7595505204723,-159.040698507711,91.2114552536677
-45.5852101700914,-159.092327675115,91.2090388910064
-45.4108132032333,-159.143765274677,91.2066225283452
-45.236359830905,-159.195011246062,91.2042061656839
-45.0618502641744,-159.246065529168,91.2017898030226
-44.8872847142069,-159.296928064117,91.1993734403614
-44.7126633921778,-159.347598791276,91.1969570777001
-44.5379865093415,-159.398077651244,91.1945407150388
-44.3632542770303,-159.448364584847,91.1921243523776
-44.1884669066207,-159.498459533147,91.1897079897163
-44.0136246095668,-159.548362437438,91.187291627055
-43.8387275973496,-159.598073239254,91.1848752643938
-43.6637760815435,-159.647591880355,91.1824589017325
-43.4887702737666,-159.696918302738,91.1800425390713
-43.3137103856967,-159.746052448633,91.17762617641
-43.1385966291052,-159.794994260496,91.1752098137487
-42.9634292157708,-159.84374368103,91.1727934510874
-42.7882083575324,-159.892300653172,91.1703770884262
-42.6129342663547,-159.940665120072,91.1679607257649
-42.4376071541758,-159.988837025141,91.1655443631036
-42.2622272330609,-160.036816312002,91.1631280004424
-42.0867947150812,-160.084602924528,91.1607116377811
-41.9113098123999,-160.132196806815,91.1582952751199
-41.7357727372205,-160.179597903198,91.1558789124586
-41.560183701821,-160.226806158244,91.1534625497973
-41.3845429185016,-160.27382151676,91.151046187136
-41.208850599654,-160.32064392378,91.1486298244748
-41.0331069577254,-160.367273324572,91.1462134618135
-40.8573122051684,-160.413709664652,91.1437970991523
-40.6814665545771,-160.459952889747,91.141380736491
-40.5055702185322,-160.506002945838,91.1389643738297
-40.3296234096873,-160.551859779135,91.1365480111684
-40.1536263407677,-160.597523336078,91.1341316485072
-39.9775792245373,-160.642993563347,91.1317152858459
-39.8014822738307,-160.688270407851,91.1292989231846
-39.6253357015026,-160.733353816744,91.1268825605234
-39.4491397204801,-160.778243737409,91.1244661978621
-39.2728945437767,-160.822940117456,91.1220498352008
-39.0966003844261,-160.867442904739,91.1196334725396
-38.920257455498,-160.911752047349,91.1172171098783
-38.743865970149,-160.955867493606,91.114800747217
-38.5674261415717,-160.999789192069,91.1123843845558
-38.3909381830284,-161.043517091527,91.1099680218945
-38.2144023078159,-161.087051141007,91.1075516592333
-38.0378187292834,-161.130391289775,91.105135296572
-37.8611876608491,-161.173537487325,91.1027189339107
-37.6845093159479,-161.216489683396,91.1003025712494
-37.5077839081178,-161.259247827948,91.0978862085882
-37.3310116508956,-161.301811871192,91.0954698459269
-37.1541927578863,-161.344181763568,91.0930534832656
-36.9773274427801,-161.386357455743,91.0906371206044
-36.8004159192477,-161.428338898638,91.0882207579431
-36.6234584010965,-161.470126043388,91.0858043952818
-36.4464551020965,-161.511718841384,91.0833880326206
-36.2694062361201,-161.55311724424,91.0809716699593
-36.09231201707,-161.594321203811,91.078555307298
-35.9151726589162,-161.635330672182,91.0761389446368
-35.7379883756594,-161.676145601681,91.0737225819755
-35.5607593813662,-161.716765944864,91.0713062193142
-35.3834858901165,-161.757191654534,91.068889856653
-35.2061681160724,-161.79742268372,91.0664734939917
-35.0288062734269,-161.837458985693,91.0640571313304
-34.8514005764197,-161.877300513957,91.0616407686692
-34.6739512393546,-161.916947222252,91.0592244060079
-34.4964584765656,-161.956399064555,91.0568080433466
-34.3189225024501,-161.995655995077,91.0543916806854
-34.1413435314171,-162.034717968273,91.0519753180241
-33.963721777956,-162.073584938824,91.0495589553628
-33.786057456585,-162.112256861656,91.0471425927016
-33.6083507818674,-162.150733691927,91.0447262300403
-33.4306019684467,-162.189015385025,91.042309867379
-33.2528112309418,-162.227101896592,91.0398935047178
-33.0749787840856,-162.264993182488,91.0374771420565
-32.8971048426034,-162.302689198823,91.0350607793952
-32.7191896212993,-162.340189901934,91.032644416734
-32.5412333350214,-162.377495248399,91.0302280540727
-32.3632361986265,-162.414605195035,91.0278116914114
-32.1851984270497,-162.451519698891,91.0253953287502
-32.007120235252,-162.488238717256,91.0229789660889
-31.829001838254,-162.524762207652,91.0205626034276
-31.6508434510847,-162.561090127846,91.0181462407664
-31.4726452888501,-162.597222435833,91.0157298781051
-31.2944075666805,-162.63315908985,91.0133135154438
-31.1161304997657,-162.668900048366,91.0108971527826
-30.9378143033198,-162.704445270093,91.0084807901213
-30.7594591925977,-162.739794713977,91.00606442746
-30.5810653828956,-162.774948339203,91.0036480647988
-30.402633089568,-162.809906105189,91.0012317021375
-30.2241625279922,-162.844667971594,90.9988153394762
-30.0456539136031,-162.879233898311,90.996398976815
-29.8671074618411,-162.913603845475,90.9939826141537
-29.6885233882208,-162.947777773455,90.9915662514924
-29.5099019082789,-162.981755642857,90.9891498888312
-29.331243237609,-163.015537414524,90.9867335261699
-29.1525475918082,-163.049123049541,90.9843171635086
-28.9738151865652,-163.082512509222,90.9819008008474
-28.7950462375538,-163.115705755128,90.9794844381861
-28.6162409605224,-163.148702749049,90.9770680755248
-28.4373995712207,-163.181503453021,90.9746517128636
-28.2585222854894,-163.214107829309,90.9722353502023
-28.0796093191537,-163.246515840422,90.969818987541
-27.9006608881113,-163.278727449102,90.9674026248798
-27.7216772082962,-163.31074261833,90.9649862622185
-27.542658495627,-163.342561311331,90.9625698995572
-27.3636049661454,-163.374183491555,90.960153536896
-27.18451683586,-163.405609122701,90.9577371742347
-27.0053943208145,-163.436838168705,90.9553208115734
-26.8262376371584,-163.46787059373,90.9529044489122
-26.6470470009886,-163.498706362192,90.9504880862509
-26.4678226285082,-163.529345438731,90.9480717235896
-26.2885647359006,-163.559787788235,90.9456553609284
-26.1092735394026,-163.590033375829,90.9432389982671
-25.9299492553199,-163.620082166866,90.9408226356058
-25.7505920999395,-163.64993412695,90.9384062729446
-25.5712022896171,-163.679589221914,90.9359899102833
-25.3917800407243,-163.709047417835,90.933573547622
-25.2123255696659,-163.738308681024,90.9311571849608
-25.0328390928972,-163.767372978031,90.9287408222995
-24.8533208268706,-163.796240275648,90.9263244596382
-24.6737709881245,-163.824910540898,90.923908096977
-24.4941897931758,-163.85338374105,90.9214917343157
-24.3145774586087,-163.881659843604,90.9190753716544
-24.1349342010039,-163.909738816306,90.9166590089932
-23.9552602370258,-163.937620627133,90.9142426463319
-23.7755557833354,-163.965305244302,90.9118262836706
-23.5958210566064,-163.992792636274,90.9094099210094
-23.4160562735955,-164.020082771741,90.9069935583481
-23.2362616510378,-164.047175619638,90.9045771956868
-23.0564374057329,-164.074071149137,90.9021608330256
-22.8765837544926,-164.100769329648,90.8997444703643
-22.6967009141761,-164.127270130819,90.897328107703
-22.5167891016365,-164.15357352254,90.8949117450418
-22.3368485337906,-164.179679474937,90.8924953823805
-22.1568794275673,-164.205587958374,90.8900790197192
-21.9768819999404,-164.231298943452,90.887662657058
-21.7968564678949,-164.256812401016,90.8852462943967
-21.6168030484439,-164.282128302145,90.8828299317354
-21.4367219586273,-164.30724661816,90.8804135690742
-21.256613415531,-164.332167320617,90.8779972064129
-21.07647763625,-164.356890381313,90.8755808437516
-20.8963148379057,-164.381415772285,90.8731644810904
-20.7161252376647,-164.405743465805,90.8707481184291
-20.535909052701,-164.429873434387,90.8683317557678
-20.355666500216,-164.453805650783,90.8659153931066
-20.1753977974535,-164.477540087982,90.8634990304453
-19.9951031616482,-164.501076719216,90.861082667784
-19.8147828101129,-164.524415517951,90.8586663051228
-19.6344369601144,-164.547556457897,90.8562499424615
-19.4540658290335,-164.570499512997,90.8538335798002
-19.2736696342034,-164.593244657436,90.851417217139
-19.0932485929831,-164.615791865643,90.8490008544777
-18.9128029228252,-164.638141112275,90.8465844918164
-18.7323328411177,-164.660292372238,90.8441681291552
-18.5518385653255,-164.682245620671,90.8417517664939
-18.3713203129363,-164.704000832954,90.8393354038326
-18.1907783014434,-164.725557984707,90.8369190411714
-18.010212748345,-164.746917051789,90.8345026785101
-17.8296238712143,-164.768078010296,90.8320863158488
-17.6490118876117,-164.789040836563,90.8296699531876
-17.4683770151019,-164.809805507169,90.8272535905263
-17.2877194713235,-164.830371998926,90.824837227865
-17.1070394739019,-164.850740288888,90.8224208652038
-16.9263372404657,-164.870910354349,90.8200045025425
-16.7456129886993,-164.890882172842,90.8175881398812
-16.5648669363079,-164.910655722136,90.81517177722
-16.3840993009816,-164.930230980244,90.8127554145587
-16.2033103004662,-164.949607925415,90.8103390518974
-16.0225001525266,-164.968786536136,90.8079226892362
-15.8416690749123,-164.987766791139,90.8055063265749
-15.660817285445,-165.006548669388,90.8030899639136
-15.4799450018949,-165.025132150094,90.8006736012524
-15.299052442121,-165.043517212701,90.7982572385911
-15.1181398239658,-165.061703836894,90.7958408759298
-14.937207365272,-165.079692002601,90.7934245132686
-14.7562552839717,-165.097481689981,90.7910081506073
-14.5752837979075,-165.115072879444,90.788591787946
-14.3942931250466,-165.132465551629,90.7861754252848
-14.2132834833014,-165.149659687419,90.7837590626235
-14.0322550906378,-165.166655267937,90.7813426999622
-13.8512081650196,-165.183452274542,90.778926337301
-13.6701429244095,-165.200050688839,90.7765099746397
-13.4890595868573,-165.216450492664,90.7740936119784
-13.3079583703227,-165.2326516681,90.7716772493172
-13.1268394929038,-165.248654197462,90.7692608866559
-12.9457031725914,-165.264458063313,90.7668445239946
-12.7645496274785,-165.280063248448,90.7644281613334
-12.5833790756386,-165.295469735906,90.7620117986721
-12.4021917351593,-165.310677508963,90.7595954360108
-12.2209878241595,-165.325686551136,90.7571790733496
-12.0397675607378,-165.340496846183,90.7547627106883
-11.8585311630587,-165.355108378096,90.752346348027
-11.6772788492478,-165.369521131112,90.7499299853658
-11.4960108374784,-165.383735089706,90.7475136227045
-11.3147273459196,-165.397750238591,90.7450972600432
-11.1334285927533,-165.411566562723,90.742680897382
-10.952114796191,-165.425184047293,90.7402645347207
-10.7707861744393,-165.438602677735,90.7378481720594
-10.5894429457156,-165.451822439722,90.7354318093982
-10.4080853282497,-165.464843319166,90.7330154467369
-10.2267135403186,-165.477665302217,90.7305990840756
-10.0453278001383,-165.490288375269,90.7281827214144
-9.86392832600733,-165.502712524951,90.7257663587531
-9.68251533619903,-165.514937738133,90.7233499960918
-9.50108904897957,-165.526964001927,90.7209336334306
-9.31964968267809,-165.538791303682,90.7185172707693
-9.13819745559795,-165.550419630987,90.716100908108
-8.95673258603462,-165.561848971671,90.7136845454468
-8.77525529234575,-165.573079313803,90.7112681827855
-8.59376579284477,-165.584110645692,90.7088518201242
-8.41226430588935,-165.594942955884,90.706435457463
-8.23075104982771,-165.605576233168,90.7040190948017
-8.04922624301683,-165.616010466571,90.7016027321404
-7.86769010385633,-165.626245645359,90.6991863694792
-7.68614285068315,-165.636281759039,90.6967700068179
-7.50458470189434,-165.646118797358,90.6943536441566
-7.32301587589432,-165.655756750301,90.6919372814954
-7.14143659107648,-165.665195608094,90.6895209188341
-6.95984706584137,-165.6744353612,90.6871045561728
-6.77824751861299,-165.683476000326,90.6846881935116
-6.59663816778636,-165.692317516416,90.6822718308503
-6.41501923181502,-165.700959900654,90.679855468189
-6.23339092908743,-165.709403144463,90.6774391055278
-6.05175347808652,-165.717647239507,90.6750227428665
-5.87010709721078,-165.725692177689,90.6726063802052
-5.68845200493468,-165.733537951151,90.670190017544
-5.50678841970159,-165.741184552276,90.6677736548827
-5.32511655994205,-165.748631973685,90.6653572922214
-5.14343664412529,-165.755880208242,90.6629409295602
-4.96174889072431,-165.762929249045,90.6605245668989
-4.78005351819842,-165.769779089437,90.6581082042376
-4.59835074500959,-165.776429722998,90.6556918415764
-4.41664078962266,-165.782881143549,90.6532754789151
-4.23492387052345,-165.789133345148,90.6508591162538
-4.05320020616421,-165.795186322096,90.6484427535926
-3.87147001505234,-165.80104006893,90.6460263909313
-3.6897335156624,-165.806694580431,90.64361002827
-3.50799092646994,-165.812149851616,90.6411936656088
-3.3262424659342,-165.817405877744,90.6387773029475
-3.14448835258678,-165.822462654311,90.6363609402862
-2.96272880487116,-165.827320177055,90.633944577625
-2.7809640412844,-165.831978441952,90.6315282149637
-2.59919428030677,-165.836437445219,90.6291118523024
-2.41741974043567,-165.840697183312,90.6266954896412
-2.23564064015059,-165.844757652925,90.6242791269799
-2.05385719793113,-165.848618850994,90.6218627643186
-1.87206963227322,-165.852280774694,90.6194464016574
-1.69027816165409,-165.855743421439,90.6170300389961
-1.50848300455031,-165.859006788881,90.6146136763348
-1.3266843794363,-165.862070874915,90.6121973136736
-1.14488250482034,-165.864935677673,90.6097809510123
-0.963077599137327,-165.867601195527,90.607364588351
-0.781269880891748,-165.87006742709,90.6049482256898
-0.599459568531568,-165.872334371211,90.6025318630285
-0.417646880537261,-165.874402026983,90.6001155003672
-0.23583203538648,-165.876270393735,90.597699137706
-0.0540152515178528,-165.877939471036,90.5952827750447
0.127803252597685,-165.879409258697,90.5928664123834
0.309623258511368,-165.880679756765,90.5904500497222
0.491444547760619,-165.881750965528,90.5880336870609
0.673266901923233,-165.882622885515,90.5856173243996
0.855090102527477,-165.883295517492,90.5832009617384
1.03691393116049,-165.883768862465,90.5807845990771
1.21873816937927,-165.884042921679,90.5783682364158
1.40056259878134,-165.884117696621,90.5759518737545
1.58238700091693,-165.883993189014,90.5735355110933
1.76421115737793,-165.883669400822,90.571119148432
1.94603484977986,-165.883146334248,90.5687027857708
2.12785785970942,-165.882423991735,90.5662864231095
2.30967996874269,-165.881502375964,90.5638700604482
2.49150095855092,-165.880381489857,90.561453697787
2.67332061070658,-165.879061336573,90.5590373351257
2.85513870684306,-165.877541919514,90.5566209724644
3.03695502861865,-165.875823242316,90.5542046098032
3.21876935766557,-165.873905308858,90.5517882471419
3.40058147564032,-165.871788123258,90.5493718844806
3.58239116419208,-165.869471689873,90.5469555218194
3.76419820499543,-165.866956013297,90.5445391591581
3.94600237973438,-165.864241098367,90.5421227964968
4.12780347010295,-165.861326950155,90.5397064338355
4.30960125776857,-165.858213573976,90.5372900711743
4.49139552447961,-165.854900975381,90.534873708513
4.6731860519245,-165.851389160162,90.5324573458518
4.85497262185429,-165.847678134349,90.5300409831905
5.03675501597798,-165.843767904213,90.5276246205292
5.21853301606891,-165.839658476261,90.5252082578679
5.40030640389394,-165.835349857241,90.5227918952067
5.58207496119551,-165.830842054142,90.5203755325454
5.7638384697991,-165.826135074186,90.5179591698842
5.94559671147153,-165.82122892484,90.5155428072229
6.12734946802664,-165.816123613808,90.5131264445616
6.30909652129142,-165.810819149032,90.5107100819004
6.49083765308769,-165.805315538693,90.5082937192391
6.67257264528598,-165.799612791211,90.5058773565778
6.85430127971685,-165.793710915247,90.5034609939165
7.03602333829541,-165.787609919697,90.5010446312553
7.21773860287906,-165.781309813699,90.498628268594
7.39944685535848,-165.77481060663,90.4962119059328
7.58114787769052,-165.768112308103,90.4937955432715
7.7628414517766,-165.761214927971,90.4913791806102
7.94452735956778,-165.754118476328,90.4889628179489
8.12620538303116,-165.746822963503,90.4865464552877
8.30787530414867,-165.739328400065,90.4841300926264
8.48953690488229,-165.731634796825,90.4817137299652
8.67118996728151,-165.723742164827,90.4792973673039
8.8528342733581,-165.715650515357,90.4768810046426
9.03446960512326,-165.707359859941,90.4744646419813
9.21609574467554,-165.698870210339,90.4720482793201
9.39771247405927,-165.690181578554,90.4696319166588
9.57931957538955,-165.681293976824,90.4672155539975
9.76091683078107,-165.672207417627,90.4647991913363
9.94250402231359,-165.662921913684,90.462382828675
10.1240809321906,-165.653437477944,90.4599664660138
10.3056473425278,-165.643754123605,90.4575501033525
10.4872030355478,-165.633871864097,90.4551337406912
10.6687477934222,-165.623790713091,90.4527173780299
10.8502813983757,-165.613510684495,90.4503010153687
11.0318036326705,-165.603031792456,90.4478846527074
11.2133142785361,-165.59235405136,90.4454682900462
11.3948131182558,-165.58147747583,90.4430519273849
11.5762999341519,-165.570402080727,90.4406355647236
11.7577745085136,-165.559127881153,90.4382192020623
11.939236623704,-165.547654892443,90.4358028394011
12.1206860620707,-165.535983130176,90.4333864767398
12.3021226060018,-165.524112610166,90.4309701140785
12.4835460378879,-165.512043348464,90.4285537514173
12.6649561401772,-165.499775361361,90.426137388756
12.8463526953041,-165.487308665386,90.4237210260947
13.0277354857251,-165.474643277306,90.4213046634335
13.2091042939556,-165.461779214124,90.4188883007722
13.3904589024968,-165.448716493084,90.4164719381109
13.5717990938738,-165.435455131665,90.4140555754497
13.7531246506704,-165.421995147586,90.4116392127884
13.9344353554582,-165.408336558803,90.4092228501272
14.11573099085,-165.394479383508,90.4068064874659
14.2970113394833,-165.380423640134,90.4043901248046
14.4782761840016,-165.366169347351,90.4019737621433
14.6595253070731,-165.351716524067,90.3995573994821
14.8407584914261,-165.337065189424,90.3971410368208
15.0219755197965,-165.322215362804,90.3947246741595
15.2031761749279,-165.307167063828,90.3923083114983
15.3843602395889,-165.291920312356,90.389891948837
15.5655274965923,-165.27647512848,90.3874755861758
15.746677728794,-165.260831532533,90.3850592235145
15.9278107190416,-165.244989545084,90.3826428608532
16.1089262502086,-165.228949186943,90.3802264981919
16.2900241052138,-165.212710479154,90.3778101355307
16.4711040670024,-165.196273442998,90.3753937728694
16.6521659185474,-165.179638099995,90.3729774102082
16.8332094428321,-165.162804471902,90.3705610475469
17.0142344228844,-165.145772580713,90.3681446848856
17.1952406417433,-165.12854244866,90.3657283222243
17.3762278825119,-165.111114098209,90.3633119595631
17.5571959282862,-165.093487552067,90.3608955969018
17.7381445622085,-165.075662833177,90.3584792342405
17.9190735674336,-165.057639964718,90.3560628715793
18.0999827271624,-165.039418970108,90.353646508918
18.2808718246437,-165.020999872997,90.3512301462567
18.4617406430857,-165.002382697281,90.3488137835955
18.642588965815,-164.983567467084,90.3463974209342
18.8234165761356,-164.96455420677,90.3439810582729
19.0042232573821,-164.945342940943,90.3415646956117
19.1850087929561,-164.925933694438,90.3391483329504
19.3657729662549,-164.906326492331,90.3367319702892
19.5465155607066,-164.886521359935,90.3343156076279
19.7272363598074,-164.866518322794,90.3318992449666
19.9079351470493,-164.846317406697,90.3294828823053
20.0886117059579,-164.825918637664,90.3270665196441
20.2692658201252,-164.805322041951,90.3246501569828
20.4498972731593,-164.784527646052,90.3222337943215
20.6305058486661,-164.763535476701,90.3198174316603
20.8110913303191,-164.742345560865,90.317401068999
20.9916535018446,-164.720957925744,90.3149847063377
21.1721921469662,-164.69937259878,90.3125683436765
21.3527070494421,-164.677589607649,90.3101519810152
21.5331979931002,-164.655608980263,90.3077356183539
21.7136647617678,-164.63343074477,90.3053192556927
21.8941071393063,-164.611054929557,90.3029028930314
22.074524909649,-164.588481563242,90.3004865303701
22.2549178567277,-164.565710674684,90.2980701677089
22.4352857645291,-164.542742292973,90.2956538050476
22.6156284170566,-164.519576447441,90.2932374423863
22.795945598386,-164.49621316765,90.2908210797251
22.9762370925764,-164.472652483403,90.2884047170638
23.1565026837768,-164.448894424734,90.2859883544025
23.336742156137,-164.424939021918,90.2835719917413
23.5169552938804,-164.400786305458,90.28115562908
23.6971418811962,-164.376436306106,90.2787392664187
23.8773017024182,-164.351889054831,90.2763229037575
24.0574345418113,-164.327144582856,90.2739065410962
24.2375401837499,-164.302202921627,90.2714901784349
24.4176184126117,-164.277064102833,90.2690738157737
24.5976690128299,-164.251728158393,90.2666574531124
24.7776917688953,-164.226195120461,90.2642410904511
24.9576864652672,-164.200465021437,90.2618247277899
25.1376528865318,-164.17453789394,90.2594083651286
25.3175908172631,-164.148413770837,90.2569920024673
25.4975000420748,-164.122092685225,90.2545756398061
25.6773803456559,-164.095574670435,90.2521592771448
25.8572315127014,-164.068859760037,90.2497429144835
26.037053327946,-164.041947987835,90.2473265518223
26.2168455762017,-164.014839387864,90.244910189161
26.396608042286,-163.987533994399,90.2424938264997
26.576340511058,-163.96003184195,90.2400774638385
26.7560427674543,-163.932332965255,90.2376611011772
26.9357145964173,-163.904437399294,90.2352447385159
27.115355782951,-163.876345179278,90.2328283758547
27.2949661120826,-163.848056340656,90.2304120131934
27.4745453689009,-163.81957091911,90.2279956505321
27.6540933385548,-163.79088895055,90.2255792878709
27.8336098061844,-163.762010471133,90.2231629252096
28.013094557008,-163.732935517243,90.2207465625483
28.1925473762877,-163.703664125498,90.2183301998871
28.3719680493303,-163.674196332752,90.2159138372258
28.5513563614865,-163.644532176091,90.2134974745645
28.7307120981167,-163.614671692843,90.2110811119033
28.9100350446786,-163.58461492056,90.208664749242
29.0893249866404,-163.554361897036,90.2062483865807
29.2685817095502,-163.523912660291,90.2038320239195
29.4478049989495,-163.493267248589,90.2014156612582
29.6269946404784,-163.462425700419,90.1989992985969
29.8061504197879,-163.431388054509,90.1965829359357
29.985272122593,-163.40015434982,90.1941665732744
30.164359534655,-163.368724625545,90.1917502106131
30.3434124417654,-163.337098921113,90.1893338479519
30.5224306297619,-163.305277276189,90.1869174852906
30.7014138845831,-163.27325973066,90.1845011226293
30.8803619921445,-163.241046324662,90.1820847599681
31.0592747384277,-163.208637098558,90.1796683973068
31.2381519095144,-163.176032092938,90.1772520346455
31.4169932914649,-163.143231348635,90.1748356719843
31.5957986704236,-163.110234906712,90.172419309323
31.7745678325835,-163.077042808463,90.1700029466617
31.953300564169,-163.04365509542,90.1675865840005
32.1319966514899,-163.01007180934,90.1651702213392
32.310655880852,-162.976292992224,90.1627538586779
32.4892780386822,-162.942318686294,90.1603374960167
32.6678629113694,-162.908148934019,90.1579211333554
32.8464102854234,-162.873783778088,90.1555047706941
33.0249199473869,-162.839223261429,90.1530884080329
33.2033916838361,-162.804467427203,90.1506720453716
33.3818252814162,-162.769516318802,90.1482556827103
33.5602205268237,-162.734369979849,90.1458393200491
33.7385772068067,-162.699028454201,90.1434229573878
33.9168951081308,-162.663491785955,90.1410065947265
34.0951740176659,-162.627760019429,90.1385902320653
34.2734137223169,-162.591833199176,90.136173869404
34.4516140090242,-162.555711369988,90.1337575067427
34.6297746647985,-162.519394576881,90.1313411440815
34.8078954766868,-162.482882865111,90.1289247814202
34.9859762318058,-162.446176280161,90.1265084187589
35.1640167173448,-162.409274867742,90.1240920560977
35.3420167204942,-162.372178673808,90.1216756934364
35.5199760285337,-162.334887744539,90.1192593307751
35.6978944288145,-162.297402126342,90.1168429681139
35.8757717086909,-162.259721865867,90.1144266054526
36.0536076556068,-162.221847009987,90.1120102427913
36.2314020570786,-162.183777605807,90.1095938801301
36.4091547006264,-162.14551370067,90.1071775174688
36.5868653738779,-162.107055342142,90.1047611548075
36.7645338644821,-162.068402578029,90.1023447921463
36.942159960145,-162.029555456365,90.099928429485
37.1197434486802,-161.990514025407,90.0975120668237
37.2972841178716,-161.95127833366,90.0950957041625
37.4747817556303,-161.911848429848,90.0926793415012
37.6522361499061,-161.872224362927,90.0902629788399
37.8296470887075,-161.832406182085,90.0878466161787
38.0070143600654,-161.792393936749,90.0854302535174
38.1843377521207,-161.752187676565,90.0830138908561
38.3616170530385,-161.711787451419,90.0805975281949
38.5388520510595,-161.671193311422,90.0781811655336
38.7160425344829,-161.630405306916,90.0757648028723
38.8931882916673,-161.589423488475,90.0733484402111
39.070289110996,-161.548247906909,90.0709320775498
39.2473447809635,-161.50687861325,90.0685157148885
39.4243550901071,-161.465315658762,90.0660993522273
39.6013198270065,-161.423559094943,90.063682989566
39.7782387803191,-161.38160897352,90.0612666269047
39.9551117387462,-161.339465346451,90.0588502642435
40.1319384910835,-161.297128265918,90.0564339015822
40.3087188261362,-161.254597784345,90.0540175389209
40.4854525328403,-161.21187395437,90.0516011762597
40.6621394001069,-161.168956828879,90.0491848135984
40.8387792169775,-161.125846460976,90.0467684509371
41.0153717725559,-161.08254290399,90.0443520882759
41.1919168559393,-161.039046211499,90.0419357256146
41.3684142563739,-160.995356437289,90.0395193629533
41.5448637630989,-160.951473635393,90.0371030002921
41.7212651654694,-160.907397860059,90.0346866376308
41.8976182528686,-160.863129165776,90.0322702749695
42.0739228147602,-160.818667607256,90.0298539123083
42.2501786406552,-160.774013239443,90.027437549647
42.4263855201457,-160.72916611751,90.0250211869857
42.602543242905,-160.684126296851,90.0226048243245
42.7786515986193,-160.638893833104,90.0201884616632
42.9547103770747,-160.593468782126,90.0177720990019
43.1307193681214,-160.547851200005,90.0153557363407
43.306678361675,-160.502041143055,90.0129393736794
43.4825871477003,-160.456038667826,90.0105230110181
43.6584455162443,-160.409843831089,90.0081066483569
43.8342532574206,-160.363456689847,90.0056902856956
44.0100101613911,-160.316877301333,90.0032739230343
44.1857160184018,-160.270105723006,90.0008575603731
44.3613706187659,-160.223142012551,89.9984411977118
44.536973752863,-160.175986227885,89.9960248350505
44.7125252111061,-160.128638427158,89.9936084723893
44.8880247840442,-160.081098668732,89.991192109728
45.0634722622249,-160.033367011217,89.9887757470667
45.2388674362993,-159.985443513438,89.9863593844055
45.4142100969859,-159.93732823445,89.9839430217442
45.5895000350715,-159.889021233535,89.9815266590829
45.7647370413953,-159.840522570209,89.9791102964217
45.9399209068822,-159.79183230421,89.9766939337604
46.1150514225265,-159.742950495501,89.9742775710991
46.2901283793574,-159.693877204286,89.9718612084379
46.465151568543,-159.644612490975,89.9694448457766
46.6401207812691,-159.59515641622,89.9670284831153
46.8150358087926,-159.545509040901,89.9646121204541
46.9898964424576,-159.495670426118,89.9621957577928
47.1647024736791,-159.4456406332,89.9597793951315
47.3394536939256,-159.395419723708,89.9573630324703
47.5141498947712,-159.345007759419,89.954946669809
47.6887908678108,-159.294404802351,89.9525303071477
47.8633764047614,-159.243610914737,89.9501139444865
48.0379062973779,-159.192626159043,89.9476975818252
48.2123803375055,-159.141450597957,89.9452812191639
48.3867983170603,-159.090084294396,89.9428648565027
48.5611600279979,-159.038527311511,89.9404484938414
48.7354652624154,-158.986779712659,89.9380321311801
48.9097138124309,-158.93484156144,89.9356157685189
49.0839054702198,-158.882712921684,89.9331994058576
49.2580400280989,-158.830393857427,89.9307830431963
49.432117278408,-158.777884432945,89.928366680535
49.6061370135437,-158.725184712748,89.9259503178738
49.7800990260456,-158.672294761549,89.9235339552125
49.9540031084766,-158.6192146443,89.9211175925513
50.1278490534745,-158.565944426184,89.91870122989
50.3016366537693,-158.512484172599,89.9162848672287
50.4753657021666,-158.458833949172,89.9138685045675
50.6490359915472,-158.404993821753,89.9114521419062
50.8226473148511,-158.350963856424,89.9090357792449
50.9961994650946,-158.296744119491,89.9066194165837
51.1696922354039,-158.242334677475,89.9042030539224
51.3431254189652,-158.187735597127,89.9017866912611
51.5164988090072,-158.132946945434,89.8993703285999
51.6898121988869,-158.077968789591,89.8969539659386
51.8630653820218,-158.022801197024,89.8945376032773
52.0362581518727,-157.967444235394,89.8921212406161
52.2093903020294,-157.911897972569,89.8897048779548
52.3824616261259,-157.856162476654,89.8872885152935
52.5554719179079,-157.800237815966,89.8848721526323
52.7284209711498,-157.744124059064,89.882455789971
52.9013085797375,-157.68782127472,89.8800394273097
53.0741345376539,-157.631329531922,89.8776230646485
53.2468986389264,-157.574648899897,89.8752067019872
53.419600677663,-157.517779448093,89.8727903393259
53.5922404480674,-157.460721246176,89.8703739766647
53.7648177444241,-157.403474364039,89.8679576140034
53.937332361097,-157.346038871794,89.8655412513421
54.109784092498,-157.28841483979,89.8631248886809
54.2821727331855,-157.230602338579,89.8607085260196
54.4544980777333,-157.172601438954,89.8582921633583
54.6267599208453,-157.114412211918,89.855875800697
54.7989580572576,-157.056034728713,89.8534594380358
54.9710922818381,-156.997469060786,89.8510430753745
55.1431623895193,-156.938715279814,89.8486267127133
55.3151681753,-156.879773457703,89.846210350052
55.4871094342605,-156.820643666579,89.8437939873907
55.6589859615982,-156.761325978781,89.8413776247295
55.8307975525426,-156.701820466889,89.8389612620682
56.0025440024737,-156.64212720368,89.8365448994069
56.1742251067873,-156.582246262176,89.8341285367457
56.3458406609966,-156.522177715614,89.8317121740844
56.5173904606997,-156.461921637447,89.8292958114231
56.6888743015602,-156.401478101361,89.8268794487619
56.8602919793446,-156.340847181256,89.8244630861006
57.0316432899193,-156.280028951247,89.8220467234393
57.2029280291864,-156.21902348569,89.8196303607781
57.3741459931656,-156.15783085915,89.8172139981168
57.5452969779629,-156.096451146413,89.8147976354555
57.716380779769,-156.034884422489,89.8123812727943
57.8873971948444,-155.973130762612,89.809964910133
58.0583460195519,-155.911190242234,89.8075485474717
58.2292270503405,-155.849062937025,89.8051321848104
58.4000400837295,-155.786748922886,89.8027158221492
58.570784916341,-155.72424827593,89.8002994594879
58.7414613448848,-155.661561072491,89.7978830968267
58.9120691661405,-155.598687389131,89.7954667341654
59.0826081769927,-155.535627302626,89.7930503715041
59.2530781744128,-155.472380889973,89.7906340088429
59.4234789554612,-155.408948228387,89.7882176461816
59.593810317252,-155.345329395321,89.7858012835203
59.7640720570551,-155.281524468417,89.783384920859
59.9342639721624,-155.217533525566,89.7809685581978
60.1043858599878,-155.153356644866,89.7785521955365
60.2744375180343,-155.088993904634,89.7761358328753
60.4444187438948,-155.024445383408,89.773719470214
60.6143293352176,-154.959711159957,89.7713031075527
60.7841690898083,-154.894791313244,89.7688867448915
60.9539378054957,-154.82968592248,89.7664703822302
61.1236352802485,-154.764395067072,89.7640540195689
61.2932613120769,-154.698918826669,89.7616376569077
61.4628156991472,-154.633257281111,89.7592212942464
61.6322982396352,-154.567410510491,89.7568049315851
61.8017087318894,-154.501378595088,89.7543885689238
61.9710469742846,-154.435161615425,89.7519722062626
62.1403127653366,-154.368759652226,89.7495558436013
62.3095059036199,-154.302172786445,89.74713948094
62.4786261878186,-154.235401099249,89.7447231182788
62.647673416675,-154.168444672036,89.7423067556175
62.8166473890912,-154.101303586397,89.7398903929563
62.9855479040122,-154.03397792416,89.737474030295
63.1543747604925,-153.966467767365,89.7350576676337
63.3231277576474,-153.898773198283,89.7326413049724
63.4918066947518,-153.830894299376,89.7302249423112
63.6604113711082,-153.762831153351,89.7278085796499
63.8289415861464,-153.69458384312,89.7253922169887
63.997397139391,-153.62615245181,89.7229758543274
64.1657778304598,-153.557537062769,89.7205594916661
64.3340834590342,-153.488737759573,89.7181431290049
64.5023138249553,-153.41975462599,89.7157267663436
64.6704687281101,-153.350587746025,89.7133104036823
64.8385479684823,-153.281237203898,89.710894041021
65.0065513461661,-153.211703084043,89.7084776783598
65.174478661337,-153.141985471114,89.7060613156985
65.3423297142984,-153.07208444997,89.7036449530372
65.5101043054174,-153.0020001057,89.701228590376
65.6778022351746,-152.931732523602,89.6988122277147
65.8454233041309,-152.861281789198,89.6963958650534
66.0129673129612,-152.790647988219,89.6939795023922
66.1804340624368,-152.719831206612,89.6915631397309
66.3478233534111,-152.648831530548,89.6891467770697
66.5151349868681,-152.577649046397,89.6867304144084
66.6823687638401,-152.50628384077,89.6843140517471
66.8495244855075,-152.434736000469,89.6818976890858
67.0166019531162,-152.363005612529,89.6794813264246
67.1836009680275,-152.291092764189,89.6770649637633
67.3505213316851,-152.218997542915,89.674648601102
67.5173628456644,-152.146720036371,89.6722322384408
67.6841253116084,-152.074260332452,89.6698158757795
67.8508085312592,-152.001618519267,89.6673995131182
68.0174123064753,-151.928794685133,89.664983150457
68.1839364392318,-151.855788918574,89.6625667877957
68.3503807315549,-151.782601308353,89.6601504251344
68.5167449856052,-151.709231943429,89.6577340624732
68.6830290036586,-151.635680912971,89.6553176998119
68.8492325880451,-151.561948306384,89.6529013371507
69.0153555412277,-151.488034213271,89.6504849744894
69.1813976657867,-151.413938723442,89.6480686118281
69.3473587643567,-151.339661926946,89.6456522491668
69.513238639722,-151.265203914019,89.6432358865056
69.6790370947213,-151.190564775137,89.6408195238443
69.84475393236,-151.115744600957,89.638403161183
70.0103889556816,-151.040743482382,89.6359867985218
70.1759419678652,-150.96556151051,89.6335704358605
70.3414127721929,-150.890198776656,89.6311540731992
70.5068011720336,-150.814655372353,89.628737710538
70.6721069708932,-150.738931389333,89.6263213478767
70.8373299723323,-150.663026919563,89.6239049852154
71.0024699800636,-150.586942055201,89.6214886225542
71.1675267978731,-150.510676888632,89.6190722598929
71.3325002296664,-150.434231512446,89.6166558972317
71.4973900794542,-150.357606019445,89.6142395345704
71.6621961513368,-150.280800502653,89.6118231719091
71.8269182495345,-150.203815055296,89.6094068092478
71.9915561783745,-150.126649770814,89.6069904465866
72.1561097422565,-150.049304742872,89.6045740839253
72.3205787457507,-149.971780065318,89.602157721264
72.4849629934857,-149.894075832235,89.5997413586028
72.6492622901801,-149.816192137924,89.5973249959415
72.8134764407231,-149.738129076867,89.5949086332803
72.9776052500627,-149.659886743781,89.592492270619
73.1416485232545,-149.581465233593,89.5900759079577
73.3056060654771,-149.502864641435,89.5876595452964
73.4694776820164,-149.424085062649,89.5852431826352
73.6332631782502,-149.345126592795,89.5828268199739
73.7969623596804,-149.265989327637,89.5804104573126
73.9605750319172,-149.186673363149,89.5779940946514
74.1241010006786,-149.107178795516,89.5755777319901
74.2875400717602,-149.027505721149,89.5731613693288
74.4508920511302,-148.947654236636,89.5707450066676
74.6141567448013,-148.86762443881,89.5683286440063
74.7773339589279,-148.787416424695,89.565912281345
74.9404234997747,-148.707030291526,89.5634959186838
75.103425173715,-148.626466136749,89.5610795560225
75.2663387872013,-148.545724058033,89.5586631933612
75.4291641468592,-148.464804153226,89.5562468307
75.5919010593774,-148.38370652041,89.5538304680387
75.7545493315394,-148.302431257882,89.5514141053774
75.9171087703036,-148.220978464118,89.5489977427162
76.0795791826751,-148.139348237836,89.5465813800549
76.2419603758028,-148.057540677942,89.5441650173937
76.4042521569629,-147.975555883549,89.5417486547324
76.5664543334962,-147.893393953998,89.5393322920711
76.7285667128863,-147.811054988823,89.5369159294098
76.890589102746,-147.728539087761,89.5344995667486
77.0525213107526,-147.645846350779,89.5320832040873
77.2143631447433,-147.562976878028,89.529666841426
77.3761144126214,-147.479930769892,89.5272504787648
77.5377749224662,-147.396708126929,89.5248341161035
77.6993444823915,-147.313309049947,89.5224177534422
77.860822900704,-147.229733639921,89.520001390781
78.0222099857762,-147.145981998055,89.5175850281197
78.1835055460953,-147.062054225764,89.5151686654584
78.3447093902782,-146.977950424659,89.5127523027972
78.5058213270564,-146.89367069656,89.5103359401359
78.6668411652765,-146.809215143492,89.5079195774746
78.8277687138677,-146.724583867706,89.5055032148134
78.9886037819384,-146.639776971624,89.5030868521521
79.1493461786485,-146.554794557909,89.5006704894908
79.3099957133054,-146.469636729413,89.4982541268296
79.4705521953485,-146.384303589185,89.4958377641683
79.6310154342697,-146.298795240518,89.493421401507
79.7913852397561,-146.213111786863,89.4910050388458
79.951661421564,-146.127253331906,89.4885886761845
80.1118437895666,-146.041219979537,89.4861723135232
80.2719321537856,-145.955011833836,89.483755950862
80.431926324328,-145.868628999104,89.4813395882007
80.5918261114187,-145.782071579848,89.4789232255394
80.7516313254314,-145.695339680764,89.4765068628782
80.9113417768104,-145.608433406776,89.4740905002169
81.0709572761809,-145.521352862982,89.4716741375556
81.2304776342086,-145.434098154726,89.4692577748944
81.3899026617547,-145.346669387512,89.4668414122331
81.5492321697377,-145.259066667087,89.4644250495718
81.7084659692414,-145.171290099372,89.4620086869106
81.8676038714379,-145.083339790513,89.4595923242493
82.0266456876182,-144.995215846858,89.457175961588
82.1855912292244,-144.906918374943,89.4547595989268
82.3444403077872,-144.818447481524,89.4523432362655
82.5031927349725,-144.729803273552,89.4499268736042
82.6618483225519,-144.640985858192,89.447510510943
82.8204068824319,-144.551995342803,89.4450941482817
82.9788682266561,-144.462831834935,89.4426777856204
83.1372321673262,-144.373495442382,89.4402614229592
83.2954985167431,-144.283986273093,89.4378450602979
83.4536670872823,-144.194304435248,89.4354286976366
83.611737691441,-144.104450037229,89.4330123349754
83.7697101418537,-144.014423187612,89.4305959723141
83.9275842512767,-143.924223995175,89.4281796096528
84.0853598325882,-143.8338525689,89.4257632469916
84.2430366987747,-143.743309017977,89.4233468843303
84.400614662959,-143.652593451792,89.420930521669
84.5580935383728,-143.561705979941,89.4185141590078
84.7154731383857,-143.470646712212,89.4160977963465
84.8727532765059,-143.379415758586,89.4136814336852
85.0299337663191,-143.288013229273,89.411265071024
85.1870144215654,-143.196439234665,89.4088487083627
85.3439950561245,-143.104693885348,89.4064323457014
85.5008754839538,-143.012777292135,89.4040159830402
85.6576555191664,-142.920689566022,89.4015996203789
85.8143349759993,-142.828430818206,89.3991832577176
85.9709136688147,-142.736001160084,89.3967668950564
86.1273914120993,-142.643400703254,89.3943505323951
86.2837680204355,-142.550629559532,89.3919341697338
86.440043308576,-142.457687840908,89.3895178070726
86.5962170913692,-142.36457565959,89.3871014444113
86.75228918382,-142.271293127965,89.38468508175
86.9082594010128,-142.177840358652,89.3822687190888
87.06412755819,-142.084217464448,89.3798523564275
87.219893470735,-141.99042455834,89.3774359937662
87.3755569541121,-141.896461753544,89.375019631105
87.5311178239592,-141.802329163446,89.3726032684437
87.6865758960096,-141.70802690165,89.3701869057824
87.8419309861404,-141.613555081951,89.3677705431212
87.9971829103408,-141.518913818348,89.3653541804599
88.1523314847424,-141.424103225035,89.3629378177986
88.3073765256054,-141.329123416399,89.3605214551374
88.4623178493029,-141.23397450704,89.3581050924761
88.6171552723671,-141.138656611731,89.3556887298148
88.7718886114278,-141.043169845468,89.3532723671536
88.9265176832447,-140.947514323442,89.3508560044923
89.0810423047206,-140.851690161033,89.348439641831
89.2354622928886,-140.755697473816,89.3460232791698
89.3897774649109,-140.659536377568,89.3436069165085
89.5439876380491,-140.563206988279,89.3411905538472
89.6980926297555,-140.4667094221,89.338774191186
89.8520922575515,-140.370043795415,89.3363578285247
90.0059863391351,-140.273210224777,89.3339414658634
90.1597746922887,-140.176208826967,89.3315251032022
90.3134571349714,-140.079039718929,89.3291087405409
90.4670334852427,-139.981703017828,89.3266923778796
90.6205035613235,-139.884198841001,89.3242760152184
90.7738671815066,-139.786527306024,89.3218596525571
90.9271241643053,-139.688688530607,89.3194432898958
91.0802743282758,-139.590682632717,89.3170269272346
91.2333174921513,-139.492509730486,89.3146105645733
91.3862534748113,-139.394169942232,89.312194201912
91.5390820952386,-139.295663386489,89.3097778392508
91.6918031725634,-139.196990181976,89.3073614765895
91.8444165260342,-139.098150447615,89.3049451139282
91.9969219750469,-138.999144302515,89.302528751267
92.1493193391312,-138.89997186598,89.3001123886057
92.301608437935,-138.800633257518,89.2976960259444
92.4537890912556,-138.70112859682,89.2952796632832
92.6058611190232,-138.601458003773,89.2928633006219
92.7578243412878,-138.501621598469,89.2904469379606
92.9096785782487,-138.401619501182,89.2880305752994
93.0614236502394,-138.301451832381,89.2856142126381
93.2130593777286,-138.201118712729,89.2831978499768
93.3645855812902,-138.100620263101,89.2807814873156
93.5160020816922,-137.999956604526,89.2783651246543
93.6673086997643,-137.899127858279,89.275948761993
93.8185052565454,-137.798134145774,89.2735323993318
93.9695915731665,-137.696975588649,89.2711160366705
94.120567470894,-137.595652308738,89.2686996740092
94.2714327711454,-137.494164428053,89.266283311348
94.4221872954749,-137.392512068801,89.2638669486867
94.5728308655727,-137.290695353382,89.2614505860254
94.7233633032376,-137.188714404407,89.2590342233642
94.8737844304626,-137.086569344638,89.2566178607029
95.0240940693206,-136.984260297072,89.2542014980416
95.1742920420507,-136.881787384874,89.2517851353804
95.3243781710295,-136.779150731403,89.2493687727191
95.4743522787571,-136.676350460218,89.2469524100578
95.6242141879011,-136.573386695052,89.2445360473966
95.7739637212372,-136.470259559845,89.2421196847353
95.9236007016809,-136.366969178731,89.239703322074
96.0731249522998,-136.263515676024,89.2372869594128
96.2225362963014,-136.159899176227,89.2348705967515
96.3718345570314,-136.056119804037,89.2324542340902
96.5210195579607,-135.952177684348,89.230037871429
96.6700911227139,-135.848072942235,89.2276215087677
96.8190490750561,-135.743805702964,89.2252051461064
96.9678932388767,-135.639376092001,89.2227887834452
97.1166234382059,-135.534784234999,89.2203724207839
97.2652394972574,-135.430030257774,89.2179560581226
97.4137412403132,-135.325114286379,89.2155396954614
97.5621284918684,-135.220036447007,89.2131233328001
97.7104010765006,-135.11479686608,89.2107069701388
97.8585588189726,-135.009395670179,89.2082906074776
98.0066015441451,-134.903832986103,89.2058742448163
98.1545290770628,-134.798108940812,89.203457882155
98.3023412428989,-134.692223661461,89.2010415194938
98.4500378669386,-134.586177275415,89.1986251568325
98.5976187746531,-134.479969910198,89.1962087941712
98.7450837916416,-134.373601693529,89.19379243151
98.8924327436165,-134.267072753338,89.1913760688487
99.0396654564766,-134.160383217712,89.1889597061874
99.1867817562487,-134.053533214933,89.1865433435262
99.3337814690746,-133.946522873493,89.1841269808649
99.4806644212821,-133.83935232204,89.1817106182036
99.6274304393285,-133.732021689418,89.1792942555424
99.7740793497857,-133.624531104681,89.1768778928811
99.920610979427,-133.516880697025,89.1744615302198
100.067025155113,-133.409070595877,89.1720451675586
100.213321703862,-133.301100930839,89.1696288048973
100.359500452881,-133.192971831665,89.167212442236
100.505561229464,-133.084683428342,89.1647960795748
100.651503861077,-132.976235851018,89.1623797169135
100.797328175319,-132.867629230038,89.1599633542522
100.943033999977,-132.758863695901,89.157546991591
101.08862116291,-132.649939379345,89.1551306289297
101.234089492183,-132.54085641125,89.1527142662684
101.379438815976,-132.431614922703,89.1502979036072
101.524668962643,-132.322215044953,89.1478815409459
101.669779760644,-132.212656909467,89.1454651782846
101.814771038628,-132.102940647864,89.1430488156234
101.959642625359,-131.993066391969,89.1406324529621
102.104394349767,-131.88303427378,89.1382160903008
102.24902604091,-131.772844425491,89.1357997276396
102.393537528026,-131.662496979457,89.1333833649783
102.53792864044,-131.55199206826,89.130967002317
102.682199207712,-131.4413298246,89.1285506396558
102.82634905948,-131.330510381418,89.1261342769945
102.970378025555,-131.219533871811,89.1237179143332
103.114285935885,-131.108400429075,89.121301551672
103.258072620579,-130.997110186675,89.1188851890107
103.401737909896,-130.88566327826,89.1164688263494
103.545281634243,-130.77405983766,89.1140524636882
103.688703624162,-130.6622999989,89.1116361010269
103.832003710359,-130.550383896176,89.1092197383656
103.975181723674,-130.438311663876,89.1068033757044
104.118237495112,-130.326083436559,89.1043870130431
104.261170855827,-130.213699348966,89.1019706503818
104.403981637124,-130.101159536021,89.0995542877206
104.546669670443,-129.988464132838,89.0971379250593
104.689234787389,-129.875613274702,89.094721562398
104.831676819718,-129.76260709708,89.0923051997368
104.973995599308,-129.649445735641,89.0898888370755
105.116190958245,-129.536129326189,89.0874724744142
105.258262728709,-129.422658004756,89.085056111753
105.400210743075,-129.309031907519,89.0826397490917
105.542034833825,-129.195251170868,89.0802233864304
105.683734833636,-129.081315931342,89.0778070237692
105.825310575311,-128.967226325679,89.0753906611079
105.966761891817,-128.852982490789,89.0729742984466
106.108088616258,-128.738584563769,89.0705579357854
106.249290581922,-128.624032681876,89.0681415731241
106.39036762222,-128.509326982566,89.0657252104628
106.531319570728,-128.394467603465,89.0633088478016
106.672146261152,-128.279454682399,89.0608924851403
106.812847527401,-128.164288357327,89.058476122479
106.953423203487,-128.048968766434,89.0560597598178
107.093873123614,-127.933496048047,89.0536433971565
107.2341971221,-127.817870340706,89.0512270344952
107.374395033458,-127.702091783094,89.048810671834
107.514466692342,-127.586160514085,89.0463943091727
107.654411933532,-127.470076672752,89.0439779465114
107.794230592004,-127.353840398312,89.0415615838502
107.933922502862,-127.23745183018,89.0391452211889
108.073487501392,-127.120911107928,89.0367288585276
108.21292542298,-127.004218371349,89.0343124958664
108.35223610325,-126.887373760345,89.0318961332051
108.491419377899,-126.770377415062,89.0294797705438
108.630475082836,-126.653229475778,89.0270634078826
108.769403054097,-126.535930082968,89.0246470452213
108.908203127888,-126.418479377275,89.02223068256
109.046875140572,-126.300877499515,89.0198143198988
109.185418928653,-126.183124590691,89.0173979572375
109.323834328808,-126.065220791972,89.0149815945762
109.46212117787,-125.947166244701,89.012565231915
109.600279312814,-125.828961090409,89.0101488692537
109.738308570787,-125.710605470787,89.0077325065924
109.876208789094,-125.592099527705,89.0053161439312
110.013979805182,-125.473443403217,89.0028997812699
110.151621456673,-125.35463723954,89.0004834186086
110.289133581342,-125.235681179067,88.9980670559474
110.426516017114,-125.116575364372,88.9956506932861
110.563768602095,-124.997319938186,88.9932343306248
110.700891174511,-124.877915043444,88.9908179679636
110.837883572775,-124.758360823233,88.9884016053023
110.974745635455,-124.638657420813,88.985985242641
111.111477201283,-124.518804979618,88.9835688799798
111.248078109146,-124.398803643254,88.9811525173185
111.384548198066,-124.278653555523,88.9787361546572
111.520887307265,-124.158354860366,88.976319791996
111.65709527611,-124.037907701907,88.9739034293347
111.793171944102,-123.917312224466,88.9714870666734
111.929117150943,-123.7965685725,88.9690707040122
112.06493073648,-123.67567689065,88.9666543413509
112.200612540711,-123.55463732374,88.9642379786896
112.33616240379,-123.433450016767,88.9618216160283
112.471580166061,-123.312115114873,88.9594052533671
112.606865668005,-123.190632763397,88.9569888907058
112.742018750259,-123.069003107849,88.9545725280446
112.877039253652,-122.947226293886,88.9521561653833
113.011927019146,-122.825302467358,88.949739802722
113.14668188788,-122.703231774276,88.9473234400608
113.28130370114,-122.581014360832,88.9449070773995
113.415792300389,-122.458650373375,88.9424907147382
113.550147527252,-122.336139958426,88.9400743520769
113.684369223501,-122.213483262688,88.9376579894157
113.818457231088,-122.090680433019,88.9352416267544
113.952411392124,-121.967731616449,88.9328252640931
114.086231548886,-121.844636960175,88.9304089014319
114.219917543787,-121.72139661159,88.9279925387706
114.353469219443,-121.598010718217,88.9255761761094
114.486886418619,-121.474479427761,88.9231598134481
114.620168984234,-121.350802888108,88.9207434507868
114.753316759367,-121.226981247311,88.9183270881256
114.886329587291,-121.103014653568,88.9159107254643
115.019207311415,-120.978903255269,88.913494362803
115.151949775326,-120.854647200959,88.9110780001417
115.284556822764,-120.730246639364,88.9086616374805
115.417028297644,-120.605701719363,88.9062452748192
115.54936404405,-120.481012590006,88.9038289121579
115.681563906215,-120.356179400519,88.9014125494967
115.813627728564,-120.23120230027,88.8989961868354
115.94555535565,-120.106081438833,88.8965798241742
116.07734663223,-119.980816965911,88.8941634615129
116.209001403188,-119.855409031409,88.8917470988516
116.340519513613,-119.729857785361,88.8893307361903
116.471900808747,-119.604163377981,88.8869143735291
116.603145133986,-119.47832595966,88.8844980108678
116.734252334907,-119.352345680941,88.8820816482066
116.865222257237,-119.226222692549,88.8796652855453
116.996054746887,-119.099957145356,88.877248922884
117.126749649932,-118.973549190403,88.8748325602227
117.257306812606,-118.846998978907,88.8724161975615
117.387726081317,-118.720306662237,88.8699998349002
117.51800730266,-118.593472391915,88.8675834722389
117.648150323341,-118.466496319675,88.8651671095777
117.778154990303,-118.339378597356,88.8627507469164
117.908021150603,-118.212119377007,88.8603343842551
118.037748651504,-118.084718810806,88.8579180215939
118.167337340416,-117.957177051118,88.8555016589326
118.296787064914,-117.829494250472,88.8530852962713
118.426097672769,-117.701670561535,88.8506689336101
118.555269011908,-117.57370613715,88.8482525709488
118.68430093039,-117.445601130359,88.8458362082876
118.813193276517,-117.317355694292,88.8434198456263
118.941945898689,-117.188969982318,88.841003482965
119.070558645523,-117.060444147915,88.8385871203037
119.199031365793,-116.931778344737,88.8361707576425
119.327363908421,-116.802972726627,88.8337543949812
119.455556122546,-116.674027447536,88.8313380323199
119.583607857418,-116.544942661641,88.8289216696587
119.711518962519,-116.415718523218,88.8265053069974
119.839289287462,-116.28635518674,88.8240889443362
119.966918682035,-116.156852806842,88.8216725816749
120.094406996207,-116.027211538306,88.8192562190136
120.221754080107,-115.897431536089,88.8168398563523
120.34895978406,-115.767512955282,88.8144234936911
120.476023958549,-115.637455951147,88.8120071310298
120.602946454207,-115.507260679134,88.8095907683686
120.729727121862,-115.376927294826,88.8071744057073
120.856365812525,-115.246455953954,88.804758043046
120.982862377346,-115.115846812443,88.8023416803847
121.109216667668,-114.985100026357,88.7999253177235
121.235428535023,-114.8542157519,88.7975089550622
121.361497831076,-114.72319414548,88.7950925924009
121.487424407703,-114.592035363618,88.7926762297397
121.613208116929,-114.460739563025,88.7902598670784
121.738848810951,-114.329306900567,88.7878435044171
121.864346342167,-114.197737533242,88.7854271417559
121.98970056312,-114.066031618233,88.7830107790946
122.114911326543,-113.934189312867,88.7805944164333
122.239978485328,-113.802210774642,88.7781780537721
122.364901892555,-113.6700961612,88.7757616911108
122.489681401478,-113.537845630338,88.7733453284496
122.614316865513,-113.405459340026,88.7709289657883
122.738808138275,-113.272937448362,88.768512603127
122.863155073518,-113.140280113641,88.7660962404657
122.987357525195,-113.007487494288,88.7636798778045
123.111415347434,-112.874559748883,88.7612635151432
123.235328394539,-112.741497036163,88.7588471524819
123.359096520988,-112.608299515021,88.7564307898207
123.482719581412,-112.47496734453,88.7540144271594
123.606197430666,-112.341500683866,88.7515980644982
123.729529923719,-112.207899692427,88.7491817018369
123.852716915768,-112.074164529713,88.7467653391756
123.975758262183,-111.940295355378,88.7443489765143
124.098653818463,-111.806292329283,88.7419326138531
124.221403440345,-111.672155611378,88.7395162511918
124.344006983694,-111.53788536182,88.7370998885305
124.466464304587,-111.403481740879,88.7346835258693
124.588775259257,-111.268944909007,88.732267163208
124.710939704111,-111.134275026807,88.7298508005467
124.832957495759,-110.999472255012,88.7274344378855
124.954828490954,-110.864536754545,88.7250180752242
125.076552546672,-110.729468686431,88.7226017125629
125.198129520021,-110.594268211898,88.7201853499017
125.319559268298,-110.458935492316,88.7177689872404
125.440841649016,-110.323470689166,88.7153526245791
125.561976519805,-110.187873964149,88.7129362619179
125.682963738532,-110.052145479048,88.7105198992566
125.803803163199,-109.916285395856,88.7081035365953
125.924494652019,-109.780293876673,88.7056871739341
126.045038063351,-109.644171083792,88.7032708112728
126.165433255779,-109.507917179605,88.7008544486115
126.285680088008,-109.37153232672,88.6984380859503
126.405778418981,-109.235016687828,88.696021723289
126.525728107774,-109.098370425828,88.6936053606277
126.645529013666,-108.961593703737,88.6911889979665
126.76518099613,-108.824686684714,88.6887726353052
126.88468391478,-108.687649532104,88.6863562726439
127.004037629438,-108.550482409378,88.6839399099827
127.123242000103,-108.413185480154,88.6815235473214
127.242296886956,-108.275758908201,88.6791071846601
127.361202150349,-108.138202857449,88.6766908219989
127.479957650823,-108.000517491966,88.6742744593376
127.598563249104,-107.862702975965,88.6718580966763
127.717018806085,-107.724759473825,88.6694417340151
127.835324182853,-107.586687150058,88.6670253713538
127.953479240665,-107.448486169336,88.6646090086925
128.071483840982,-107.310156696453,88.6621926460313
128.189337845414,-107.171698896394,88.65977628337
128.307041115799,-107.033112934232,88.6573599207087
128.424593514097,-106.89439897526,88.6549435580475
128.541994902501,-106.755557184861,88.6525271953862
128.65924514337,-106.61658772858,88.6501108327249
128.776344099237,-106.477490772121,88.6476944700637
128.893291632831,-106.338266481321,88.6452781074024
129.01008760706,-106.198915022164,88.6428617447411
129.126731885007,-106.059436560794,88.6404453820799
129.243224329936,-105.919831263499,88.6380290194186
129.35956480532,-105.780099296688,88.6356126567573
129.4757531748,-105.640240826927,88.6331962940961
129.591789302183,-105.500256020955,88.6307799314348
129.707673051491,-105.360145045615,88.6283635687735
129.823404286908,-105.219908067924,88.6259472061123
129.938982872813,-105.079545255028,88.623530843451
130.054408673759,-104.939056774231,88.6211144807897
130.169681554495,-104.798442792969,88.6186981181285
130.284801379966,-104.657703478806,88.6162817554672
130.399768015266,-104.516838999494,88.6138653928059
130.514581325699,-104.3758495229,88.6114490301447
130.629241176754,-104.234735217032,88.6090326674834
130.743747434092,-104.093496250058,88.6066163048221
130.858099963572,-103.952132790276,88.6041999421609
130.972298631251,-103.810645006108,88.6017835794996
131.086343303325,-103.66903306618,88.5993672168383
131.200233846232,-103.527297139187,88.5969508541771
131.313970126564,-103.385437394008,88.5945344915158
131.427552011097,-103.243453999667,88.5921181288545
131.540979366808,-103.101347125313,88.5897017661933
131.654252060857,-102.959116940238,88.587285403532
131.767369960592,-102.816763613874,88.5848690408707
131.880332933525,-102.674287315823,88.5824526782095
131.993140847401,-102.531688215772,88.5800363155482
132.105793570095,-102.388966483619,88.5776199528869
132.218290969725,-102.246122289331,88.5752035902257
132.330632914564,-102.10315580306,88.5727872275644
132.442819273072,-101.960067195095,88.5703708649031
132.554849913906,-101.816856635854,88.5679545022419
132.666724705914,-101.673524295892,88.5655381395806
132.778443518119,-101.53007034592,88.5631217769193
132.890006219744,-101.386494956771,88.5607054142581
133.001412680199,-101.24279829942,88.5582890515968
133.112662769072,-101.098980544993,88.5558726889355
133.223756356163,-100.955041864729,88.5534563262743
133.334693311426,-100.810982430045,88.551039963613
133.445473505026,-100.666802412469,88.5486236009517
133.556096807318,-100.522501983668,88.5462072382905
133.666563088845,-100.378081315445,88.5437908756292
133.77687222034,-100.233540579742,88.5413745129679
133.887024072704,-100.088879948666,88.5389581503067
133.997018517058,-99.9440995944194,88.5365417876454
134.106855424705,-99.7991996893547,88.5341254249841
134.216534667114,-99.6541804059907,88.5317090623229
134.326056115977,-99.5090419169395,88.5292926996616
134.435419643155,-99.3637843949776,88.5268763370003
134.544625120721,-99.2184080129901,88.5244599743391
134.653672420904,-99.0729129440402,88.5220436116778
134.76256141615,-98.927299361298,88.5196272490165
134.871291979089,-98.7815674380701,88.5172108863553
134.979863982547,-98.6357173477975,88.514794523694
135.088277299519,-98.4897492640852,88.5123781610327
135.196531803231,-98.3436633606156,88.5099617983715
135.304627367071,-98.1974598112491,88.5075454357102
135.412563864617,-98.0511387899801,88.5051290730489
135.52034116964,-97.9047004709379,88.5027127103877
135.627959156122,-97.7581450283562,88.5002963477264
135.735417698229,-97.6114726366174,88.4978799850651
135.842716670295,-97.4646834702667,88.4954636224039
135.949855946879,-97.3177777039387,88.4930472597426
136.056835402711,-97.1707555124299,88.4906308970813
136.163654912725,-97.0236170706566,88.4882145344201
136.270314352035,-96.8763625536807,88.4857981717588
136.376813595961,-96.7289921366831,88.4833818090975
136.483152520023,-96.5815059949625,88.4809654464363
136.589330999905,-96.4339043039927,88.478549083775
136.695348911505,-96.286187239351,88.4761327211137
136.801206130912,-96.1383549767458,88.4737163584525
136.9069025344,-95.990407692032,88.4712999957912
137.012437998456,-95.8423455611663,88.4688836331299
137.117812399732,-95.6941687602802,88.4664672704687
137.223025615092,-95.5458774656071,88.4640509078074
137.328077521604,-95.3974718534959,88.4616345451461
137.432967996513,-95.2489521004556,88.4592181824849
137.537696917253,-95.1003183831253,88.4568018198236
137.642264161467,-94.9515708782592,88.4543854571623
137.74666960699,-94.8027097627414,88.4519690945011
137.850913131842,-94.6537352136004,88.4495527318398
137.954994614249,-94.5046474079788,88.4471363691785
138.05891393263,-94.3554465231486,88.4447200065173
138.162670965601,-94.206132736511,88.442303643856
138.266265591952,-94.0567062256249,88.4398872811947
138.369697690698,-93.9071671681334,88.4374709185335
138.472967141039,-93.7575157418232,88.4350545558722
138.576073822363,-93.6077521246227,88.4326381932109
138.679017614251,-93.4578764945894,88.4302218305497
138.781798396491,-93.3078890298925,88.4278054678884
138.884416049077,-93.1577899088145,88.4253891052271
138.986870452169,-93.007579309809,88.4229727425659
139.089161486153,-92.8572574114128,88.4205563799046
139.191289031582,-92.7068243923327,88.4181400172433
139.293252969234,-92.5562804313589,88.4157236545821
139.395053180076,-92.4056257074214,88.4133072919208
139.496689545249,-92.2548603996072,88.4108909292595
139.598161946123,-92.1039846870837,88.4084745665983
139.699470264244,-91.952998749174,88.406058203937
139.800614381366,-91.8019027653118,88.4036418412757
139.901594179439,-91.6506969150559,88.4012254786145
140.002409540601,-91.4993813781049,88.3988091159532
140.103060347188,-91.3479563342824,88.3963927532919
140.203546481763,-91.1964219634918,88.3939763906307
140.303867827038,-91.0447784458353,88.3915600279694
140.40402426597,-90.8930259614644,88.3891436653081
140.504015681678,-90.7411646907144,88.3867273026469
140.603841957497,-90.5891948140145,88.3843109399856
140.70350297696,-90.4371165119176,88.3818945773243
140.802998623789,-90.2849299651137,88.3794782146631
140.902328781925,-90.1326353543874,88.3770618520018
141.001493335477,-89.9802328606901,88.3746454893405
141.100492168783,-89.827722665051,88.3722291266793
141.19932516636,-89.6751049486515,88.369812764018
141.297992212934,-89.5223798927801,88.3673964013567
141.396493193421,-89.369547678863,88.3649800386955
141.494827992946,-89.216608488432,88.3625636760342
141.592996496842,-89.0635625031262,88.3601473133729
141.690998590603,-88.9104099047655,88.3577309507117
141.788834159964,-88.7571508752309,88.3553145880504
141.886503090856,-88.6037855965247,88.3528982253891
141.984005269373,-88.4503142508291,88.3504818627279
142.08134058186,-88.2967370203718,88.3480655000666
142.178508914818,-88.1430540875615,88.3456491374053
142.275510154983,-87.9892656348806,88.3432327747441
142.372344189268,-87.8353718449618,88.3408164120828
142.469010904789,-87.6813729005579,88.3384000494215
142.56551018888,-87.5272689845096,88.3359836867603
142.66184192906,-87.3730602798078,88.333567324099
142.758006013045,-87.2187469695621,88.3311509614377
142.854002328774,-87.0643292369699,88.3287345987765
142.949830764357,-86.9098072653932,88.3263182361152
143.045491208144,-86.7551812382508,88.3239018734539
143.14098354864,-86.6004513391559,88.3214855107927
143.236307674587,-86.4456177517781,88.3190691481314
143.331463474921,-86.2906806599202,88.3166527854701
143.42645083878,-86.135640247502,88.3142364228089
143.521269655485,-85.9804966985909,88.3118200601476
143.615919814577,-85.8252501973409,88.3094036974863
143.710401205809,-85.6699009280066,88.3069873348251
143.804713719117,-85.5144490749904,88.3045709721638
143.898857244642,-85.3588948228103,88.3021546095025
143.992831672733,-85.2032383560853,88.2997382468413
144.086636893954,-85.0474798595342,88.29732188418
144.180272799034,-84.8916195180536,88.2949055215187
144.27373927895,-84.7356575165777,88.2924891588574
144.367036224855,-84.5795940402022,88.2900727961962
144.460163528105,-84.4234292741376,88.2876564335349
144.553121080271,-84.2671634036937,88.2852400708737
144.645908773123,-84.1107966142947,88.2828237082124
144.738526498628,-83.954329091494,88.2804073455511
144.830974148966,-83.797761020944,88.2779909828899
144.923251616528,-83.6410925883949,88.2755746202286
145.015358793874,-83.4843239797726,88.2731582575673
145.107295573813,-83.3274553810386,88.2707418949061
145.199061849323,-83.1704869783296,88.2683255322448
145.290657513602,-83.0134189578636,88.2659091695835
145.382082460062,-82.8562515059565,88.2634928069223
145.473336582294,-82.6989848090826,88.261076444261
145.564419774119,-82.5416190537813,88.2586600815997
145.655331929545,-82.384154426736,88.2562437189385
145.746072942786,-82.2265911147409,88.2538273562772
145.836642708268,-82.0689293046868,88.2514109936159
145.927041120622,-81.9111691835751,88.2489946309547
146.017268074696,-81.7533109385031,88.2465782682934
146.107323465504,-81.5953547567406,88.2441619056321
146.197207188303,-81.4373008256062,88.2417455429709
146.286919138547,-81.279149332544,88.2393291803096
146.376459211884,-81.1209004651245,88.2369128176483
146.465827304172,-80.9625544110269,88.2344964549871
146.555023311497,-80.8041113579942,88.2320800923258
146.644047130109,-80.6455714939567,88.2296637296645
146.7328986565,-80.4869350068909,88.2272473670033
146.821577787358,-80.3282020848982,88.224831004342
146.910084419568,-80.1693729162047,88.2224146416807
146.998418450233,-80.0104476891289,88.2199982790194
147.08657977665,-79.8514265921134,88.2175819163582
147.174568296334,-79.6923098136933,88.2151655536969
147.262383907006,-79.5330975425111,88.2127491910357
147.350026506593,-79.3737899673176,88.2103328283744
147.437495993214,-79.2143872770017,88.2079164657131
147.524792265226,-79.0548896604968,88.2055001030519
147.611915221154,-78.8952973069221,88.2030837403906
147.69886475977,-78.7356104054246,88.2006673777293
147.785640780021,-78.5758291453206,88.1982510150681
147.872243181087,-78.4159537159855,88.1958346524068
147.958671862329,-78.2559843069483,88.1934182897455
148.044926723351,-78.0959211077797,88.1910019270843
148.131007663921,-77.9357643082363,88.188585564423
148.216914584059,-77.7755140980998,88.1861692017617
148.302647383958,-77.615170667321,88.1837528391004
148.388205964044,-77.4547342059076,88.1813364764392
148.473590224928,-77.2942049040194,88.1789201137779
148.558800067452,-77.1335829518737,88.1765037511167
148.643835392653,-76.9728685398228,88.1740873884554
148.728696101782,-76.8120618583082,88.1716710257941
148.813382096299,-76.6511630978736,88.1692546631328
148.897893277867,-76.4901724491835,88.1668383004716
148.982229548355,-76.3290901030051,88.1644219378103
149.066390809858,-76.1679162501761,88.1620055751491
149.150376964666,-76.0066510816702,88.1595892124878
149.234187915284,-75.8452947885469,88.1571728498265
149.317823564427,-75.6838475619679,88.1547564871653
149.401283815004,-75.5223095932292,88.152340124504
149.484568570164,-75.3606810736651,88.1499237618427
149.567677733236,-75.1989621947746,88.1475073991814
149.650611207772,-75.0371531481273,88.1450910365202
149.733368897528,-74.8752541254086,88.1426746738589
149.815950706485,-74.7132653183742,88.1402583111976
149.898356538819,-74.5511869189116,88.1378419485364
149.980586298923,-74.3890191189933,88.1354255858751
150.062639891394,-74.2267621107075,88.1330092232138
150.144517221043,-74.0644160862272,88.1305928605526
150.22621819289,-73.9019812378403,88.1281764978913
150.307742712177,-73.7394577579031,88.1257601352301
150.389090684341,-73.5768458389027,88.1233437725688
150.470262015032,-73.4141456734256,88.1209274099075
150.551256610124,-73.2513574541249,88.1185110472462
150.632074375682,-73.0884813738006,88.116094684585
150.712715218009,-72.9255176252864,88.1136783219237
150.793179043584,-72.7624664015957,88.1112619592624
150.873465759126,-72.599327895774,88.1088455966012
150.953575271558,-72.436102300982,88.1064292339399
151.033507488008,-72.2727898104929,88.1040128712787
151.113262315815,-72.1093906176778,88.1015965086174
151.192839662552,-71.945904915956,88.0991801459561
151.272239435966,-71.7823328989246,88.0967637832948
151.351461544047,-71.6186747602128,88.0943474206336
151.430505894981,-71.4549306935776,88.0919310579723
151.509372397181,-71.2911008928407,88.0895146953111
151.58806095925,-71.1271855519678,88.0870983326498
151.666571490027,-70.9631848649713,88.0846819699885
151.744903898547,-70.7990990259923,88.0822656073272
151.823058094056,-70.6349282292657,88.079849244666
151.901033986032,-70.4706726690903,88.0774328820047
151.978831484138,-70.3063325399073,88.0750165193434
152.056450498284,-70.1419080361878,88.0726001566822
152.133890938553,-69.977399352578,88.0701837940209
152.211152715279,-69.8128066837375,88.0677674313596
152.28823573898,-69.6481302244837,88.0653510686984
152.365139920408,-69.4833701696796,88.0629347060371
152.441865170506,-69.3185267143301,88.0605183433758
152.518411400454,-69.1536000534837,88.0581019807146
152.594778521631,-68.9885903823152,88.0556856180533
152.670966445634,-68.823497896075,88.0532692553921
152.74697508427,-68.6583227901223,88.0508528927308
152.822804349571,-68.4930652598762,88.0484365300695
152.898454153771,-68.3277255008794,88.0460201674082
152.973924409308,-68.1623037087836,88.043603804747
153.049215028873,-67.9968000792496,88.0411874420857
153.124325925318,-67.8312148081438,88.0387710794244
153.199257011762,-67.6655480913095,88.0363547167632
153.274008201493,-67.4998001247783,88.0339383541019
153.348579408044,-67.3339711046069,88.0315219914407
153.422970545146,-67.1680612269757,88.0291056287794
153.497181526761,-67.0020706881211,88.0266892661181
153.571212267042,-66.8359996844196,88.0242729034568
153.645062680375,-66.6698484123035,88.0218565407956
153.718732681355,-66.5036170682952,88.0194401781343
153.792222184797,-66.3373058490055,88.0170238154731
153.865531105729,-66.1709149511341,88.0146074528118
153.938659359379,-66.0044445715023,88.0121910901505
154.011606861213,-65.8378949069709,88.0097747274892
154.084373526892,-65.6712661545371,88.007358364828
154.156959272317,-65.5045585112212,88.0049420021667
154.229364013586,-65.3377721741798,88.0025256395054
154.301587667006,-65.1709073406734,88.0001092768442
154.373630149126,-65.0039642079843,87.9976929141829
154.445491376684,-64.8369429735472,87.9952765515216
154.517171266647,-64.6698438348507,87.9928601888604
154.588669736191,-64.5026669894861,87.9904438261991
154.659986702729,-64.3354126350819,87.9880274635378
154.731122083856,-64.1680809694343,87.9856111008766
154.802075797411,-64.0006721903602,87.9831947382153
154.872847761433,-63.833186495794,87.9807783755541
154.943437894195,-63.6656240837235,87.9783620128928
155.013846114162,-63.4979851522699,87.9759456502315
155.084072340032,-63.3302698996069,87.9735292875702
155.154116490725,-63.1624785239761,87.971112924909
155.223978485359,-62.994611223753,87.9686965622477
155.293658243279,-62.8266681973638,87.9662801995864
155.363155684057,-62.6586496433024,87.9638638369252
155.432470727453,-62.4905557602122,87.9614474742639
155.50160329348,-62.3223867467376,87.9590311116026
155.570553302344,-62.1541428016552,87.9566147489414
155.639320674479,-61.9858241238085,87.9541983862801
155.707905330527,-61.8174309121402,87.9517820236188
155.776307191348,-61.6489633656747,87.9493656609576
155.844526178034,-61.4804216834863,87.9469492982963
155.912562211879,-61.3118060647641,87.944532935635
155.980415214404,-61.1431167087618,87.9421165729738
156.048085107345,-60.9743538148154,87.9397002103125
156.115571812645,-60.8055175823748,87.9372838476512
156.182875252482,-60.6366082109212,87.93486748499
156.249995349247,-60.4676259000332,87.9324511223287
156.316932025536,-60.2985708494033,87.9300347596674
156.38368520419,-60.1294432587371,87.9276183970062
156.450254808233,-59.9602433279041,87.9252020343449
156.516640760943,-59.7909712567704,87.9227856716836
156.582842985787,-59.6216272453475,87.9203693090224
156.648861406467,-59.4522114936941,87.9179529463611
156.7146959469,-59.2827242019466,87.9155365836998
156.780346531224,-59.1131655703212,87.9131202210386
156.845813083789,-58.9435357991291,87.9107038583773
156.91109552917,-58.7738350887429,87.908287495716
156.976193792159,-58.6040636396137,87.9058711330548
157.041107797763,-58.4342216522871,87.9034547703935
157.105837471207,-58.2643093273864,87.9010384077322
157.170382737948,-58.0943268655786,87.898622045071
157.234743523649,-57.9242744676415,87.8962056824097
157.298919754199,-57.7541523344128,87.8937893197484
157.3629113557,-57.583960666824,87.8913729570872
157.426718254479,-57.4136996658664,87.8889565944259
157.490340377084,-57.2433695326069,87.8865402317646
157.553777650281,-57.0729704681887,87.8841238691034
157.617030001043,-56.9025026738644,87.8817075064421
157.680097356583,-56.7319663509115,87.8792911437808
157.74297964432,-56.5613617007165,87.8768747811196
157.805676791905,-56.3906889247067,87.8744584184583
157.868188727186,-56.2199482244528,87.872042055797
157.93051537826,-56.0491398015143,87.8696256931358
157.992656673426,-55.8782638575764,87.8672093304745
158.054612541209,-55.7073205943811,87.8647929678132
158.116382910344,-55.5363102137782,87.862376605152
158.177967709807,-55.3652329176235,87.8599602424907
158.239366868775,-55.1940889079133,87.8575438798294
158.300580316652,-55.0228783866837,87.8551275171682
158.361607983067,-54.8516015560434,87.8527111545069
158.422449797861,-54.6802586181904,87.8502947918456
158.483105691108,-54.5088497753615,87.8478784291844
158.543575593086,-54.3373752299161,87.8454620665231
158.603859434306,-54.1658351842519,87.8430457038618
158.663957145502,-53.9942298408213,87.8406293412006
158.723868657617,-53.8225594021982,87.8382129785393
158.783593901821,-53.650824070995,87.835796615878
158.843132809516,-53.4790240498766,87.8333802532168
158.902485312303,-53.3071595416307,87.8309638905555
158.961651342021,-53.1352307490808,87.8285475278942
159.02063083073,-52.9632378751037,87.826131165233
159.079423710695,-52.7911811227142,87.8237148025717
159.138029914425,-52.6190606949114,87.8212984399104
159.196449374637,-52.4468767948156,87.8188820772492
159.254682024269,-52.2746296256155,87.8164657145879
159.312727796492,-52.1023193905353,87.8140493519266
159.370586624679,-51.9299462929189,87.8116329892654
159.428258442447,-51.7575105361269,87.8092166266041
159.485743183613,-51.5850123236404,87.8068002639428
159.543040782242,-51.4124518589395,87.8043839012816
159.600151172595,-51.2398293456406,87.8019675386203
159.65707428917,-51.0671449873933,87.799551175959
159.713810066679,-50.8943989879313,87.7971348132978
159.770358440068,-50.7215915510216,87.7947184506365
159.826719344494,-50.5487228805324,87.7923020879752
159.882892715337,-50.3757931803975,87.789885725314
159.93887848821,-50.2028026545834,87.7874693626527
159.994676598931,-50.0297515071743,87.7850529999914
160.050286983559,-49.856639942268,87.7826366373302
160.105709578368,-49.6834681640458,87.7802202746689
160.160944319845,-49.5102363767879,87.7778039120076
160.215991144711,-49.3369447848054,87.7753875493464
160.270849989913,-49.1635935924579,87.7729711866851
160.325520792613,-48.990183004203,87.7705548240238
160.380003490193,-48.8167132245629,87.7681384613626
160.434298020266,-48.6431844581066,87.7657220987013
160.488404320661,-48.4695969094844,87.76330573604
160.542322329441,-48.295950783376,87.7608893733788
160.596051984886,-48.1222462845413,87.7584730107175
160.649593225486,-47.9484836178548,87.7560566480562
160.702945989979,-47.774662988168,87.753640285395
160.756110217309,-47.6007846004471,87.7512239227337
160.809085846652,-47.4268486597033,87.7488075600724
160.861872817399,-47.2528553710263,87.7463911974112
160.914471069171,-47.0788049395517,87.7439748347499
160.966880541809,-46.9046975704933,87.7415584720886
161.019101175381,-46.7305334691089,87.7391421094274
161.071132910179,-46.5563128407187,87.7367257467661
161.122975686718,-46.3820358907023,87.7343093841048
161.174629445733,-46.2077028245178,87.7318930214436
161.226094128183,-46.0333138476845,87.7294766587823
161.277369675266,-45.8588691657287,87.727060296121
161.328456028376,-45.6843689843242,87.7246439334598
161.379353129152,-45.5098135091518,87.7222275707985
161.430060919456,-45.3352029459355,87.7198112081372
161.480579341368,-45.1605375004918,87.717394845476
161.530908337196,-44.9858173786801,87.7149784828147
161.581047849466,-44.8110427864352,87.7125621201534
161.630997820937,-44.6362139297331,87.7101457574922
161.680758194589,-44.461331014608,87.7077293948309
161.730328913618,-44.2863942471869,87.7053130321696
161.779709921463,-44.1114038335854,87.7028966695084
161.82890116177,-43.9363599800453,87.7004803068471
161.877902578418,-43.7612628928318,87.6980639441858
161.926714115511,-43.5861127782665,87.6956475815246
161.975335717373,-43.4109098427455,87.6932312188633
162.023767328562,-43.2356542926867,87.690814856202
162.072008893847,-43.0603463346156,87.6883984935408
162.120060358235,-42.884986175063,87.6859821308795
162.167921666947,-42.7095740206662,87.6835657682182
162.215592765445,-42.5341100780496,87.681149405557
162.263073599392,-42.358594553979,87.6787330428957
162.310364114701,-42.183027655189,87.6763166802344
162.357464257493,-42.0074095885383,87.6739003175732
162.404373974121,-41.8317405609049,87.6714839549119
162.451093211163,-41.6560207792224,87.6690675922506
162.497621915425,-41.4802504504767,87.6666512295894
162.543960033932,-41.3044297817263,87.6642348669281
162.590107513938,-41.1285589800655,87.6618185042668
162.636064302921,-40.9526382526592,87.6594021416056
162.681830348587,-40.7766678067078,87.6569857789443
162.727405598872,-40.6006478494473,87.654569416283
162.77279000192,-40.4245785882366,87.6521530536218
162.817983506124,-40.2484602303986,87.6497366909605
162.862986060083,-40.072292983379,87.6473203282992
162.907797612633,-39.8960770546399,87.644903965638
162.952418112838,-39.719812651678,87.6424876029767
162.996847509977,-39.5434999820936,87.6400712403154
163.041085753562,-39.3671392535029,87.6376548776542
163.085132793332,-39.1907306735735,87.6352385149929
163.12898857925,-39.014274450023,87.6328221523316
163.172653061504,-38.8377707906374,87.6304057896704
163.21612619051,-38.6612199032347,87.6279894270091
163.259407916907,-38.4846219957012,87.6255730643478
163.302498191569,-38.3079772759372,87.6231567016866
163.345396965582,-38.1312859519447,87.6207403390253
163.388104190269,-37.9545482317404,87.618323976364
163.430619817181,-37.7777643233721,87.6159076137028
163.47294379809,-37.6009344349716,87.6134912510415
163.515076084988,-37.4240587747357,87.6110748883802
163.557016630111,-37.2471375508405,87.608658525719
163.598765385905,-37.0701709715792,87.6062421630577
163.640322305055,-36.8931592452406,87.6038258003964
163.68168734046,-36.7161025802132,87.6014094377352
163.722860445259,-36.5390011848802,87.5989930750739
163.763841572809,-36.3618552677067,87.5965767124126
163.804630676697,-36.1846650371869,87.5941603497514
163.845227710737,-36.0074307018616,87.5917439870901
163.885632628968,-35.8301524703357,87.5893276244288
163.925845385654,-35.6528305512589,87.5869112617676
163.965865935293,-35.4754651532927,87.5844948991063
164.005694232605,-35.2980564851783,87.582078536445
164.045330232535,-35.1206047557024,87.5796621737838
164.084773890264,-34.9431101736618,87.5772458111225
164.12402516119,-34.7655729479324,87.5748294484612
164.163084000945,-34.5879932874178,87.5724130858
164.201950365379,-34.4103714011006,87.5699967231387
164.240624210586,-34.232707497937,87.5675803604774
164.27910549287,-34.0550017869972,87.5651639978162
164.317394168774,-33.8772544773421,87.5627476351549
164.35549019506,-33.6994657781286,87.5603312724936
164.393393528724,-33.5216358985037,87.5579149098324
164.431104126987,-33.3437650476931,87.5554985471711
164.468621947297,-33.165853434946,87.5530821845098
164.505946947328,-32.9879012695727,87.5506658218486
164.543079084985,-32.8099087609065,87.5482494591873
164.580018318401,-32.631876118324,87.545833096526
164.616764605932,-32.4538035512599,87.5434167338648
164.653317906166,-32.2756912691724,87.5410003712035
164.689678177918,-32.0975394815616,87.5385840085422
164.725845380229,-31.9193483979847,87.536167645881
164.761819472369,-31.7411182280228,87.5337512832197
164.797600413835,-31.5628491813147,87.5313349205584
164.833188164357,-31.3845414675033,87.5289185578972
164.868582683882,-31.2061952963247,87.5265021952359
164.903783932597,-31.0278108775014,87.5240858325746
164.938791870909,-30.8493884208305,87.5216694699133
164.973606459458,-30.6709281361303,87.5192531072521
165.008227659106,-30.4924302332763,87.5168367445908
165.04265543095,-30.3138949221633,87.5144203819296
165.076889736312,-30.1353224127254,87.5120040192683
165.11093053674,-29.9567129149525,87.509587656607
165.144777794014,-29.7780666388542,87.5071712939458
165.178431470142,-29.5993837944777,87.5047549312845
165.211891527356,-29.4206645919249,87.5023385686232
165.245157928122,-29.2419092413176,87.499922205962
165.278230635132,-29.0631179528135,87.4975058433007
165.3111096113,-28.8842909366432,87.4950894806394
165.343794819784,-28.705428403002,87.4926731179782
165.376286223954,-28.5265305621928,87.4902567553169
165.408583787417,-28.3475976245178,87.4878403926556
165.440687474006,-28.1686298003331,87.4854240299944
165.472597247787,-27.9896272999945,87.4830076673331
165.504313073049,-27.8105903339289,87.4805913046718
165.535834914313,-27.6315191125789,87.4781749420106
165.567162736325,-27.4524138464405,87.4757585793493
165.598296504065,-27.2732747460259,87.473342216688
165.629236182737,-27.0941020218812,87.4709258540268
165.659981737773,-26.9148958846217,87.4685094913655
165.690533134843,-26.7356565448258,87.4660931287042
165.720890339833,-26.5563842131754,87.463676766043
165.751053318869,-26.3770791003324,87.4612604033817
165.781022038293,-26.1977414170633,87.4588440407204
165.810796464694,-26.0183713740593,87.4564276780592
165.840376564871,-25.8389691821516,87.4540113153979
165.869762305868,-25.6595350521138,87.4515949527366
165.898953654942,-25.4800691948406,87.4491785900753
165.927950579596,-25.300571821169,87.4467622274141
165.956753047548,-25.1210431420392,87.4443458647528
165.985361026755,-24.9414833683678,87.4419295020916
166.013774485393,-24.7618927111567,87.4395131394303
166.041993391878,-24.5822713813844,87.437096776769
166.070017714848,-24.4026195900956,87.4346804141078
166.097847423173,-24.222937548347,87.4322640514465
166.12548248595,-24.0432254672429,87.4298476887852
166.152922872509,-23.8634835578818,87.427431326124
166.180168552404,-23.6837120314444,87.4250149634627
166.207219495422,-23.5039110991055,87.4225986008014
166.234075671581,-23.3240809720507,87.4201822381402
166.260737051123,-23.1442218615471,87.4177658754789
166.287203604524,-22.964333978837,87.4153495128176
166.313475302484,-22.7844175352444,87.4129331501563
166.33955211594,-22.6044727420674,87.4105167874951
166.365434016054,-22.4244998106496,87.4081004248338
166.391120974215,-22.2444989523976,87.4056840621726
166.416612962046,-22.0644703786913,87.4032676995113
166.441909951398,-21.8844143009733,87.40085133685
166.467011914349,-21.7043309307124,87.3984349741887
166.491918823211,-21.5242204793689,87.3960186115275
166.516630650523,-21.3440831584637,87.3936022488662
166.541147369055,-21.163919179527,87.391185886205
166.565468951805,-20.9837287541129,87.3887695235437
166.589595371998,-20.8035120938381,87.3863531608824
166.613526603093,-20.6232694103075,87.3839367982212
166.637262618781,-20.4430009151338,87.3815204355599
166.660803392976,-20.2627068199892,87.3791040728986
166.684148899827,-20.0823873365531,87.3766877102373
166.707299113706,-19.9020426765643,87.3742713475761
166.730254009226,-19.721673051714,87.3718549849148
166.753013561218,-19.5412786737882,87.3694386222536
166.775577744747,-19.3608597545788,87.3670222595923
166.797946535114,-19.180416505847,87.364605896931
166.82011990784,-18.9999491394482,87.3621895342697
166.842097838683,-18.8194578672245,87.3597731716085
166.863880303627,-18.6389429010408,87.3573568089472
166.885467278886,-18.4584044528013,87.354940446286
166.906858740907,-18.2778427344146,87.3525240836247
166.928054666364,-18.0972579578105,87.3501077209634
166.94905503216,-17.9166503349766,87.3476913583021
166.969859815434,-17.7360200778493,87.3452749956409
166.990468993546,-17.5553673984578,87.3428586329796
167.010882544093,-17.3746925088155,87.3404422703183
167.031100444901,-17.1939956209569,87.3380259076571
167.051122674021,-17.013276946954,87.3356095449958
167.07094920974,-16.832536698881,87.3331931823346
167.090580030574,-16.651775088831,87.3307768196733
167.110015115267,-16.4709923289175,87.328360457012
167.129254442791,-16.290188631308,87.3259440943507
167.148297992355,-16.1093642081357,87.3235277316895
167.167145743391,-15.9285192715875,87.3211113690282
167.185797675566,-15.7476540338513,87.318695006367
167.204253768773,-15.5667687071509,87.3162786437057
167.22251400314,-15.3858635037098,87.3138622810444
167.240578359023,-15.2049386357513,87.3114459183832
167.258446817005,-15.0239943155698,87.3090295557219
167.276119357902,-14.8430307554587,87.3066131930606
167.293595962764,-14.6620481676749,87.3041968303993
167.310876612862,-14.4810467645807,87.3017804677381
167.327961289707,-14.3000267584657,87.2993641050768
167.344849975033,-14.1189883617075,87.2969477424155
167.361542650809,-13.937931786645,87.2945313797543
167.378039299231,-13.7568572456692,87.292115017093
167.394339902725,-13.5757649511863,87.2896986544317
167.410444443951,-13.3946551155991,87.2872822917705
167.426352905796,-13.2135279513256,87.2848659291092
167.442065271378,-13.0323836708167,87.282449566448
167.457581524046,-12.8512224865194,87.2800332037867
167.472901647379,-12.6700446108943,87.2776168411254
167.488025625187,-12.4888502564166,87.2752004784641
167.502953441508,-12.3076396356104,87.2727841158029
167.517685080613,-12.1264129609598,87.2703677531416
167.532220527001,-11.9451704449977,87.2679513904803
167.546559765404,-11.7639123002334,87.2655350278191
167.560702780781,-11.5826387392611,87.2631186651578
167.574649558325,-11.4013499745977,87.2607023024966
167.588400083458,-11.2200462188257,87.2582859398353
167.601954341829,-11.0387276845396,87.255869577174
167.615312319323,-10.8573945843274,87.2534532145127
167.628474002053,-10.6760471307886,87.2510368518515
167.64143937636,-10.4946855365517,87.2486204891902
167.654208428818,-10.3133100142382,87.2462041265289
167.666781146233,-10.1319207764795,87.2437877638677
167.679157515638,-9.9505180359363,87.2413714012064
167.691337524297,-9.76910200526093,87.2389550385452
167.703321159706,-9.58767289713331,87.2365386758839
167.715108409591,-9.40623092420718,87.2341223132226
167.726699261908,-9.22477629919979,87.2317059505613
167.738093704842,-9.04330923478329,87.2292895879001
167.749291726812,-8.86182994367471,87.2268732252388
167.760293316463,-8.68033863859966,87.2244568625775
167.771098462675,-8.49883553225605,87.2220404999163
167.781707154556,-8.31732083736772,87.219624137255
167.792119381442,-8.13579476672062,87.2172077745937
167.802335132905,-7.95425753301858,87.2147914119325
167.812354398743,-7.77270934904368,87.2123750492712
167.822177168988,-7.59115042751448,87.20995868661
167.831803433898,-7.40958098124518,87.2075423239487
167.841233183965,-7.22800122298564,87.2051259612874
167.85046640991,-7.04641136550874,87.2027095986261
167.859503102686,-6.86481162161285,87.2002932359649
167.868343253474,-6.68320220410156,87.1978768733036
167.876986853687,-6.50158332574741,87.1954605106423
167.885433894968,-6.3199551993837,87.1930441479811
167.893684369192,-6.13831803777551,87.1906277853198
167.901738268461,-5.95667205378339,87.1882114226585
167.909595585111,-5.77501746018243,87.1857950599973
167.917256311707,-5.59335446982395,87.183378697336
167.924720441043,-5.41168329552754,87.1809623346747
167.931987966147,-5.23000415011668,87.1785459720135
167.939058880273,-5.04831724643601,87.1761296093522
167.94593317691,-4.86662279729774,87.1737132466909
167.952610849773,-4.68492101557146,87.1712968840297
167.959091892812,-4.50321211409321,87.1688805213684
167.965376300203,-4.32149630568403,87.1664641587071
167.971464066356,-4.13977380322101,87.1640477960459
167.977355185909,-3.95804481954695,87.1616314333846
167.983049653732,-3.77630956750766,87.1592150707233
167.988547464924,-3.5945682599494,87.1567987080621
167.993848614816,-3.41282110975616,87.1543823454008
167.998953098968,-3.2310683297417,87.1519659827395
168.003860913172,-3.04931013279109,87.1495496200783
168.008572053448,-2.86754673175597,87.147133257417
168.013086516048,-2.68577833950443,87.1447168947557
168.017404297455,-2.50400516886977,87.1423005320945
168.021525394381,-2.32222743272155,87.1398841694332
168.025449803769,-2.14044534390923,87.1374678067719
168.029177522792,-1.95865911530163,87.1350514441107
168.032708548855,-1.77686895976518,87.1326350814494
168.03604287959,-1.59507509013025,87.1302187187881
168.039180512862,-1.41327771924254,87.1278023561269
168.042121446767,-1.23147706000161,87.1253859934656
168.044865679628,-1.04967332519589,87.1229696308043
168.047413210002,-0.867866727720342,87.1205532681431
168.049764036674,-0.686057480395576,87.1181369054818
168.051918158659,-0.50424579605689,87.1157205428205
168.053875575205,-0.322431887573709,87.1133041801593
168.055636285787,-0.140615967757099,87.110887817498
168.057200290113,0.0412017505476476,87.1084714548367
168.058567588119,0.22302105451887,87.1060550921755
168.059738179972,0.404841731318789,87.1036387295142
168.060712066071,0.586663568151374,87.1012223668529
168.061489247043,0.768486352169742,87.0988060041917
168.062069723747,0.950309870568661,87.0963896415304
168.062453497269,1.13213391056509,87.0939732788691
168.062640568929,1.31395825932709,87.0915569162079
168.062630940275,1.4957827040827,87.0891405535466
168.062424613086,1.67760703201129,87.0867241908853
168.062021589372,1.85943103035182,87.0843078282241
168.06142187137,2.04125448631354,87.0818914655628
168.06062546155,2.22307718713031,87.0794751029015
168.059632362612,2.40489892002436,87.0770587402403
168.058442577485,2.58671947226094,87.074642377579
168.057056109329,2.76853863105778,87.0722260149177
168.055472961533,2.9503561836773,87.0698096522565
168.053693137716,3.13217191740623,87.0673932895952
168.051716641729,3.31398561948605,87.0649769269339
168.049543477652,3.49579707720185,87.0625605642727
168.047173649794,3.67760607784682,87.0601442016114
168.044607162694,3.85941240872393,87.0577278389501
168.041844021123,4.04121585712559,87.0553114762889
168.038884230082,4.22301621035454,87.0528951136276
168.035727794798,4.40481325575778,87.0504787509663
168.032374720732,4.58660678065641,87.0480623883051
168.028825013574,4.76839657239987,87.0456460256438
168.025078679242,4.9501824183292,87.0432296629825
168.021135723887,5.13196410581341,87.0408133003213
168.016996153888,5.31374142223268,87.03839693766
168.012659975854,5.49551415494225,87.0359805749987
168.008127196624,5.67728209137977,87.0335642123375
168.003397823266,5.85904501892229,87.0311478496762
167.99847186308,6.04080272499518,87.0287314870149
167.993349323593,6.22255499703506,87.0263151243537
167.988030212564,6.40430162247239,87.0238987616924
167.982514537981,6.58604238876883,87.0214823990311
167.97680230806,6.76777708339795,87.0190660363699
167.970893531251,6.94950549382832,87.0166496737086
167.964788216228,7.13122740755944,87.0142333110473
167.9584863719,7.31294261210417,87.0118169483861
167.951988007403,7.49465089497161,87.0094005857248
167.945293132102,7.67635204368381,87.0069842230635
167.938401755593,7.85804584581299,87.0045678604023
167.931313887701,8.03973208891018,87.002151497741
167.924029538481,8.22141056055888,86.9997351350797
167.916548718216,8.40308104833891,86.9973187724185
167.908871437422,8.58474333986364,86.9949024097572
167.900997706841,8.76639722274357,86.9924860470959
167.892927537444,8.94804248464052,86.9900696844347
167.884660940436,9.12967891319697,86.9876533217734
167.876197927247,9.31130629607021,86.9852369591121
167.867538509538,9.49292442095295,86.9828205964509
167.858682699199,9.67453307555385,86.9804042337896
167.84963050835,9.85613204759836,86.9779878711283
167.840381949341,10.0377211247932,86.9755715084671
167.830937034749,10.2193000949163,86.9731551458058
167.821295777382,10.4008687457271,86.9707387831445
167.811458190276,10.5824268650208,86.9683224204833
167.801424286698,10.7639742406107,86.965906057822
167.791194080144,10.9455106603104,86.9634896951607
167.780767584336,11.1270359119702,86.9610733324995
167.77014481323,11.3085497834406,86.9586569698382
167.759325781008,11.4900520626096,86.9562406071769
167.74831050208,11.6715425373843,86.9538242445157
167.737098991089,11.8530209956735,86.9514078818544
167.725691262903,12.0344872254416,86.9489915191931
167.714087332624,12.2159410146012,86.9465751565319
167.702287215577,12.3973821511748,86.9441587938706
167.69029092732,12.5788104231515,86.9417424312093
167.678098483637,12.7602256185595,86.9393260685481
167.665709900545,12.9416275254117,86.9369097058868
167.653125194287,13.1230159317964,86.9344933432255
167.640344381333,13.3043906258054,86.9320769805643
167.627367478387,13.4857513955335,86.929660617903
167.614194502378,13.667098029099,86.9272442552417
167.600825470466,13.8484303146589,86.9248278925805
167.587260400035,14.0297480404119,86.9224115299192
167.573499308703,14.2110509945242,86.9199951672579
167.559542214318,14.3923389652045,86.9175788045967
167.545389134948,14.5736117407371,86.9151624419354
167.531040088896,14.7548691093771,86.9127460792741
167.516495094695,14.9361108593844,86.9103297166129
167.501754171103,15.1173367790971,86.9079133539516
167.486817337106,15.2985466568598,86.9054969912903
167.471684611923,15.4797402810056,86.9030806286291
167.456356014996,15.6609174399456,86.9006642659678
167.440831565999,15.8420779220807,86.8982479033065
167.425111284832,16.0232215158545,86.8958315406453
167.409195191627,16.2043480097181,86.893415177984
167.393083306741,16.3854571921665,86.8909988153227
167.376775650757,16.566548851738,86.8885824526615
167.360272244494,16.747622776926,86.8861660900002
167.34357310899,16.9286787563393,86.8837497273389
167.32667826552,17.1097165785424,86.8813333646777
167.309587735582,17.2907360321624,86.8789170020164
167.292301540899,17.4717369058707,86.8765006393551
167.274819703432,17.6527189882952,86.8740842766939
167.257142245359,17.8336820681812,86.8716679140326
167.239269189093,18.0146259342476,86.8692515513713
167.221200557273,18.1955503752414,86.8668351887101
167.202936372767,18.3764551799563,86.8644188260488
167.184476658667,18.5573401372144,86.8620024633875
167.165821438298,18.7382050358493,86.8595861007263
167.146970735209,18.9190496647404,86.857169738065
167.127924573178,19.0998738127979,86.8547533754037
167.108682976214,19.2806772689248,86.8523370127425
167.089245968545,19.4614598221262,86.8499206500812
167.069613574636,19.6422212613649,86.8475042874199
167.049785819176,19.8229613756711,86.8450879247587
167.029762727082,20.0036799540864,86.8426715620974
167.009544323494,20.1843767857199,86.8402551994361
166.989130633786,20.3650516596755,86.8378388367749
166.968521683556,20.5457043651065,86.8354224741136
166.947717498631,20.72633469118,86.8330061114523
166.926718105066,20.9069424270952,86.8305897487911
166.905523529139,21.0875273621183,86.8281733861298
166.884133797361,21.2680892855127,86.8257570234685
166.862548936464,21.4486279865918,86.8233406608073
166.840768973415,21.6291432546847,86.820924298146
166.818793935401,21.8096348791703,86.8185079354847
166.796623849839,21.9901026494618,86.8160915728235
166.774258744372,22.1705463550054,86.8136752101622
166.751698646877,22.3509657852276,86.8112588475009
166.728943585444,22.5313607296959,86.8088424848397
166.705993588405,22.7117309779054,86.8064261221784
166.682848684307,22.8920763194745,86.8040097595171
166.659508901933,23.0723965439674,86.8015933968558
166.635974270284,23.2526914410724,86.7991770341946
166.612244818597,23.4329608004417,86.7967606715333
166.588320576327,23.6132044118167,86.7943443088721
166.564201573164,23.7934220649206,86.7919279462108
166.539887839017,23.9736135495663,86.7895115835495
166.515379404024,24.1537786555854,86.7870952208883
166.490676298555,24.3339171728096,86.784678858227
166.465778553202,24.5140288911433,86.7822624955657
166.440686198781,24.6941136005284,86.7798461329045
166.415399266335,24.8741710909612,86.7774297702432
166.389917787141,25.0542011524043,86.7750134075819
166.364241792694,25.2342035749291,86.7725970449207
166.338371314717,25.4141781486271,86.7701806822594
166.312306385161,25.5941246636107,86.7677643195981
166.286047036203,25.7740429100479,86.7653479569369
166.259593300245,25.953932678128,86.7629315942756
166.232945209914,26.1337937581145,86.7605152316143
166.206102798067,26.3136259402565,86.7580988689531
166.179066097786,26.4934290148787,86.7556825062918
166.151835142375,26.6732027723449,86.7532661436305
166.124409965365,26.8529470030589,86.7508497809692
166.096790600518,27.0326614974467,86.748433418308
166.068977081815,27.2123460459929,86.7460170556467
166.040969443469,27.3920004392044,86.7436006929855
166.012767719911,27.5716244676649,86.7411843303242
165.984371945807,27.7512179219454,86.7387679676629
165.955782156043,27.9307805926942,86.7363516050017
165.926998385726,28.1103122706186,86.7339352423404
165.8980206702,28.2898127464149,86.7315188796791
165.868849045027,28.4692818108565,86.7291025170179
165.839483545994,28.6487192547593,86.7266861543566
165.809924209114,28.8281248689818,86.7242697916953
165.780171070628,29.0074984444072,86.7218534290341
165.750224167002,29.1868397719624,86.7194370663728
165.720083534922,29.3661486426522,86.7170207037115
165.689749211305,29.5454248474904,86.7146043410503
165.659221233292,29.7246681775334,86.712187978389
165.628499638244,29.903878423918,86.7097716157277
165.597584463756,30.0830553777716,86.7073552530665
165.566475747639,30.2621988303196,86.7049388904052
165.535173527929,30.4413085728138,86.7025225277439
165.503677842902,30.6203843964987,86.7001061650827
165.471988731037,30.7994260927516,86.6976898024214
165.440106231047,30.9784334529603,86.6952734397601
165.408030381877,31.1574062685231,86.6928570770989
165.375761222688,31.3363443309193,86.6904407144376
165.343298792866,31.5152474316745,86.6880243517763
165.310643132025,31.6941153623428,86.6856079891151
165.277794279998,31.8729479145605,86.6831916264538
165.24475227685,32.0517448799578,86.6807752637925
165.211517162862,32.2305060502651,86.6783589011312
165.178088978546,32.4092312172246,86.67594253847
165.144467764636,32.5879201726262,86.6735261758087
165.110653562087,32.7665727083432,86.6711098131475
165.076646412085,32.9451886162436,86.6686934504862
165.042446356031,33.1237676882973,86.6662770878249
165.008053435554,33.3023097165046,86.6638607251637
164.973467692512,33.4808144928793,86.6614443625024
164.938689168983,33.6592818095198,86.6590279998411
164.903717907265,33.8377114585741,86.6566116371799
164.868553949883,34.0161032322391,86.6541952745186
164.833197339583,34.1944569227614,86.6517789118573
164.797648119343,34.3727723224037,86.6493625491961
164.761906332355,34.5510492235299,86.6469461865348
164.72597202204,34.7292874185205,86.6445298238735
164.689845232042,34.9074866998063,86.6421134612123
164.653526006222,35.0856468599044,86.639697098551
164.617014388672,35.2637676913478,86.6372807358897
164.580310423703,35.4418489867389,86.6348643732285
164.543414155853,35.6198905387135,86.6324480105672
164.50632562988,35.7978921399776,86.6300316479059
164.469044890762,35.9758535832889,86.6276152852446
164.431571983713,36.153774661423,86.6251989225834
164.393906954149,36.3316551672778,86.6227825599221
164.356049847732,36.5094948937167,86.6203661972609
164.318000710326,36.6872936337433,86.6179498345996
164.279759588029,36.8650511803631,86.6155334719383
164.241326527163,37.0427673266342,86.6131171092771
164.202701574271,37.2204418656689,86.6107007466158
164.163884776111,37.3980745906691,86.6082843839545
164.124876179669,37.5756652948724,86.6058680212932
164.08567583216,37.7532137715372,86.603451658632
164.046283781014,37.930719814011,86.6010352959707
164.006700073877,38.1081832157136,86.5986189333095
163.966924758633,38.2856037700687,86.5962025706482
163.926957883377,38.462981270589,86.5937862079869
163.886799496424,38.6403155108622,86.5913698453257
163.846449646323,38.8176062844776,86.5889534826644
163.805908381835,38.9948533851172,86.5865371200031
163.765175751944,39.1720566065189,86.5841207573419
163.724251805861,39.3492157424601,86.5817043946806
163.683136593009,39.5263305868096,86.5792880320193
163.641830163046,39.7034009334413,86.576871669358
163.600332565843,39.8804265763218,86.5744553066968
163.558643851492,40.0574073094745,86.5720389440355
163.516764070311,40.2343429269639,86.5696225813742
163.474693272832,40.4112332229479,86.567206218713
163.432431509815,40.5880779916068,86.5647898560517
163.389978832243,40.7648770271801,86.5623734933905
163.347335291314,40.9416301239839,86.5599571307292
163.304500938455,41.1183370763755,86.5575407680679
163.2614758253,41.2949976788065,86.5551244054066
163.218260003717,41.4716117257536,86.5527080427454
163.174853525794,41.6481790117525,86.5502916800841
163.13125644383,41.8246993314342,86.5478753174229
163.087468810359,42.0011724794381,86.5454589547616
163.043490678121,42.1775982505157,86.5430425921003
162.999322100088,42.3539764394449,86.5406262294391
162.954963129451,42.5303068410643,86.5382098667778
162.910413819617,42.7065892502912,86.5357935041165
162.865674224208,42.882823462122,86.5333771414552
162.820744397083,43.0590092715623,86.530960778794
162.775624392308,43.2351464737146,86.5285444161327
162.730314264174,43.4112348637432,86.5261280534714
162.684814067191,43.5872742368579,86.5237116908102
162.63912385609,43.7632643883481,86.5212953281489
162.593243685819,43.9392051135667,86.5188789654877
162.54717361155,44.1150962079113,86.5164626028264
162.500913688672,44.2909374668615,86.5140462401651
162.454463972794,44.4667286859596,86.5116298775039
162.407824519752,44.642469660777,86.5092135148426
162.360995385583,44.8181601870191,86.5067971521813
162.31397662657,44.9938000603683,86.50438078952
162.266768299189,45.1693890766585,86.5019644268588
162.219370460154,45.3449270317189,86.4995480641975
162.171783166387,45.5204137214961,86.4971317015362
162.124006475041,45.6958489419491,86.494715338875
162.076040443474,45.8712324891551,86.4922989762137
162.027885129274,46.0465641592222,86.4898826135525
161.979540590242,46.2218437483416,86.4874662508912
161.931006884404,46.397071052753,86.4850498882299
161.882284069998,46.5722458687808,86.4826335255686
161.833372205482,46.7473679928151,86.4802171629074
161.784271349538,46.922437221296,86.4778008002461
161.734981561061,47.0974533507478,86.4753844375848
161.68550289917,47.2724161777449,86.4729680749236
161.635835423197,47.447325498947,86.4705517122623
161.585979192693,47.6221811110805,86.4681353496011
161.535934267431,47.7969828109242,86.4657189869398
161.485700707393,47.971730395358,86.4633026242785
161.4352785728,48.1464236612626,86.4608862616172
161.384667924059,48.3210624056899,86.458469898956
161.333868821828,48.4956464256582,86.4560535362947
161.282881326965,48.6701755183061,86.4536371736334
161.231705500547,48.8446494808422,86.4512208109722
161.18034140387,49.019068110544,86.4488044483109
161.128789098444,49.1934312047597,86.4463880856497
161.07704864601,49.3677385608724,86.4439717229884
161.025120108512,49.541989976388,86.4415553603271
160.973003548117,49.7161852488488,86.4391389976659
160.920699027209,49.8903241758834,86.4367226350046
160.868206608386,50.0644065551936,86.4343062723433
160.815526354477,50.2384321845172,86.431889909682
160.762658328508,50.4124008617144,86.4294735470208
160.709602593736,50.5863123846839,86.4270571843595
160.656359213628,50.7601665514132,86.4246408216982
160.602928251869,50.9339631599618,86.422224459037
160.549309772365,51.1077020084451,86.4198080963757
160.495503839233,51.2813828950669,86.4173917337145
160.441510516813,51.4550056180893,86.4149753710532
160.387329869656,51.628569975862,86.4125590083919
160.332961962528,51.8020757668104,86.4101426457306
160.278406860419,51.9755227894141,86.4077262830694
160.223664628529,52.1489108422454,86.4053099204081
160.168735332278,52.3222397239334,86.4028935577468
160.113619037293,52.4955092332154,86.4004771950856
160.058315809433,52.6687191688512,86.3980608324243
160.002825714761,52.8418693297114,86.395644469763
159.947148819552,53.0149595147563,86.3932281071018
159.891285190312,53.1879895229721,86.3908117444405
159.835234893745,53.3609591534713,86.3883953817792
159.77899799679,53.5338682053909,86.385979019118
159.722574566583,53.706716477994,86.3835626564567
159.665964670487,53.879503770587,86.3811462937954
159.609168376079,54.0522298825521,86.3787299311342
159.552185751142,54.2248946133824,86.3763135684729
159.495016863684,54.3974977626136,86.3738972058116
159.437661781924,54.570039129876,86.3714808431504
159.380120574304,54.7425185148429,86.3690644804891
159.322393309461,54.9149357173323,86.3666481178279
159.26448005627,55.0872905371733,86.3642317551666
159.206380883806,55.2595827743069,86.3618153925053
159.148095861367,55.4318122287338,86.359399029844
159.089625058447,55.6039787005866,86.3569826671828
159.030968544791,55.7760819899716,86.3545663045215
158.972126390314,55.9481218971963,86.3521499418602
158.913098665185,56.1200982225424,86.349733579199
158.853885439752,56.2920107664578,86.3473172165377
158.794486784606,56.4638593294019,86.3449008538764
158.734902770543,56.63564371193,86.3424844912152
158.675133468556,56.8073637147293,86.3400681285539
158.615178949875,56.9790191384984,86.3376517658926
158.555039285939,57.1506097840345,86.3352354032314
158.494714548386,57.3221354522489,86.3328190405701
158.434204809077,57.4935959441174,86.3304026779088
158.373510140095,57.6649910606616,86.3279863152476
158.312630613726,57.8363206030205,86.3255699525863
158.251566302469,58.0075843724136,86.323153589925
158.190317279037,58.1787821701426,86.3207372272638
158.128883616353,58.3499137975903,86.3183208646025
158.067265387569,58.5209790561901,86.3159045019412
158.005462666035,58.69197774749,86.31348813928
157.943475525308,58.8629096731385,86.3110717766187
157.881304039177,59.0337746348157,86.3086554139574
157.818948281623,59.2045724343361,86.3062390512962
157.756408326861,59.3753028735481,86.3038226886349
157.693684249297,59.5459657544328,86.3014063259736
157.630776123557,59.7165608790386,86.2989899633124
157.567684024491,59.887088049465,86.2965736006511
157.504408027149,60.0575470679295,86.2941572379898
157.440948206786,60.2279377367509,86.2917408753286
157.377304638888,60.3982598582821,86.2893245126673
157.313477399134,60.5685132350111,86.286908150006
157.249466563434,60.7386976694624,86.2844917873448
157.185272207889,60.9088129642948,86.2820754246835
157.120894408826,61.0788589222203,86.2796590620222
157.056333242776,61.2488353460526,86.277242699361
156.991588786489,61.4187420386758,86.2748263366997
156.926661116917,61.5885788030767,86.2724099740384
156.861550311225,61.7583454423289,86.2699936113772
156.796256446796,61.9280417595764,86.2675772487159
156.730779601216,62.0976675580661,86.2651608860546
156.665119852289,62.2672226411161,86.2627445233934
156.599277278016,62.4367068121664,86.2603281607321
156.533251956629,62.6061198746925,86.2579117980708
156.467043966557,62.775461632293,86.2554954354096
156.400653386432,62.9447318886715,86.2530790727483
156.334080295117,63.1139304475686,86.250662710087
156.267324771673,63.2830571128478,86.2482463474258
156.200386895368,63.4521116884623,86.2458299847645
156.13326674569,63.6210939784358,86.2434136221032
156.06596440232,63.7900037869162,86.240997259442
155.998479945173,63.9588409180909,86.2385808967807
155.930813454356,64.1276051762689,86.2361645341194
155.862965010182,64.2962963658685,86.2337481714582
155.7949346932,64.4649142913284,86.2313318087969
155.726722584131,64.6334587572644,86.2289154461356
155.658328763931,64.8019295683305,86.2264990834744
155.589753313761,64.9703265292726,86.2240827208131
155.520996314986,65.138649444944,86.2216663581518
155.452057849181,65.3068981202901,86.2192499954906
155.38293799814,65.4750723603135,86.2168336328293
155.313636843842,65.6431719701761,86.214417270168
155.244154468499,65.8111967550648,86.2120009075068
155.174490954521,65.979146520292,86.2095845448455
155.104646384524,66.1470210712627,86.2071681821842
155.034620841333,66.3148202134749,86.204751819523
154.964414407995,66.4825437524859,86.2023354568617
154.894027167744,66.6501914939953,86.1999190942004
154.823459204044,66.817763243747,86.1975027315392
154.752710600538,66.9852588076455,86.1950863688779
154.681781441104,67.1526779916222,86.1926700062166
154.610671809815,67.3200206017342,86.1902536435554
154.539381790952,67.4872864441351,86.1878372808941
154.467911469008,67.6544753250554,86.1854209182328
154.396260928687,67.8215870508203,86.1830045555716
154.324430254882,67.9886214278823,86.1805881929103
154.252419532703,68.1555782627741,86.178171830249
154.18022884748,68.3224573620892,86.1757554675878
154.107858284738,68.4892585325502,86.1733391049265
154.035307930197,68.655981580993,86.1709227422652
153.96257786981,68.8226263142975,86.168506379604
153.88966818972,68.9891925394757,86.1660900169427
153.816578976276,69.1556800636343,86.1636736542814
153.743310316041,69.3220886939603,86.1612572916202
153.669862295771,69.4884182377713,86.1588409289589
153.596235002448,69.6546685024317,86.1564245662976
153.522428523248,69.8208392954369,86.1540082036364
153.448442945542,69.9869304243957,86.1515918409751
153.37427835694,70.1529416969494,86.1491754783138
153.299934845217,70.3188729209189,86.1467591156526
153.22541249838,70.4847239041742,86.1443427529913
153.150711404639,70.6504944546845,86.14192639033
153.0758316524,70.8161843805331,86.1395100276688
153.000773330287,70.981793489886,86.1370936650075
152.925536527109,71.1473215910405,86.1346773023462
152.850121331898,71.312768492362,86.132260939685
152.77452783389,71.4781340023139,86.1298445770237
152.698756122519,71.643417929476,86.1274282143624
152.622806287422,71.8086200825288,86.1250118517012
152.546678418449,71.973740270236,86.1225954890399
152.470372605649,72.138778301478,86.1201791263786
152.393888939279,72.3037339852196,86.1177627637174
152.317227509788,72.4686071305588,86.1153464010561
152.24038840785,72.6333975466466,86.1129300383948
152.163371724323,72.7981050427826,86.1105136757336
152.086177550281,72.9627294283369,86.1080973130723
152.008805977003,73.1272705127804,86.105680950411
151.931257095958,73.2917281057184,86.1032645877498
151.853530998838,73.4561020168099,86.1008482250885
151.775627777519,73.6203920558646,86.0984318624272
151.697547524092,73.784598032763,86.096015499766
151.619290330856,73.9487197574879,86.0935991371047
151.540856290293,74.1127570401567,86.0911827744434
151.462245495106,74.2767096909596,86.0887664117822
151.383458038201,74.4405775201877,86.0863500491209
151.304494012669,74.6043603382709,86.0839336864596
151.225353511829,74.7680579556914,86.0815173237984
151.146036629179,74.9316701830864,86.0791009611371
151.066543458442,75.095196831148,86.0766845984758
150.986874093511,75.2586377107372,86.0742682358146
150.907028628524,75.4219926327392,86.0718518731533
150.827007157786,75.5852614082086,86.069435510492
150.746809775813,75.7484438482894,86.0670191478308
150.66643657733,75.9115397642141,86.0646027851695
150.585887657266,76.0745489673214,86.0621864225082
150.505163110733,76.2374712690879,86.059770059847
150.424263033061,76.4003064810637,86.0573536971857
150.343187519783,76.5630544149052,86.0549373345244
150.261936666614,76.7257148824079,86.0525209718632
150.180510569498,76.8882876954248,86.0501046092019
150.098909324561,77.0507726659482,86.0476882465406
150.017133028123,77.2131696060947,86.0452718838794
149.935181776728,77.3754783280385,86.0428555212181
149.853055667106,77.5376986440938,86.0404391585568
149.770754796185,77.6998303666825,86.0380227958956
149.688279261096,77.8618733083346,86.0356064332343
149.605629159177,78.0238272816724,86.033190070573
149.522804587966,78.1856920994263,86.0307737079118
149.439805645186,78.3474675744673,86.0283573452505
149.356632428781,78.5091535197271,86.0259409825892
149.273285036875,78.6707497482947,86.023524619928
149.189763567795,78.8322560733514,86.0211082572667
149.106068120089,78.9936723081566,86.0186918946054
149.022198792483,79.1549982661117,86.0162755319442
148.938155683904,79.3162337607273,86.0138591692829
148.853938893481,79.4773786056243,86.0114428066216
148.769548520545,79.6384326145175,86.0090264439604
148.684984664622,79.799395601249,86.0066100812991
148.600247425435,79.9602673797704,86.0041937186378
148.515336902922,80.1210477641134,86.0017773559766
148.430253197194,80.2817365684679,85.9993609933153
148.344996408571,80.4423336071195,85.996944630654
148.259566637586,80.6028386944332,85.9945282679928
148.173963984945,80.7632516449335,85.9921119053315
148.08818855157,80.9235722732258,85.9896955426702
148.00224043858,81.0838003940264,85.987279180009
147.916119747266,81.2439358222125,85.9848628173477
147.829826579169,81.4039783726786,85.9824464546864
147.743361035966,81.5639278605425,85.9800300920252
147.656723219576,81.7237841009566,85.9776137293639
147.569913232104,81.8835469092012,85.9751973667026
147.482931175839,82.043216100702,85.9727810040414
147.395777153281,82.2027914909676,85.9703646413801
147.308451267117,82.3622728956358,85.9679482787188
147.220953620244,82.5216601304414,85.9655319160576
147.133284315744,82.6809530112507,85.9631155533963
147.045443456903,82.8401513540287,85.960699190735
146.957431147197,82.9992549748697,85.9582828280737
146.869247490298,83.1582636899839,85.9558664654125
146.780892590072,83.3171773156962,85.9534501027512
146.692366550601,83.4759956684153,85.95103374009
146.603669476135,83.6347185647125,85.9486173774287
146.514801471138,83.7933458212433,85.9462010147674
146.42576264026,83.9518772547955,85.9437846521062
146.336553088355,84.1103126822567,85.9413682894449
146.247172920457,84.2686519206617,85.9389519267836
146.157622241827,84.4268947871004,85.9365355641224
146.067901157871,84.5850410988728,85.9341192014611
145.978009774241,84.7430906733011,85.9317028387998
145.887948196759,84.9010433278733,85.9292864761386
145.79771653144,85.0588988801938,85.9268701134773
145.707314884485,85.2166571479994,85.924453750816
145.616743362326,85.3743179490838,85.9220373881548
145.526002071552,85.5318811014206,85.9196210254935
145.435091118957,85.6893464230846,85.9172046628322
145.344010611536,85.8467137322557,85.914788300171
145.252760656469,86.0039828472466,85.9123719375097
145.161341361141,86.1611535864729,85.9099555748484
145.069752833118,86.3182257684857,85.9075392121872
144.977995180164,86.4751992119549,85.9051228495259
144.886068510241,86.6320737356543,85.9027064868646
144.793972931497,86.7888491584928,85.9002901242034
144.701708552283,86.945525299484,85.8978737615421
144.609275481132,87.1021019777768,85.8954573988808
144.516673826771,87.2585790126395,85.8930410362196
144.423903698128,87.4149562234467,85.8906246735583
144.330965204316,87.571233429709,85.888208310897
144.237858454647,87.7274104510407,85.8857919482357
144.144583558618,87.8834871071948,85.8833755855745
144.051140625907,88.03946321806,85.8809592229132
143.957529766424,88.1953386035846,85.878542860252
143.863751090222,88.3511130839154,85.8761264975907
143.769804707584,88.5067864792602,85.8737101349294
143.675690728965,88.6623586099797,85.8712937722682
143.581409265011,88.8178292965561,85.8688774096069
143.486960426572,88.973198359579,85.8664610469456
143.392344324675,89.1284656197765,85.8640446842844
143.297561070541,89.2836308979991,85.8616283216231
143.202610775591,89.4386940152053,85.8592119589618
143.107493551427,89.5936547924924,85.8567955963006
143.012209509851,89.7485130510645,85.8543792336393
142.916758762836,89.9032686122819,85.851962870978
142.821141422574,90.0579212975821,85.8495465083168
142.725357601429,90.2124709285568,85.8471301456555
142.629407411955,90.3669173269226,85.8447137829942
142.533290966895,90.521260314521,85.842297420333
142.437008379191,90.6754997133012,85.8398810576717
142.340559761977,90.8296353453396,85.8374646950104
142.243945228554,90.9836670328667,85.8350483323491
142.147164892433,91.1375945982083,85.8326319696879
142.050218867316,91.291417863815,85.8302156070266
141.953107267073,91.4451366522944,85.8277992443654
141.855830205791,91.5987507863346,85.8253828817041
141.758387797719,91.7522600887944,85.8229665190428
141.660780157322,91.9056643826136,85.8205501563816
141.563007399215,92.05896349092,85.8181337937203
141.465069638251,92.2121572368915,85.815717431059
141.366966989431,92.3652454438938,85.8133010683977
141.268699567955,92.5182279354042,85.8108847057365
141.170267489218,92.671104535013,85.8084683430752
141.071670868808,92.8238750664369,85.806051980414
140.972909822475,92.9765393535509,85.8036356177527
140.873984466191,93.1290972203132,85.8012192550914
140.774894916083,93.2815484908553,85.7988028924302
140.675641288475,93.4338929894204,85.7963865297689
140.576223699909,93.5861305403372,85.7939701671076
140.476642267064,93.7382609681365,85.7915538044464
140.376897106826,93.8902840974487,85.7891374417851
140.276988336296,94.042199752989,85.7867210791238
140.176916072714,94.1940077596751,85.7843047164625
140.076680433535,94.3457079425105,85.7818883538013
139.976281536399,94.4973001266281,85.77947199114
139.875719499134,94.6487841372911,85.7770556284787
139.774994439724,94.800159799937,85.7746392658175
139.674106476377,94.9514269400733,85.7722229031562
139.573055727478,95.1025853833537,85.769806540495
139.471842311577,95.2536349555929,85.7673901778337
139.37046634743,95.4045754827055,85.7649738151724
139.268927953967,95.5554067907525,85.7625574525111
139.167227250315,95.7061287059116,85.7601410898499
139.065364355783,95.8567410544912,85.7577247271886
138.963339389848,96.0072436629617,85.7553083645273
138.861152472179,96.1576363579108,85.7528920018661
138.75880372265,96.3079189660268,85.7504756392048
138.656293261302,96.4580913141617,85.7480592765436
138.553621208356,96.6081532292995,85.7456429138823
138.45078768422,96.7581045385562,85.743226551221
138.347792809505,96.9079450691518,85.7408101885597
138.244636704965,97.0576746484979,85.7383938258985
138.141319491578,97.2072931040803,85.7359774632372
138.037841290486,97.3568002635476,85.7335611005759
137.934202223025,97.5061959546679,85.7311447379147
137.830402410691,97.6554800053715,85.7287283752534
137.726441975196,97.8046522436794,85.7263120125921
137.622321038405,97.95371249779,85.7238956499309
137.518039722382,98.102660596008,85.7214792872696
137.413598149379,98.2514963667708,85.7190629246084
137.308996441806,98.4002196386818,85.7166465619471
137.204234722286,98.5488302404344,85.7142301992858
137.099313113596,98.6973280009005,85.7118138366245
136.994231738714,98.8457127490588,85.7093974739633
136.888990720788,98.9939843140387,85.706981111302
136.783590183171,99.1421425250749,85.7045647486407
136.678030249355,99.2901872115968,85.7021483859795
136.572311043053,99.4381182031116,85.6997320233182
136.466432688131,99.5859353293067,85.697315660657
136.360395308664,99.7336384199623,85.6948992979957
136.254199028892,99.8812273050238,85.6924829353344
136.14784397323,100.028701814573,85.6900665726731
136.041330266278,100.176061778832,85.6876502100119
135.934658032823,100.32330702814,85.6852338473506
135.827827397826,100.470437392994,85.6828174846893
135.720838486435,100.617452704009,85.6804011220281
135.61369142397,100.764352791956,85.6779847593668
135.50638633594,100.911137487729,85.6755683967056
135.398923348012,101.057806622387,85.6731520340443
135.291302586066,101.204360027085,85.670735671383
135.183524176128,101.350797533161,85.6683193087217
135.075588244425,101.497118972063,85.6659029460605
134.967494917353,101.643324175389,85.6634865833992
134.859244321508,101.789412974852,85.6610702207379
134.75083658362,101.935385202359,85.6586538580767
134.642271830644,102.081240689898,85.6562374954154
134.533550189689,102.22697926963,85.6538211327541
134.424671788054,102.372600773836,85.6514047700929
134.315636753194,102.518105034969,85.6489884074316
134.206445212766,102.663491885594,85.6465720447704
134.097097294601,102.808761158414,85.6441556821091
133.987593126689,102.953912686304,85.6417393194478
133.877932837228,103.098946302234,85.6393229567865
133.768116554574,103.243861839346,85.6369065941253
133.658144407258,103.388659130922,85.634490231464
133.548016523988,103.533338010386,85.6320738688027
133.437733033662,103.677898311288,85.6296575061415
133.327294065341,103.822339867337,85.6272411434802
133.216699748286,103.966662512352,85.624824780819
133.105950211891,104.110866080352,85.6224084181577
132.995045585758,104.254950405458,85.6199920554964
132.883985999677,104.398915321915,85.6175756928351
132.772771583567,104.542760664172,85.6151593301739
132.661402467584,104.686486266747,85.6127429675126
132.549878781997,104.830091964372,85.6103266048513
132.438200657301,104.973577591868,85.6079102421901
132.32636822413,105.116942984239,85.6054938795288
132.214381613325,105.260187976592,85.6030775168675
132.102240955872,105.403312404219,85.6006611542063
131.989946382963,105.546316102515,85.598244791545
131.877498025921,105.689198907074,85.5958284288837
131.764896016299,105.831960653566,85.5934120662225
131.652140485768,105.974601177872,85.5909957035612
131.53923156623,106.117120315953,85.5885793408999
131.426169389704,106.25951790398,85.5861629782387
131.312954088417,106.40179377823,85.5837466155774
131.199585794781,106.54394777511,85.5813302529161
131.086064641337,106.685979731229,85.5789138902549
130.972390760842,106.827889483286,85.5764975275936
130.858564286208,106.969676868152,85.5740811649324
130.744585350516,107.111341722846,85.5716648022711
130.630454087033,107.252883884518,85.5692484396098
130.516170629186,107.394303190479,85.5668320769485
130.401735110578,107.535599478187,85.5644157142873
130.287147664992,107.67677258523,85.561999351626
130.172408426384,107.817822349348,85.5595829889647
130.05751752886,107.95874860845,85.5571666263035
129.942475106734,108.099551200554,85.5547502636422
129.827281294441,108.240229963882,85.5523339009809
129.71193622665,108.380784736732,85.5499175383197
129.596440038153,108.521215357604,85.5475011756584
129.480792863924,108.661521665137,85.5450848129971
129.364994839134,108.801703498086,85.5426684503359
129.249046099087,108.941760695396,85.5402520876746
129.132946779283,109.081693096137,85.5378357250133
129.016697015381,109.221500539537,85.5354193623521
128.90029694322,109.361182864962,85.5330029996908
128.7837466988,109.500739911939,85.5305866370295
128.66704641829,109.640171520144,85.5281702743683
128.550196238041,109.779477529391,85.525753911707
128.433196294562,109.918657779656,85.5233375490457
128.31604672453,110.057712111064,85.5209211863845
128.198747664818,110.196640363863,85.5185048237232
128.081299252431,110.335442378493,85.5160884610619
127.963701624566,110.474117995516,85.5136720984007
127.845954918579,110.61266705566,85.5112557357394
127.728059271994,110.7510893998,85.5088393730781
127.610014822526,110.889384868939,85.5064230104169
127.491821708025,111.027553304268,85.5040066477556
127.373480066521,111.165594547118,85.5015902850943
127.254990036234,111.303508438943,85.4991739224331
127.136351755516,111.441294821392,85.4967575597718
127.017565362926,111.578953536219,85.4943411971105
126.89863099714,111.716484425391,85.4919248344493
126.779548797049,111.853887330968,85.489508471788
126.660318901702,111.991162095179,85.4870921091267
126.540941450275,112.128308560444,85.4846757464655
126.421416582175,112.265326569268,85.4822593838042
126.301744436925,112.402215964365,85.4798430211429
126.181925154239,112.538976588572,85.4774266584817
126.061958873989,112.675608284895,85.4750102958204
125.941845736206,112.812110896491,85.4725939331591
125.821585881107,112.94848426666,85.4701775704979
125.701179449069,113.084728238853,85.4677612078366
125.580626580613,113.220842656703,85.4653448451753
125.459927416451,113.356827363971,85.4629284825141
125.339082097457,113.492682204569,85.4605121198528
125.21809076465,113.628407022594,85.4580957571915
125.096953559247,113.764001662254,85.4556793945303
124.975670622608,113.899465967941,85.453263031869
124.854242096244,114.034799784214,85.4508466692077
124.732668121867,114.170002955748,85.4484303065465
124.610948841332,114.305075327399,85.4460139438852
124.489084396653,114.440016744177,85.4435975812239
124.367074930013,114.57482705125,85.4411812185627
124.24492058378,114.709506093916,85.4387648559014
124.12262150045,114.844053717664,85.4363484932401
124.000177822709,114.978469768118,85.4339321305789
123.87758969339,115.112754091068,85.4315157679176
123.754857255505,115.246906532448,85.4290994052563
123.631980652203,115.380926938375,85.4266830425951
123.508960026833,115.514815155085,85.4242666799338
123.385795522882,115.648571028994,85.4218503172725
123.262487283999,115.782194406678,85.4194339546113
123.139035454007,115.915685134855,85.41701759195
123.015440176882,116.049043060416,85.4146012292887
122.891701596759,116.182268030406,85.4121848666275
122.767819857934,116.315359892032,85.4097685039662
122.643795104906,116.448318492617,85.4073521413049
122.519627482256,116.58114367972,85.4049357786437
122.395317134792,116.713835300996,85.4025194159824
122.270864207469,116.846393204269,85.4001030533211
122.146268845391,116.978817237535,85.3976866906599
122.021531193823,117.111107248949,85.3952703279986
121.896651398188,117.243263086825,85.3928539653373
121.771629604087,117.375284599625,85.3904376026761
121.646465957276,117.507171635967,85.3880212400148
121.521160603649,117.638924044656,85.3856048773535
121.395713689297,117.770541674618,85.3831885146923
121.270125360432,117.902024374978,85.380772152031
121.144395763452,118.033371994994,85.3783557893697
121.018525044901,118.164584384097,85.3759394267085
120.892513351494,118.295661391867,85.3735230640472
120.766360830107,118.426602868043,85.3711067013859
120.640067627736,118.557408662563,85.3686903387247
120.513633891597,118.688078625464,85.3662739760634
120.387059769017,118.818612606992,85.3638576134021
120.260345407491,118.949010457543,85.3614412507409
120.1334909547,119.07927202765,85.3590248880796
120.006496558444,119.209397168043,85.3566085254183
119.879362366704,119.339385729589,85.3541921627571
119.752088527621,119.469237563319,85.3517758000958
119.624675189469,119.598952520449,85.3493594374345
119.497122500701,119.728530452332,85.3469430747733
119.36943060993,119.857971210485,85.344526712112
119.241599665911,119.987274646598,85.3421103494507
119.113629817558,120.116440612524,85.3396939867895
118.985521213939,120.24546896028,85.3372776241282
118.857274004307,120.374359542021,85.3348612614669
118.728888338029,120.503112210099,85.3324448988057
118.600364364656,120.63172681701,85.3300285361444
118.471702233895,120.760203215409,85.3276121734831
118.342902095581,120.888541258142,85.3251958108219
118.213964099731,121.016740798192,85.3227794481606
118.084888396519,121.144801688708,85.3203630854993
117.955675136246,121.272723783026,85.3179467228381
117.826324469407,121.40050693461,85.3155303601768
117.696836546613,121.528150997125,85.3131139975155
117.567211518656,121.655655824377,85.3106976348543
117.437449536496,121.783021270323,85.308281272193
117.307550751179,121.910247189148,85.3058649095317
117.177515313987,122.037333435127,85.3034485468705
117.047343376314,122.164279862737,85.3010321842092
116.917035089708,122.291086326622,85.2986158215479
116.786590605872,122.417752681589,85.2961994588867
116.656010076673,122.544278782601,85.2937830962254
116.525293654133,122.670664484786,85.2913667335641
116.3944414904,122.796909643462,85.2889503709029
116.263453737788,122.9230141141,85.2865340082416
116.132330548801,123.048977752304,85.2841176455803
116.001072076032,123.174800413901,85.2817012829191
115.869678472279,123.300481954841,85.2792849202578
115.73814989045,123.426022231273,85.2768685575965
115.606486483633,123.55142109949,85.2744521949353
115.474688405068,123.676678415953,85.272035832274
115.34275580813,123.801794037303,85.2696194696127
115.210688846337,123.926767820359,85.2672031069515
115.078487673408,124.051599622058,85.2647867442902
114.946152443145,124.176289299569,85.2623703816289
114.813683309557,124.300836710178,85.2599540189677
114.681080426776,124.425241711363,85.2575376563064
114.548343949083,124.549504160771,85.2551212936451
114.415474030924,124.673623916206,85.2527049309839
114.282470826866,124.797600835665,85.2502885683226
114.14933449167,124.921434777274,85.2478722056613
114.016065180214,125.045125599357,85.2454558430001
113.882663047532,125.168673160403,85.2430394803388
113.749128248814,125.29207731906,85.2406231176775
113.615460939391,125.415337934157,85.2382067550163
113.481661274739,125.538454864693,85.235790392355
113.347729410499,125.661427969825,85.2333740296937
113.213665502445,125.784257108889,85.2309576670325
113.079469706513,125.906942141382,85.2285413043712
112.945142178774,126.029482926982,85.2261249417099
112.810683075461,126.151879325525,85.2237085790487
112.676092552927,126.274131197043,85.2212922163874
112.541370767699,126.396238401712,85.2188758537261
112.406517876451,126.51820079988,85.2164594910649
112.271534035993,126.640018252079,85.2140431284036
112.136419403293,126.761690618999,85.2116267657423
112.00117413544,126.883217761524,85.2092104030811
111.865798389711,127.004599540675,85.2067940404198
111.730292323485,127.12583581768,85.2043776777585
111.594656094319,127.246926453915,85.2019613150973
111.458889859913,127.367871310927,85.199544952436
111.322993778087,127.48867025046,85.1971285897747
111.186968006846,127.609323134393,85.1947122271135
111.050812704302,127.729829824814,85.1922958644522
110.91452802875,127.850190183948,85.1898795017909
110.778114138579,127.970404074237,85.1874631391296
110.641571192388,128.090471358242,85.1850467764684
110.504899348868,128.210391898738,85.1826304138071
110.368098766867,128.330165558667,85.1802140511459
110.231169605406,128.449792201116,85.1777976884846
110.094112023607,128.569271689384,85.1753813258233
109.956926180767,128.688603886916,85.1729649631621
109.819612236308,128.807788657347,85.1705486005008
109.682170349799,128.926825864483,85.1681322378395
109.544600680979,129.04571537228,85.1657158751783
109.40690338969,129.164457044905,85.163299512517
109.269078635941,129.283050746675,85.1608831498557
109.131126579874,129.401496342093,85.1584667871945
108.993047381786,129.519793695825,85.1560504245332
108.854841202102,129.637942672723,85.1536340618719
108.716508201389,129.755943137813,85.1512176992107
108.578048540371,129.873794956287,85.1488013365494
108.439462379912,129.99149799351,85.1463849738881
108.300749880993,130.109052115045,85.1439686112269
108.161911204762,130.226457186608,85.1415522485656
108.022946512494,130.343713074104,85.1391358859043
107.883855965634,130.460819643586,85.1367195232431
107.74463972571,130.577776761335,85.1343031605818
107.605297954451,130.694584293756,85.1318867979205
107.465830813708,130.811242107445,85.1294704352593
107.326238465432,130.927750069208,85.127054072598
107.186521071785,131.044108045971,85.1246377099367
107.046678795011,131.16031590488,85.1222213472755
106.906711797509,131.27637351325,85.1198049846142
106.766620241846,131.392280738545,85.1173886219529
106.626404290684,131.508037448444,85.1149722592916
106.486064106854,131.62364351078,85.1125558966304
106.345599853313,131.739098793573,85.1101395339691
106.205011693168,131.854403165011,85.1077231713079
106.064299789637,131.969556493481,85.1053068086466
105.923464306136,132.084558647502,85.1028904459853
105.782505406143,132.19940949583,85.1004740833241
105.641423253336,132.31410890735,85.0980577206628
105.500218011485,132.428656751161,85.0956413580015
105.358889844525,132.54305289652,85.0932249953403
105.217438916533,132.657297212858,85.090808632679
105.07586539169,132.77138956981,85.0883922700177
104.934169434359,132.885329837155,85.0859759073565
104.792351209011,132.999117884874,85.0835595446952
104.650410880239,133.112753583138,85.0811431820339
104.508348612816,133.226236802263,85.0787268193727
104.36616457162,133.339567412766,85.0763104567114
104.223858921683,133.452745285335,85.0738940940501
104.081431828142,133.565770290858,85.0714777313889
103.938883456299,133.67864230038,85.0690613687276
103.796213971577,133.791361185137,85.0666450060663
103.653423539561,133.903926816524,85.0642286434051
103.510512325932,134.016339066149,85.0618122807438
103.367480496516,134.128597805789,85.0593959180825
103.224328217305,134.240702907379,85.0569795554213
103.081055654382,134.352654243067,85.05456319276
102.937662973991,134.464451685163,85.0521468300987
102.794150342498,134.576095106164,85.0497304674375
102.650517926431,134.68758437873,85.0473141047762
102.506765892394,134.798919375744,85.0448977421149
102.362894407166,134.910099970237,85.0424813794536
102.218903637677,135.021126035412,85.0400650167924
102.074793750943,135.131997444686,85.0376486541311
101.930564914146,135.242714071635,85.0352322914699
101.78621729458,135.353275790028,85.0328159288086
101.641751059679,135.463682473816,85.0303995661473
101.497166377032,135.57393399711,85.0279832034861
101.352463414306,135.684030234248,85.0255668408248
101.207642339369,135.793971059694,85.0231504781635
101.062703320152,135.903756348151,85.0207341155023
100.917646524787,136.013385974448,85.018317752841
100.772472121465,136.122859813654,85.0159013901797
100.627180278553,136.232177740985,85.0134850275185
100.481771164563,136.341339631831,85.0110686648572
100.336244948078,136.450345361809,85.0086523021959
100.190601797872,136.559194806674,85.0062359395346
100.044841882817,136.667887842389,85.0038195768734
99.8989653719189,136.776424345098,85.0014032142121
99.7529724343398,136.884804191108,84.9989868515509
99.6068632393139,136.993027256953,84.9965704888896
99.4606379562633,137.101093419309,84.9941541262283
99.3142967547098,137.209002555055,84.991737763567
99.167839804305,137.316754541256,84.9893214009058
99.0212672748431,137.424349255151,84.9869050382445
98.8745793362474,137.531786574164,84.9844886755833
98.7277761585409,137.639066375921,84.982072312922
98.5808579119025,137.746188538217,84.9796559502607
98.4338247666262,137.853152939039,84.9772395875995
98.2866768931625,137.959959456538,84.9748232249382
98.1394144620303,138.066607969095,84.9724068622769
97.9920376439353,138.173098355231,84.9699904996156
97.8445466096962,138.279430493664,84.9675741369544
97.696941530213,138.385604263331,84.9651577742931
97.5492225765729,138.49161954331,84.9627414116318
97.4013899199748,138.597476212876,84.9603250489706
97.2534437317141,138.703174151512,84.9579086863093
97.1053841832558,138.808713238856,84.9554923236481
96.9572114461489,138.914093354761,84.9530759609868
96.8089256920959,139.019314379248,84.9506595983255
96.6605270929107,139.124376192533,84.9482432356643
96.5120158205322,139.229278675021,84.945826873003
96.363392047055,139.334021707281,84.9434105103417
96.2146559446534,139.4386051701,84.9409941476804
96.0658076856718,139.543028944423,84.9385777850192
95.9168474425188,139.647292911419,84.9361614223579
95.7677753877871,139.75139695241,84.9337450596966
95.6185916941798,139.855340948908,84.9313286970354
95.4692965344924,139.959124782639,84.9289123343741
95.3198900816602,140.062748335503,84.9264959717129
95.1703725087721,140.166211489568,84.9240796090516
95.0207439890096,140.269514127112,84.9216632463903
94.8710046956781,140.372656130599,84.919246883729
94.721154802205,140.475637382682,84.9168305210678
94.5711944821723,140.578457766182,84.9144141584065
94.4211239092372,140.681117164139,84.9119977957452
94.2709432571957,140.78361545977,84.909581433084
94.1206526999955,140.885952536462,84.9071650704227
93.9702524116618,140.98812827782,84.9047487077615
93.8197425663701,141.09014256762,84.9023323451002
93.669123338404,141.191995289834,84.8999159824389
93.5183949021977,141.293686328605,84.8974996197776
93.367557432246,141.395215568304,84.8950832571164
93.2166111032253,141.496582893454,84.8926668944551
93.0655560899029,141.597788188784,84.8902505317938
92.914392567181,141.698831339206,84.8878341691326
92.7631207100514,141.799712229839,84.8854178064713
92.6117406936726,141.900430745963,84.88300144381
92.4602526932766,142.00098677308,84.8805850811488
92.3086568842461,142.101380196858,84.8781687184875
92.1569534420825,142.201610903158,84.8757523558263
92.0051425423764,142.301678778052,84.873335993165
91.853224360883,142.401583707772,84.8709196305037
91.7011990734303,142.501325578768,84.8685032678424
91.549066856012,142.600904277654,84.8660869051812
91.3968278846922,142.700319691264,84.8636705425199
91.2444823356705,142.799571706613,84.8612541798586
91.0920303852939,142.898660210886,84.8588378171974
90.9394722099964,142.997585091481,84.8564214545361
90.7868079863313,143.096346235987,84.8540050918749
90.634037890967,143.194943532182,84.8515887292136
90.4811621007061,143.293376868029,84.8491723665523
90.3281807924516,143.391646131692,84.846756003891
90.1750941432544,143.489751211506,84.8443396412298
90.0219023302209,143.587691996037,84.8419232785685
89.8686055306348,143.685468374006,84.8395069159073
89.7152039218496,143.783080234353,84.837090553246
89.5616976813821,143.880527466182,84.8346741905847
89.4080869868317,143.977809958811,84.8322578279234
89.2543720159156,144.074927601747,84.8298414652622
89.1005529464804,144.171880284683,84.8274251026009
88.9466299564568,144.268667897523,84.8250087399396
88.7926032239381,144.365290330334,84.8225923772784
88.6384729270993,144.461747473396,84.8201760146171
88.4842392442311,144.558039217183,84.8177596519558
88.3299023537386,144.654165452362,84.8153432892946
88.175462434171,144.750126069773,84.8129269266333
88.0209196641299,144.845920960489,84.810510563972
87.8662742224078,144.941550015729,84.8080942013108
87.7115262878482,145.037013126943,84.8056778386495
87.5566760394243,145.132310185766,84.8032614759883
87.4017236562521,145.227441084008,84.800845113327
87.2466693175146,145.3224057137,84.7984287506657
87.091513202523,145.41720396706,84.7960123880044
86.936255490746,145.511835736472,84.7935960253432
86.7808963616729,145.606300914568,84.7911796626819
86.6254359949974,145.700599394122,84.7887633000206
86.4698745704624,145.794731068137,84.7863469373594
86.3142122679536,145.888695829794,84.7839305746981
86.1584492674683,145.982493572469,84.7815142120368
86.0025857490839,146.076124189749,84.7790978493756
85.8466218930186,146.169587575402,84.7766814867143
85.6905578796019,146.262883623387,84.774265124053
85.5343938892593,146.35601222787,84.7718487613918
85.378130102524,146.448973283212,84.7694323987305
85.2217667000417,146.541766683969,84.7670160360692
85.0653038625969,146.634392324875,84.764599673408
84.9087417710547,146.726850100878,84.7621833107467
84.7520806063717,146.81913990713,84.7597669480854
84.5953205496623,146.911261638954,84.7573505854242
84.4384617821172,147.003215191886,84.7549342227629
84.2815044850213,147.095000461665,84.7525178601016
84.1244488398293,147.186617344195,84.7501014974404
83.9672950280275,147.278065735618,84.7476851347791
83.8100432312714,147.369345532237,84.7452687721178
83.6526936312783,147.460456630581,84.7428524094566
83.4952464099196,147.551398927345,84.7404360467953
83.3377017491432,147.642172319443,84.738019684134
83.1800598309887,147.732776703992,84.7356033214728
83.0223208376492,147.82321197828,84.7331869588115
82.8644849513929,147.913478039811,84.7307705961502
82.7065523545958,148.003574786285,84.728354233489
82.5485232297551,148.093502115592,84.7259378708277
82.3903977594583,148.183259925828,84.7235215081664
82.2321761263991,148.272848115285,84.7211051455052
82.0738585133933,148.362266582447,84.7186887828439
81.9154451033447,148.451515226003,84.7162724201826
81.7569360792957,148.540593944821,84.7138560575214
81.5983316243294,148.629502638006,84.7114396948601
81.4396319216982,148.718241204822,84.7090233321988
81.2808371547263,148.806809544752,84.7066069695376
81.1219475068433,148.895207557476,84.7041906068763
80.9629631615974,148.983435142863,84.701774244215
80.8038843026265,149.071492200991,84.6993578815538
80.6447111136876,149.159378632128,84.6969415188925
80.4854437786247,149.247094336748,84.6945251562312
80.3260824813866,149.334639215525,84.69210879357
80.1666274060395,149.422013169324,84.6896924309087
80.007078736737,149.509216099217,84.6872760682474
79.8474366577528,149.596247906466,84.6848597055862
79.687701353445,149.683108492544,84.6824433429249
79.5278730082755,149.769797759118,84.6800269802636
79.3679518068237,149.856315608051,84.6776106176024
79.2079379337699,149.942661941405,84.6751942549411
79.047831573866,150.028836661457,84.6727778922798
78.8876329119957,150.114839670667,84.6703615296186
78.7273421331278,150.200670871705,84.6679451669573
78.5669594223653,150.286330167423,84.665528804296
78.4064849648634,150.3718174609,84.6631124416348
78.245918945893,150.457132655404,84.6606960789735
78.0852615508583,150.54227565439,84.6582797163122
77.9245129652151,150.627246361537,84.655863353651
77.7636733745668,150.7120446807,84.6534469909897
77.6027429645541,150.796670515966,84.6510306283284
77.4417219209949,150.881123771585,84.6486142656672
77.2806104297277,150.965404352046,84.6461979030059
77.1194086767529,151.049512162009,84.6437815403446
76.9581168481393,151.133447106348,84.6413651776834
76.7967351300691,151.217209090133,84.6389488150221
76.6352637087904,151.300798018651,84.6365324523608
76.4737027706989,151.384213797364,84.6341160896996
76.3120525022394,151.467456331963,84.6316997270383
76.1503130899852,151.550525528324,84.629283364377
75.9884847206098,151.633421292521,84.6268670017158
75.8265675808657,151.716143530842,84.6244506390545
75.6645618576032,151.798692149776,84.6220342763932
75.5024677377688,151.881067056013,84.619617913732
75.340285408439,151.963268156429,84.6172015510707
75.1780150567376,152.045295358128,84.6147851884094
75.0156568699159,152.127148568398,84.6123688257482
74.8532110353233,152.208827694731,84.6099524630869
74.6906777403702,152.290332644838,84.6075361004256
74.5280571725966,152.371663326615,84.6051197377644
74.3653495196373,152.452819648161,84.6027033751031
74.2025549692054,152.533801517786,84.6002870124418
74.0396737091261,152.614608843996,84.5978706497806
73.876705927285,152.695241535515,84.5954542871193
73.7136518116969,152.775699501254,84.593037924458
73.5505115504686,152.855982650327,84.5906215617968
73.3872853317862,152.93609089206,84.5882051991355
73.2239733439288,153.016024135982,84.5857888364742
73.0605757752851,153.095782291817,84.583372473813
72.8970928143373,153.175365269495,84.5809561111517
72.7335246496283,153.254772979161,84.5785397484904
72.5698714698427,153.334005331144,84.5761233858292
72.4061334636918,153.413062236007,84.5737070231679
72.2423108200622,153.491943604478,84.5712906605066
72.0784037278668,153.570649347519,84.5688742978454
71.9144123761424,153.649179376283,84.5664579351841
71.750336954002,153.727533602132,84.5640415725228
71.5861776506498,153.805711936635,84.5616252098616
71.4219346554145,153.883714291548,84.5592088472003
71.2576081576493,153.961540578864,84.556792484539
71.0931983468816,154.039190710741,84.5543761218778
70.9287054126629,154.116664599572,84.5519597592165
70.7641295446515,154.193962157949,84.5495433965552
70.599470932613,154.271083298659,84.547127033894
70.4347297664024,154.348027934695,84.5447106712327
70.2699062359483,154.424795979264,84.5422943085714
70.1050005312689,154.501387345775,84.5398779459102
69.9400128424704,154.577801947845,84.5374615832489
69.7749433597832,154.65403969928,84.5350452205876
69.6097922734756,154.730100514114,84.5326288579264
69.4445597739546,154.805984306564,84.5302124952651
69.2792460516495,154.881690991084,84.5277961326038
69.1138512971433,154.957220482301,84.5253797699426
68.948375701075,155.032572695065,84.5229634072813
68.7828194541868,155.107747544424,84.52054704462
68.617182747293,155.182744945638,84.5181306819588
68.4514657712936,155.257564814174,84.5157143192975
68.2856687171938,155.332207065699,84.5132979566362
68.1197917760685,155.406671616091,84.510881593975
67.9538351390954,155.480958381429,84.5084652313137
67.787798997523,155.555067278005,84.5060488686524
67.6216835426849,155.628998222317,84.5036325059912
67.4554889660172,155.702751131063,84.5012161433299
67.2892154590436,155.776325921147,84.4987997806686
67.1228632133383,155.849722509695,84.4963834180074
66.9564324205939,155.922940814024,84.4939670553461
66.7899232725893,155.995980751661,84.4915506926848
66.6233359611533,156.06884224035,84.4891343300236
66.4566706782516,156.141525198024,84.4867179673623
66.2899276158989,156.214029542835,84.484301604701
66.1231069661952,156.286355193145,84.4818852420398
65.9562089213239,156.35850206752,84.4794688793785
65.7892336735686,156.43047008473,84.4770525167172
65.6221814152969,156.502259163749,84.474636154056
65.4550523389427,156.573869223769,84.4722197913947
65.2878466370071,156.645300184193,84.4698034287334
65.1205645021392,156.716551964606,84.4673870660722
64.9532061269885,156.787624484837,84.4649707034109
64.7857717043535,156.858517664891,84.4625543407496
64.6182614270806,156.929231424999,84.4601379780884
64.4506754880995,156.999765685598,84.4577216154271
64.2830140804364,157.070120367327,84.4553052527658
64.1152773971845,157.140295391038,84.4528888901046
63.9474656315161,157.210290677796,84.4504725274433
63.779578976703,157.280106148862,84.448056164782
63.6116176260966,157.349741725709,84.4456398021208
63.443581773113,157.419197330025,84.4432234394595
63.2754716112313,157.488472883712,84.4408070767982
63.1072873340609,157.557568308862,84.438390714137
62.9390291352744,157.626483527782,84.4359743514757
62.770697208575,157.695218463008,84.4335579888144
62.6022917478272,157.76377303725,84.4311416261532
62.4338129468917,157.832147173464,84.4287252634919
62.265260999793,157.900340794778,84.4263089008306
62.096636100549,157.968353824564,84.4238925381694
61.9279384433234,158.036186186379,84.4214761755081
61.7591682223264,158.103837803998,84.4190598128468
61.5903256318439,158.171308601409,84.4166434501856
61.4214108662582,158.238598502801,84.4142270875243
61.2524241200108,158.305707432581,84.411810724863
61.0833655876226,158.372635315364,84.4093943622018
60.9142354637246,158.439382075963,84.4069779995405
60.7450339429722,158.505947639419,84.4045616368792
60.5757612201179,158.572331930977,84.402145274218
60.4064174900385,158.638534876073,84.3997289115567
60.2370029475873,158.704556400391,84.3973125488954
60.0675177877936,158.770396429788,84.3948961862341
59.897962205697,158.836054890354,84.3924798235729
59.7283363964447,158.90153170838,84.3900634609116
59.5586405552424,158.966826810371,84.3876470982504
59.3888748773893,159.031940123038,84.3852307355891
59.2190395582414,159.096871573307,84.3828143729278
59.0491347932464,159.161621088309,84.3803980102666
58.8791607778926,159.2261885954,84.3779816476053
58.7091177077938,159.290574022125,84.375565284944
58.5390057785859,159.35477729626,84.3731489222828
58.3688251860316,159.418798345774,84.3707325596215
58.1985761259307,159.482637098858,84.3683161969602
58.0282587941404,159.54629348392,84.365899834299
57.8578733866427,159.609767429561,84.3634834716377
57.6874200994567,159.673058864608,84.3610671089764
57.5168991286763,159.736167718095,84.3586507463152
57.3463106704656,159.799093919269,84.3562343836539
57.1756549210966,159.861837397578,84.3538180209926
57.0049320768611,159.924398082697,84.3514016583314
56.8341423341747,159.986775904496,84.3489852956701
56.6632858894553,160.04897079308,84.3465689330088
56.4923629392602,160.110982678742,84.3441525703476
56.3213736802024,160.172811491992,84.3417362076863
56.1503183089293,160.234457163566,84.339319845025
55.9791970221947,160.295919624397,84.3369034823638
55.8080100168045,160.357198805637,84.3344871197025
55.6367574896524,160.418294638644,84.3320707570412
55.465439637702,160.47920705499,84.32965439438
55.2940566579524,160.539935986468,84.3272380317187
55.1226087475061,160.600481365074,84.3248216690574
54.9510961035346,160.660843123013,84.3224053063961
54.779518923262,160.721021192712,84.3199889437349
54.6078774039803,160.781015506809,84.3175725810736
54.4361717430504,160.840825998153,84.3151562184124
54.2644021379365,160.900452599795,84.3127398557511
54.0925687861346,160.959895245011,84.3103234930898
53.9206718851926,161.019153867296,84.3079071304286
53.7487116327783,161.078228400338,84.3054907677673
53.5766882265915,161.13711877805,84.303074405106
53.4046018643813,161.195824934566,84.3006580424448
53.2324527440342,161.254346804207,84.2982416797835
53.0602410634161,161.312684321538,84.2958253171222
52.887967020528,161.370837421313,84.293408954461
52.715630813421,161.428806038504,84.2909925917997
52.5432326401596,161.486590108316,84.2885762291384
52.3707726989432,161.544189566143,84.2861598664772
52.1982511880031,161.601604347602,84.2837435038159
52.0256683056512,161.658834388521,84.2813271411546
51.8530242502325,161.71587962495,84.2789107784934
51.680319220206,161.772739993137,84.2764944158321
51.5075534140622,161.829415429556,84.2740780531708
51.3347270303564,161.885905870892,84.2716616905095
51.1618402677241,161.942211254041,84.2692453278483
50.9888933248477,161.998331516116,84.266828965187
50.8158864004747,162.054266594444,84.2644126025258
50.6428196934318,162.110016426562,84.2619962398645
50.4696934026088,162.16558095022,84.2595798772032
50.2965077269246,162.220960103394,84.257163514542
50.1232628653958,162.276153824261,84.2547471518807
49.9499590171001,162.331162051215,84.2523307892194
49.7765963811622,162.385984722867,84.2499144265581
49.6031751567669,162.440621778043,84.2474980638969
49.4296955431967,162.495073155775,84.2450817012356
49.2561577397263,162.549338795327,84.2426653385744
49.0825619457603,162.60341863616,84.2402489759131
48.9089083607304,162.657312617957,84.2378326132518
48.7351971841464,162.711020680611,84.2354162505906
48.5614286155437,162.764542764242,84.2329998879293
48.3876028545719,162.817878809167,84.230583525268
48.2137201008862,162.871028755934,84.2281671626068
48.0397805542553,162.923992545291,84.2257507999455
47.8657844144561,162.976770118215,84.2233344372842
47.6917318813578,163.029361415889,84.2209180746229
47.5176231548915,163.081766379711,84.2185017119617
47.34345843501,163.133984951302,84.2160853493004
47.169237921779,163.186017072486,84.2136689866391
46.9949618152699,163.237862685316,84.2112526239779
46.8206303156637,163.289521732044,84.2088362613166
46.646243623132,163.34099415516,84.2064198986554
46.4718019379897,163.392279897341,84.2040035359941
46.2973054605403,163.443378901502,84.2015871733328
46.122754391179,163.494291110763,84.1991708106715
45.9481489303418,163.545016468464,84.1967544480103
45.7734892785207,163.59555491816,84.194338085349
45.5987756362998,163.645906403613,84.1919217226878
45.4240082042678,163.696070868814,84.1895053600265
45.2491871831032,163.746048257963,84.1870889973652
45.0743127735244,163.795838515476,84.184672634704
44.8993851763052,163.845441585988,84.1822562720427
44.7244045923095,163.894857414341,84.1798399093814
44.549371222405,163.944085945604,84.1774235467201
44.3742852675653,163.993127125051,84.1750071840589
44.1991469287513,164.041980898188,84.1725908213976
44.0239564070637,164.090647210718,84.1701744587363
43.8487139035718,164.139126008578,84.1677580960751
43.6734196194684,164.187417237906,84.1653417334138
43.4980737559649,164.235520845066,84.1629253707525
43.3226765143443,164.283436776631,84.1605090080913
43.1472280959081,164.331164979402,84.15809264543
42.9717287020635,164.378705400383,84.1556762827688
42.7961785342184,164.426057986805,84.1532599201075
42.6205777938678,164.473222686109,84.1508435574462
42.4449266825603,164.520199445952,84.1484271947849
42.2692254018782,164.566988214213,84.1460108321237
42.0934741534565,164.613588938986,84.1435944694624
41.9176731389997,164.660001568579,84.1411781068011
41.7418225602636,164.706226051514,84.1387617441399
41.5659226190204,164.752262336542,84.1363453814786
41.3899735171106,164.798110372625,84.1339290188174
41.2139754564787,164.843770108928,84.1315126561561
41.0379286390327,164.889241494856,84.1290962934948
40.8618332667818,164.934524480017,84.1266799308335
40.6856895418057,164.979619014233,84.1242635681723
40.5094976661611,165.02452504756,84.121847205511
40.3332578420266,165.069242530252,84.1194308428497
40.1569702715941,165.113771412791,84.1170144801885
39.9806351571053,165.158111645877,84.1145981175272
39.8042527008689,165.20226318042,84.112181754866
39.627823105224,165.246225967554,84.1097653922047
39.4513465725756,165.289999958626,84.1073490295434
39.2748233053607,165.333585105202,84.1049326668821
39.0982535060809,165.376981359066,84.1025163042209
38.9216373772516,165.420188672224,84.1000999415596
38.7449751214874,165.463206996888,84.0976835788983
38.5682669413982,165.506036285501,84.0952672162371
38.3915130396937,165.548676490711,84.0928508535758
38.2147136190779,165.591127565395,84.0904344909145
38.037868882336,165.633389462641,84.0880181282533
37.8609790323005,165.675462135753,84.085601765592
37.6840442718151,165.717345538264,84.0831854029308
37.5070648038215,165.759039623909,84.0807690402695
37.3300408312548,165.800544346656,84.0783526776082
37.1529725571477,165.841859660678,84.0759363149469
36.9758601845275,165.882985520376,84.0735199522857
36.7987039164985,165.923921880365,84.0711035896244
36.6215039561953,165.964668695479,84.0686872269631
36.4442605068135,166.005225920767,84.0662708643019
36.266973771592,166.045593511497,84.0638545016406
36.0896439537624,166.085771423166,84.0614381389794
35.9122712566882,166.12575961147,84.0590217763181
35.7348558837227,166.165558032336,84.0566054136568
35.5573980382462,166.20516664191,84.0541890509955
35.3798979237342,166.24458539655,84.0517726883343
35.2023557436524,166.283814252839,84.049356325673
35.0247717015625,166.32285316757,84.0469399630117
34.8471460010156,166.361702097764,84.0445236003505
34.6694788456396,166.400361000656,84.0421072376892
34.4917704390882,166.438829833699,84.0396908750279
34.3140209850733,166.477108554564,84.0372745123667
34.1362306873487,166.515197121141,84.0348581497054
33.9583997496751,166.553095491544,84.0324417870441
33.7805283758875,166.590803624099,84.0300254243829
33.6026167698639,166.628321477352,84.0276090617216
33.4246651355036,166.66564901007,84.0251926990603
33.2466736767477,166.70278618124,84.0227763363991
33.0686425975939,166.739732950064,84.0203599737378
32.8905721020628,166.776489275965,84.0179436110765
32.7124623942143,166.813055118587,84.0155272484153
32.5343136781836,166.849430437786,84.013110885754
32.356126158091,166.885615193645,84.0106945230927
32.1779000381326,166.921609346462,84.0082781604315
31.9996355225247,166.957412856757,84.0058617977702
31.8213328155388,166.993025685264,84.0034454351089
31.6429921214686,167.028447792941,84.0010290724477
31.464613644663,167.063679140962,83.9986127097864
31.2861975894908,167.098719690723,83.9961963471251
31.1077441603586,167.133569403839,83.9937799844639
30.9292535617273,167.168228242142,83.9913636218026
30.7507259980776,167.202696167686,83.9889472591413
30.572161673945,167.236973142742,83.9865308964801
30.3935607938837,167.271059129801,83.9841145338188
30.2149235624836,167.304954091577,83.9816981711575
30.0362501843906,167.338657990999,83.9792818084963
29.8575408642838,167.372170791214,83.976865445835
29.6787958068615,167.405492455593,83.9744490831737
29.5000152168395,167.43862294773,83.9720327205125
29.3211992990223,167.471562231429,83.9696163578512
29.1423482582315,167.504310270716,83.9671999951899
28.9634622992879,167.536867029844,83.9647836325287
28.7845416270637,167.569232473282,83.9623672698674
28.6055864465025,167.601406565713,83.9599509072061
28.426596962545,167.633389272045,83.9575345445449
28.247573380166,167.665180557408,83.9551181818836
28.068515904374,167.696780387148,83.9527018192223
27.8894247402283,167.728188726831,83.9502854565611
27.7103000928219,167.759405542243,83.9478690938998
27.5311421672628,167.790430799391,83.9454527312385
27.3519511686905,167.821264464503,83.9430363685773
27.1727273022776,167.851906504026,83.940620005916
26.9934707732646,167.882356884623,83.9382036432547
26.8141817868703,167.912615573185,83.9357872805935
26.6348605483808,167.942682536816,83.9333709179322
26.455507263113,167.972557742842,83.9309545552709
26.2761221363798,168.002241158814,83.9285381926097
26.0967053735795,168.031732752494,83.9261218299484
25.9172571800854,168.061032491874,83.9237054672871
25.7377777613394,168.090140345158,83.9212891046259
25.5582673228115,168.119056280775,83.9188727419646
25.3787260699853,168.147780267371,83.9164563793033
25.1991542083737,168.176312273818,83.9140400166421
25.0195519435359,168.204652269201,83.9116236539808
24.8399194810268,168.232800222834,83.9092072913195
24.6602570265002,168.260756104239,83.9067909286583
24.4805647855499,168.288519883171,83.904374565997
24.3008429638692,168.316091529597,83.9019582033357
24.121091767145,168.343471013709,83.8995418406745
23.9413114010915,168.370658305917,83.8971254780132
23.7615020714687,168.397653376853,83.8947091153519
23.5816639840468,168.424456197368,83.8922927526907
23.4017973446238,168.451066738537,83.8898763900294
23.2219023590588,168.477484971649,83.8874600273681
23.0419792331854,168.50371086822,83.8850436647069
22.8620281729003,168.529744399983,83.8826273020456
22.6820493841081,168.555585538894,83.8802109393843
22.5020430727383,168.58123425713,83.8777945767231
22.3220094447848,168.606690527082,83.8753782140618
22.1419487062109,168.631954321372,83.8729618514005
21.9618610630612,168.657025612831,83.8705454887393
21.7817467213323,168.681904374525,83.868129126078
21.601605887137,168.706590579727,83.8657127634167
21.4214387665218,168.731084201941,83.8632964007555
21.2412455656303,168.755385214884,83.8608800380942
21.0610264906123,168.779493592497,83.8584636754329
20.8807817475872,168.803409308947,83.8560473127717
20.7005115427901,168.827132338611,83.8536309501104
20.5202160824045,168.850662656096,83.8512145874491
20.3398955726765,168.874000236226,83.8487982247879
20.1595502198552,168.897145054047,83.8463818621266
19.9791802302137,168.920097084827,83.8439654994653
19.7987858100832,168.94285630405,83.8415491368041
19.6183671657637,168.965422687427,83.8391327741428
19.4379245036126,168.987796210887,83.8367164114815
19.257458029992,169.009976850581,83.8343000488203
19.0769679513035,169.031964582879,83.831883686159
18.896454473953,169.053759384375,83.8294673234977
18.7159178043836,169.07536123188,83.8270509608365
18.5353581490441,169.096770102431,83.8246345981752
18.3547757144006,169.117985973285,83.8222182355139
18.1741707069619,169.139008821915,83.8198018728527
17.993543333235,169.159838626023,83.8173855101914
17.8128937997682,169.180475363525,83.8149691475301
17.6322223131091,169.200919012562,83.8125527848689
17.4515290798449,169.221169551495,83.8101364222076
17.2708143065452,169.241226958909,83.8077200595463
17.090078199853,169.261091213605,83.8053036968851
16.9093209663934,169.280762294608,83.8028873342238
16.7285428128107,169.300240181165,83.8004709715625
16.5477439457677,169.319524852745,83.7980546089013
16.3669245719814,169.338616289034,83.79563824624
16.1860848981501,169.357514469942,83.7932218835787
16.0052251309732,169.376219375602,83.7908055209175
15.8243454772012,169.394730986367,83.7883891582562
15.6434461436223,169.413049282807,83.7859727955949
15.4625273369681,169.431174245721,83.7835564329337
15.2815892640775,169.449105856122,83.7811400702724
15.1006321317158,169.466844095251,83.7787237076111
14.9196561467368,169.484388944566,83.7763073449499
14.7386615159553,169.501740385748,83.7738909822886
14.5576484462569,169.518898400696,83.7714746196273
14.3766171445066,169.535862971536,83.7690582569661
14.1955678175852,169.552634080611,83.7666418943048
14.0145006724051,169.569211710488,83.7642255316435
13.8334159158769,169.585595843954,83.7618091689823
13.6523137549254,169.601786464019,83.759392806321
13.4711943965074,169.617783553912,83.7569764436597
13.2900580475765,169.633587097085,83.7545600809985
13.108904915117,169.649197077211,83.7521437183372
12.9277352061289,169.664613478184,83.7497273556759
12.7465491275871,169.679836284121,83.7473109930147
12.5653468864996,169.694865479361,83.7448946303534
12.3841286899405,169.709701048459,83.7424782676921
12.2028947449072,169.7243429762,83.7400619050309
12.0216452584809,169.738791247582,83.7376455423696
11.8403804377012,169.753045847832,83.7352291797083
11.6591004896553,169.767106762394,83.7328128170471
11.477805621444,169.780973976933,83.7303964543858
11.2964960401592,169.794647477339,83.7279800917245
11.1151719529238,169.80812724972,83.7255637290633
10.9338335668339,169.821413280409,83.723147366402
10.752481089035,169.834505555958,83.7207310037407
10.5711147266993,169.84740406314,83.7183146410795
10.3897346869378,169.860108788952,83.7158982784182
10.2083411769432,169.872619720612,83.7134819157569
10.0269344038831,169.884936845557,83.7110655530957
9.84551457493356,169.89706015145,83.7086491904344
9.66408189729873,169.908989626172,83.7062328277731
9.48263657819249,169.920725257825,83.7038164651119
9.30117882479962,169.932267034737,83.7014001024506
9.11970884435159,169.943614945453,83.6989837397893
8.93822684408711,169.954768978742,83.6965673771281
8.75673303123621,169.965729123594,83.6941510144668
8.57522761303564,169.976495369221,83.6917346518055
8.39371079674923,169.987067705056,83.6893182891443
8.21218278962835,169.997446120754,83.686901926483
8.03064379895156,170.00763060619,83.6844855638217
7.84909403198574,170.017621151464,83.6820692011605
7.66753369602204,170.027417746894,83.6796528384992
7.48596299832252,170.037020383023,83.6772364758379
7.30438214621051,170.046429050612,83.6748201131767
7.12279134697797,170.055643740646,83.6724037505154
6.94119080792269,170.064664444332,83.6699873878541
6.75958073634987,170.073491153097,83.6675710251929
6.57796133960328,170.08212385859,83.6651546625316
6.39633282498108,170.090562552682,83.6627382998703
6.21469539981893,170.098807227465,83.6603219372091
6.03304927146019,170.106857875254,83.6579055745478
5.85139464721452,170.114714488585,83.6554892118865
5.66973173445016,170.122377060214,83.6530728492253
5.48806074048612,170.129845583121,83.650656486564
5.30638187268074,170.137120050506,83.6482401239027
5.12469533839465,170.144200455791,83.6458237612415
4.94300134497657,170.15108679262,83.6434073985802
4.76130009977459,170.157779054858,83.6409910359189
4.57959181016012,170.164277236592,83.6385746732577
4.39787668348772,170.170581332131,83.6361583105964
4.21615492713421,170.176691336004,83.6337419479351
4.03442674843912,170.182607242963,83.6313255852739
3.8526923548194,170.188329047982,83.6289092226126
3.67095195360104,170.193856746254,83.6264928599513
3.48920575218452,170.199190333197,83.62407649729
3.30745395791703,170.204329804449,83.6216601346288
3.1256967782004,170.209275155869,83.6192437719675
2.94393442038388,170.214026383537,83.6168274093063
2.7621670918522,170.218583483757,83.614411046645
2.58039499999143,170.222946453053,83.6119946839837
2.39861835216761,170.22711528817,83.6095783213225
2.21683735574886,170.231089986075,83.6071619586612
2.03505221811848,170.234870543957,83.6047455959999
1.85326314664203,170.238456959227,83.6023292333387
1.67147034868466,170.241849229516,83.5999128706774
1.48967403164591,170.245047352678,83.5974965080161
1.30787440288633,170.248051326786,83.5950801453549
1.1260716697484,170.250861150138,83.5926637826936
0.944266039608906,170.253476821251,83.5902474200323
0.762457719858144,170.255898338864,83.5878310573711
0.58064691781501,170.258125701938,83.5854146947098
0.398833840864663,170.260158909655,83.5829983320485
0.217018696374219,170.261997961419,83.5805819693873
0.0352016916513779,170.263642856854,83.578165606726
-0.146616965908219,170.265093595807,83.5757492440647
-0.328437068985756,170.266350178346,83.5733328814035
-0.510258410228783,170.26741260476,83.5709165187422
-0.692080782307709,170.26828087556,83.5685001560809
-0.873903977898492,170.268954991477,83.5660837934197
-1.05572778964296,170.269434953466,83.5636674307584
-1.237552010244,170.269720762701,83.5612510680971
-1.41937643237328,170.269812420577,83.5588347054359
-1.60120084870591,170.269709928713,83.5564183427746
-1.78302505196187,170.269413288948,83.5540019801133
-1.9648488348094,170.268922503341,83.551585617452
-2.14667198997904,170.268237574174,83.5491692547908
-2.32849431017001,170.26735850395,83.5467528921295
-2.51031558810799,170.266285295392,83.5443365294683
-2.69213561648724,170.265017951446,83.541920166807
-2.87395418806463,170.263556475279,83.5395038041457
-3.05577109558481,170.261900870278,83.5370874414845
-3.23758613174667,170.260051140053,83.5346710788232
-3.41939908936497,170.258007288433,83.5322547161619
-3.6012097611535,170.25576931947,83.5298383535007
-3.78301793990676,170.253337237437,83.5274219908394
-3.96482341839129,170.250711046827,83.5250056281781
-4.14662598940101,170.247890752356,83.5225892655169
-4.32842544571988,170.244876358959,83.5201729028556
-4.51022158014034,170.241667871794,83.5177565401943
-4.69201418550163,170.238265296239,83.5153401775331
-4.87380305461622,170.234668637894,83.5129238148718
-5.05558798030455,170.230877902579,83.5105074522105
-5.23736875543639,170.226893096335,83.5080910895493
-5.41914517283366,170.222714225426,83.505674726888
-5.6009170253687,170.218341296335,83.5032583642267
-5.78268410592154,170.213774315766,83.5008420015655
-5.96444620736681,170.209013290646,83.4984256389042
-6.14620312262663,170.20405822812,83.4960092762429
-6.32795464456077,170.198909135558,83.4935929135817
-6.50970056613195,170.193566020546,83.4911765509204
-6.69144068024282,170.188028890895,83.4887601882591
-6.873174779862,170.182297754635,83.4863438255979
-7.05490265793416,170.176372620016,83.4839274629366
-7.23662410739846,170.170253495513,83.4815111002753
-7.41833892127942,170.163940389816,83.479094737614
-7.60004689254272,170.157433311841,83.4766783749528
-7.78174781420236,170.150732270722,83.4742620122915
-7.96344147928713,170.143837275813,83.4718456496303
-8.14512768082085,170.136748336692,83.469429286969
-8.32680621184133,170.129465463155,83.4670129243077
-8.50847686545503,170.121988665219,83.4645965616465
-8.69013943467473,170.114317953125,83.4621801989852
-8.8717937126536,170.106453337328,83.4597638363239
-9.0534394924516,170.098394828511,83.4573474736627
-9.23507656721762,170.090142437573,83.4549311110014
-9.41670473007726,170.081696175635,83.4525147483401
-9.59832377419174,170.073056054039,83.4500983856788
-9.77993349272006,170.064222084346,83.4476820230176
-9.96153367885422,170.05519427834,83.4452656603563
-10.1431241258038,170.045972648022,83.442849297695
-10.3247046267576,170.036557205619,83.4404329350338
-10.5062749749774,170.026947963572,83.4380165723725
-10.6878349637213,170.017144934547,83.4356002097113
-10.8693843862312,170.007148131429,83.43318384705
-11.0509230358008,169.996957567324,83.4307674843887
-11.2324507057422,169.986573255556,83.4283511217274
-11.413967189386,169.975995209673,83.4259347590662
-11.5954722800444,169.965223443441,83.4235183964049
-11.7769657711023,169.954257970847,83.4211020337437
-11.9584474559265,169.943098806097,83.4186856710824
-12.1399171279233,169.931745963619,83.4162693084211
-12.3213745805144,169.92019945806,83.4138529457599
-12.5028196071081,169.908459304289,83.4114365830986
-12.6842520011668,169.896525517394,83.4090202204373
-12.8656715561733,169.884398112683,83.406603857776
-13.0470780656302,169.872077105682,83.4041874951148
-13.2284713230419,169.859562512141,83.4017711324535
-13.4098511219537,169.846854348029,83.3993547697922
-13.5912172559109,169.833952629533,83.396938407131
-13.772569518499,169.820857373062,83.3945220444697
-13.9539077033071,169.807568595245,83.3921056818085
-14.1352316039638,169.79408631293,83.3896893191472
-14.3165410141195,169.780410543184,83.3872729564859
-14.4978357274271,169.766541303296,83.3848565938247
-14.679115537564,169.752478610775,83.3824402311634
-14.8603802382643,169.738222483348,83.3800238685021
-15.0416296232507,169.723772938961,83.3776075058408
-15.2228634862481,169.709129995786,83.3751911431796
-15.4040816210787,169.694293672206,83.3727747805183
-15.5852838215154,169.679263986829,83.370358417857
-15.7664698814094,169.664040958481,83.3679420551958
-15.9476395945802,169.648624606209,83.3655256925345
-16.1287927549089,169.63301494928,83.3631093298733
-16.3099291562999,169.617212007178,83.360692967212
-16.4910485926649,169.601215799608,83.3582766045507
-16.6721508579587,169.585026346495,83.3558602418894
-16.85323574616,169.568643667981,83.3534438792282
-17.0343030512552,169.552067784432,83.3510275165669
-17.2153525672567,169.535298716431,83.3486111539056
-17.3963840882195,169.518336484779,83.3461947912444
-17.5773974082261,169.501181110498,83.3437784285831
-17.7583923213848,169.483832614827,83.3413620659219
-17.9393686218106,169.466291019229,83.3389457032606
-18.1203261036295,169.448556345384,83.3365293405993
-18.301264561065,169.430628615188,83.334112977938
-18.4821837883144,169.412507850759,83.3316966152768
-18.6630835795841,169.394194074438,83.3292802526155
-18.8439637291619,169.375687308777,83.3268638899542
-19.0248240313457,169.356987576552,83.324447527293
-19.2056642804251,169.33809490076,83.3220311646317
-19.3864842707724,169.319009304611,83.3196148019705
-19.5672837967526,169.299730811538,83.3171984393092
-19.7480626527771,169.280259445192,83.3147820766479
-19.9288206332498,169.260595229447,83.3123657139867
-20.1095575326593,169.240738188387,83.3099493513254
-20.2902731455036,169.220688346322,83.3075329886641
-20.4709672662766,169.200445727779,83.3051166260028
-20.6516396895368,169.180010357504,83.3027002633416
-20.8322902098907,169.159382260458,83.3002839006803
-21.0129186219219,169.138561461826,83.297867538019
-21.1935247202798,169.11754798701,83.2954511753578
-21.3741082996461,169.096341861628,83.2930348126965
-21.554669154714,169.07494311152,83.2906184500353
-21.7352070802273,169.053351762742,83.288202087374
-21.9157218709419,169.031567841572,83.2857857247127
-22.0962133216649,169.009591374502,83.2833693620514
-22.2766812272342,168.987422388243,83.2809529993902
-22.4571253824855,168.96506090973,83.2785366367289
-22.6375455823389,168.942506966109,83.2761202740677
-22.8179416217321,168.919760584746,83.2737039114064
-22.998313295596,168.89682179323,83.2712875487451
-23.1786603989338,168.873690619365,83.2688711860838
-23.358982726799,168.850367091168,83.2664548234226
-23.5392800742065,168.826851236887,83.2640384607613
-23.7195522362953,168.803143084973,83.2616220981
-23.8997990081844,168.779242664103,83.2592057354388
-24.0800201850091,168.755150003177,83.2567893727775
-24.2602155619939,168.730865131302,83.2543730101162
-24.4403849343796,168.706388077808,83.251956647455
-24.6205280974058,168.681718872247,83.2495402847937
-24.800644846401,168.656857544379,83.2471239221324
-24.9807349766768,168.631804124194,83.2447075594712
-25.1607982836508,168.606558641886,83.2422911968099
-25.3408345626873,168.581121127881,83.2398748341487
-25.5208436092591,168.555491612811,83.2374584714874
-25.7008252188389,168.529670127532,83.2350421088261
-25.8807791869543,168.503656703115,83.2326257461648
-26.0607053091694,168.477451370848,83.2302093835036
-26.2406033810497,168.451054162242,83.2277930208423
-26.4204731982519,168.424465109016,83.225376658181
-26.6003145564349,168.397684243115,83.2229602955198
-26.7801272512942,168.370711596698,83.2205439328585
-26.9599110786011,168.343547202138,83.2181275701972
-27.139665834109,168.316191092032,83.215711207536
-27.3193913136656,168.288643299187,83.2132948448747
-27.4990873131203,168.260903856632,83.2108784822134
-27.6787536283614,168.232972797614,83.2084621195522
-27.8583900553355,168.204850155592,83.2060457568909
-28.0379963900269,168.176535964245,83.2036293942296
-28.2175724284438,168.148030257471,83.2012130315684
-28.3971179666318,168.119333069383,83.1987966689071
-28.5766328007146,168.090444434306,83.1963803062458
-28.7561167268189,168.061364386789,83.1939639435846
-28.935569541113,168.032092961597,83.1915475809233
-29.1149910398227,168.002630193707,83.189131218262
-29.2943810192169,167.972976118316,83.1867148556008
-29.4737392755671,167.943130770841,83.1842984929395
-29.6530656052601,167.913094186904,83.1818821302782
-29.8323598046525,167.882866402356,83.179465767617
-30.0116216701592,167.852447453261,83.1770494049557
-30.1908509982758,167.821837375895,83.1746330422944
-30.370047585484,167.791036206757,83.1722166796332
-30.5492112283817,167.76004398255,83.1698003169719
-30.7283417235181,167.728860740213,83.1673839543106
-30.9074388675587,167.697486516883,83.1649675916494
-31.0865024571765,167.665921349923,83.1625512289881
-31.2655322890871,167.634165276911,83.1601348663268
-31.4445281600866,167.602218335635,83.1577185036656
-31.6234898669789,167.570080564105,83.1553021410043
-31.8024172066299,167.537752000544,83.152885778343
-31.9813099759142,167.505232683398,83.1504694156818
-32.1601679718049,167.472522651318,83.1480530530205
-32.3389909912842,167.439621943177,83.1456366903592
-32.5177788313978,167.406530598062,83.143220327698
-32.6965312892185,167.373248655277,83.1408039650367
-32.8752481618825,167.339776154341,83.1383876023754
-33.0539292465538,167.30611313499,83.1359712397142
-33.2325743404608,167.272259637172,83.1335548770529
-33.4111832408776,167.238215701051,83.1311385143916
-33.5897557451081,167.203981367009,83.1287221517304
-33.7682916505014,167.169556675646,83.1263057890691
-33.9467907544907,167.134941667767,83.1238894264078
-34.1252528545021,167.100136384404,83.1214730637466
-34.3036777480634,167.065140866795,83.1190567010853
-34.4820652327125,167.029955156398,83.116640338424
-34.6604151060378,166.994579294887,83.1142239757628
-34.8387271656921,166.959013324149,83.1118076131015
-35.0170012093584,166.923257286286,83.1093912504402
-35.195237034805,166.887311223611,83.106974887779
-35.3734344398129,166.851175178657,83.1045585251177
-35.5515932222126,166.814849194174,83.1021421624564
-35.7297131798822,166.778333313123,83.0997257997952
-35.9077941108048,166.741627578673,83.0973094371339
-36.0858358129057,166.704732034227,83.0948930744727
-36.2638380842843,166.667646723376,83.0924767118114
-36.4418007230008,166.630371689948,83.0900603491501
-36.6197235271853,166.592906977977,83.0876439864888
-36.7976062950347,166.55525263171,83.0852276238276
-36.9754488248149,166.517408695604,83.0828112611663
-37.1532509147726,166.479375214347,83.080394898505
-37.3310123632931,166.441152232819,83.0779785358438
-37.5087329687445,166.402739796132,83.0755621731825
-37.6864125295793,166.364137949604,83.0731458105212
-37.864050844304,166.325346738766,83.07072944786
-38.0416477114596,166.286366209367,83.0683130851987
-38.2192029296389,166.24719640737,83.0658967225374
-38.3967162975223,166.207837378946,83.0634803598762
-38.5741876137904,166.168289170489,83.0610639972149
-38.7516166772312,166.128551828595,83.0586476345536
-38.9290032866492,166.088625400082,83.0562312718924
-39.1063472409203,166.048509931979,83.0538149092311
-39.2836483389568,166.00820547153,83.0513985465698
-39.4609063797256,165.967712066195,83.0489821839086
-39.6381211622643,165.927029763642,83.0465658212473
-39.8152924856844,165.886158611747,83.044149458586
-39.9924201490792,165.845098658618,83.0417330959248
-40.1695039516873,165.803849952555,83.0393167332635
-40.3465436927304,165.762412542086,83.0369003706022
-40.5235391715214,165.720786475946,83.034484007941
-40.7004901874291,165.678971803081,83.0320676452797
-40.8773965398427,165.63696857266,83.0296512826184
-41.0542580282772,165.594776834048,83.0272349199572
-41.231074452235,165.552396636837,83.0248185572959
-41.4078456112911,165.509828030832,83.0224021946346
-41.5845713051129,165.467071066038,83.0199858319734
-41.7612513333903,165.424125792683,83.0175694693121
-41.9378854958871,165.380992261203,83.0151531066508
-42.1144735923891,165.337670522256,83.0127367439896
-42.2910154228109,165.294160626693,83.0103203813283
-42.4675107870373,165.250462625601,83.007904018667
-42.6439594850797,165.206576570262,83.0054876560058
-42.820361316993,165.162502512172,83.0030712933445
-42.9967160828522,165.118240503051,83.0006549306832
-43.1730235828472,165.073790594815,82.998238568022
-43.3492836171886,165.029152839604,82.9958222053607
-43.5254959861665,164.984327289763,82.9934058426994
-43.7016604900926,164.939313997858,82.9909894800382
-43.8777769294118,164.894113016649,82.9885731173769
-44.0538451045372,164.848724399133,82.9861567547156
-44.2298648160329,164.803148198492,82.9837403920544
-44.4058358644518,164.757384468139,82.9813240293931
-44.5817580504253,164.711433261696,82.9789076667318
-44.7576311746982,164.665294632979,82.9764913040706
-44.9334550379873,164.618968636042,82.9740749414093
-45.1092294411429,164.57245532513,82.971658578748
-45.28495418504,164.525754754708,82.9692422160868
-45.4606290706339,164.47886697945,82.9668258534255
-45.6362538989238,164.431792054242,82.9644094907642
-45.811828470989,164.384530034179,82.961993128103
-45.9873525879693,164.337080974567,82.9595767654417
-46.1628260510341,164.289444930932,82.9571604027804
-46.3382486614858,164.241621958989,82.9547440401192
-46.5136202205997,164.193612114692,82.9523276774579
-46.6889405297878,164.145415454184,82.9499113147966
-46.8642093904879,164.097032033829,82.9474949521354
-47.0394266042193,164.048461910196,82.9450785894741
-47.2145919725495,163.99970514007,82.9426622268128
-47.3897052971254,163.950761780441,82.9402458641516
-47.56476637966,163.901631888508,82.9378295014903
-47.7397750219124,163.852315521688,82.935413138829
-47.9147310257059,163.802812737607,82.9329967761678
-48.0896341929484,163.753123594095,82.9305804135065
-48.2644843256283,163.703248149188,82.9281640508452
-48.4392812257304,163.653186461151,82.925747688184
-48.6140246953751,163.60293858844,82.9233313255227
-48.7887145367316,163.552504589726,82.9209149628614
-48.9633505520173,163.501884523893,82.9184986002002
-49.137932543516,163.451078450035,82.9160822375389
-49.3124603135953,163.400086427453,82.9136658748776
-49.4869336646899,163.348908515653,82.9112495122164
-49.6613523992843,163.29754477436,82.9088331495551
-49.8357163199468,163.2459952635,82.9064167868938
-50.0100252292966,163.194260043215,82.9040004242326
-50.184278930055,163.142339173845,82.9015840615713
-50.358477224941,163.09023271596,82.89916769891
-50.5326199168303,163.037940730314,82.8967513362488
-50.7067068085957,162.985463277889,82.8943349735875
-50.8807377032145,162.932800419866,82.8919186109262
-51.0547124037317,162.879952217636,82.889502248265
-51.2286307132448,162.826918732802,82.8870858856037
-51.4024924349375,162.773700027172,82.8846695229424
-51.5762973720456,162.720296162766,82.8822531602812
-51.7500453278924,162.66670720181,82.8798367976199
-51.9237361058693,162.612933206735,82.8774204349586
-52.0973695094234,162.558974240187,82.8750040722974
-52.2709453420688,162.504830365022,82.8725877096361
-52.4444634074278,162.45050164429,82.8701713469748
-52.6179235091398,162.395988141268,82.8677549843136
-52.7913254509498,162.341289919429,82.8653386216523
-52.9646690366916,162.286407042448,82.862922258991
-53.1379540702012,162.23133957423,82.8605058963298
-53.3111803554739,162.176087578861,82.8580895336685
-53.484347696505,162.120651120656,82.8556731710072
-53.6574558974161,162.065030264121,82.853256808346
-53.8305047623302,162.009225073992,82.8508404456847
-54.0034940955318,161.953235615183,82.8484240830234
-54.1764237013228,161.897061952834,82.8460077203622
-54.349293384081,161.840704152293,82.8435913577009
-54.5221029482733,161.784162279106,82.8411749950396
-54.6948521984396,161.727436399028,82.8387586323784
-54.8675409391604,161.670526578034,82.8363422697171
-55.0401689751403,161.613432882287,82.8339259070558
-55.2127361111232,161.556155378167,82.8315095443945
-55.3852421519468,161.498694132257,82.8290931817333
-55.5576869025035,161.441049211352,82.826676819072
-55.7300701677611,161.383220682453,82.8242604564108
-55.9023917527982,161.325208612756,82.8218440937495
-56.0746514627323,161.267013069676,82.8194277310882
-56.2468491027562,161.208634120834,82.817011368427
-56.4189844781571,161.150071834049,82.8145950057657
-56.5910573942971,161.091326277348,82.8121786431044
-56.7630676566133,161.032397518965,82.8097622804432
-56.9350150705692,160.973285627357,82.8073459177819
-57.1068994417894,160.913990671155,82.8049295551206
-57.2787205759248,160.854512719217,82.8025131924594
-57.4504782787009,160.794851840605,82.8000968297981
-57.6221723559402,160.73500810458,82.7976804671368
-57.7938026135233,160.674981580616,82.7952641044756
-57.9653688574439,160.614772338379,82.7928477418143
-58.1368708937215,160.554380447759,82.790431379153
-58.3083085284877,160.49380597884,82.7880150164918
-58.4796815679522,160.43304900191,82.7855986538305
-58.6509898184038,160.372109587461,82.7831822911692
-58.8222330861745,160.310987806206,82.780765928508
-58.9934111777105,160.249683729046,82.7783495658467
-59.1645238995357,160.188197427091,82.7759332031854
-59.3355710582547,160.126528971652,82.7735168405242
-59.5065524605341,160.064678434253,82.7711004778629
-59.6774679131365,160.002645886617,82.7686841152016
-59.8483172228705,159.940431400682,82.7662677525404
-60.0191001966932,159.878035048565,82.7638513898791
-60.1898166415579,159.815456902621,82.7614350272178
-60.3604663645815,159.752697035377,82.7590186645565
-60.5310491728949,159.689755519587,82.7566023018953
-60.7015648737267,159.626632428205,82.754185939234
-60.8720132744383,159.563327834369,82.7517695765728
-61.0423941823861,159.499841811454,82.7493532139115
-61.2127074050774,159.436174433011,82.7469368512502
-61.3829527500833,159.372325772802,82.744520488589
-61.5531300250245,159.308295904806,82.7421041259277
-61.7232390376357,159.244084903192,82.7396877632664
-61.8932795957364,159.179692842331,82.7372714006052
-62.063251507227,159.115119796799,82.7348550379439
-62.2331545800575,159.050365841389,82.7324386752826
-62.4029886223129,158.985431051074,82.7300223126214
-62.5727534421256,158.920315501047,82.7276059499601
-62.74244884773,158.855019266695,82.7251895872988
-62.9120746474267,158.789542423614,82.7227732246376
-63.081630649618,158.723885047598,82.7203568619763
-63.2511166627721,158.658047214648,82.717940499315
-63.4205324954423,158.59202900097,82.7155241366538
-63.5898779563182,158.52583048295,82.7131077739925
-63.7591528540877,158.459451737211,82.7106914113312
-63.9283569975928,158.392892840551,82.7082750486699
-64.097490195727,158.326153869984,82.7058586860087
-64.2665522574678,158.259234902725,82.7034423233474
-64.4355429919146,158.192136016179,82.7010259606862
-64.6044622081995,158.124857287971,82.6986095980249
-64.7733097155923,158.05739879591,82.6961932353636
-64.9420853234165,157.989760618017,82.6937768727024
-65.1107888410806,157.921942832518,82.6913605100411
-65.2794200780971,157.853945517831,82.6889441473798
-65.447978844066,157.785768752576,82.6865277847185
-65.6164649486566,157.717412615582,82.6841114220573
-65.7848782016267,157.648877185877,82.681695059396
-65.9532184128377,157.580162542687,82.6792786967348
-66.1214853922555,157.511268765428,82.6768623340735
-66.2896789498847,157.442195933739,82.6744459714122
-66.4577988958343,157.372944127453,82.672029608751
-66.625845040334,157.303513426591,82.6696132460897
-66.7938171936712,157.233903911386,82.6671968834284
-66.9617151662364,157.164115662266,82.6647805207672
-67.1295387684772,157.094148759874,82.6623641581059
-67.2972878109802,157.024003285029,82.6599477954446
-67.4649621044053,156.953679318761,82.6575314327833
-67.6325614594673,156.883176942312,82.6551150701221
-67.800085687022,156.812496237103,82.6526987074608
-67.9675345979654,156.741637284777,82.6502823447995
-68.1349080033343,156.670600167154,82.6478659821383
-68.3022057142205,156.599384966269,82.645449619477
-68.4694275418087,156.527991764356,82.6430332568158
-68.636573297407,156.456420643834,82.6406168941545
-68.8036427923654,156.384671687344,82.6382005314932
-68.970635838158,156.31274497771,82.6357841688319
-69.1375522463498,156.240640597957,82.6333678061707
-69.3043918285989,156.168358631307,82.6309514435094
-69.471154396622,156.095899161197,82.6285350808482
-69.6378397622764,156.02326227124,82.6261187181869
-69.8044477374805,155.950448045264,82.6237023555256
-69.9709781342444,155.877456567293,82.6212859928644
-70.1374307647039,155.804287921537,82.6188696302031
-70.3038054410221,155.730942192433,82.6164532675418
-70.4701019755548,155.657419464572,82.6140369048805
-70.6363201806515,155.583719822788,82.6116205422193
-70.802459868805,155.509843352089,82.609204179558
-70.968520852603,155.435790137684,82.6067878168967
-71.1345029447262,155.361560264978,82.6043714542355
-71.3004059579329,155.287153819581,82.6019550915742
-71.4662297050766,155.212570887301,82.5995387289129
-71.6319739991219,155.137811554138,82.5971223662517
-71.7976386531282,155.062875906286,82.5947060035904
-71.9632234802339,154.987764030146,82.5922896409292
-72.1287282936718,154.912476012316,82.5898732782679
-72.2941529068208,154.837011939568,82.5874569156066
-72.4594971330725,154.76137189891,82.5850405529453
-72.6247607859634,154.685555977522,82.5826241902841
-72.7899436791278,154.609564262783,82.5802078276228
-72.9550456262947,154.533396842268,82.5777914649615
-73.1200664412744,154.457053803755,82.5753751023003
-73.2850059379893,154.380535235213,82.572958739639
-73.4498639304428,154.303841224813,82.5705423769778
-73.6146402327366,154.226971860924,82.5681260143165
-73.7793346591013,154.149927232094,82.5657096516552
-73.9439470238324,154.072707427084,82.5632932889939
-74.1084771413234,153.995312534851,82.5608769263327
-74.2729248260824,153.917742644539,82.5584605636714
-74.4372898927001,153.839997845495,82.5560442010101
-74.6015721558965,153.762078227248,82.5536278383489
-74.7657714304426,153.683983879545,82.5512114756876
-74.9298875312567,153.605714892304,82.5487951130264
-75.0939202733073,153.527271355663,82.5463787503651
-75.2578694716953,153.448653359939,82.5439623877038
-75.4217349416199,153.369860995645,82.5415460250425
-75.5855164983812,153.290894353486,82.5391296623813
-75.7492139573458,153.211753524382,82.53671329972
-75.9128271340457,153.132438599412,82.5342969370587
-76.0763558440317,153.052949669892,82.5318805743975
-76.2397999030039,152.973286827308,82.5294642117362
-76.4031591267801,152.893450163332,82.5270478490749
-76.566433331245,152.813439769845,82.5246314864137
-76.7296223323857,152.733255738925,82.5222151237524
-76.8927259462901,152.652898162842,82.5197987610912
-77.05574398918,152.572367134045,82.5173823984299
-77.218676277347,152.491662745192,82.5149660357686
-77.3815226271997,152.410785089126,82.5125496731073
-77.544282855217,152.329734258903,82.5101333104461
-77.7069567780292,152.248510347744,82.5077169477848
-77.8695442123357,152.167113449083,82.5053005851235
-78.0320449749565,152.085543656537,82.5028842224623
-78.1944588827964,152.003801063925,82.500467859801
-78.3567857528805,151.921885765251,82.4980514971398
-78.5190254023212,151.839797854719,82.4956351344785
-78.6811776483497,151.75753742672,82.4932187718172
-78.843242308302,151.675104575836,82.4908024091559
-79.0052191996014,151.592499396849,82.4883860464947
-79.1671081397747,151.509721984735,82.4859696838334
-79.3289089464707,151.426772434655,82.4835533211721
-79.4906214374419,151.343650841958,82.4811369585109
-79.6522454305288,151.260357302198,82.4787205958496
-79.8137807436934,151.176891911111,82.4763042331883
-79.9752271949878,151.093254764632,82.4738878705271
-80.1365846025835,151.009445958881,82.4714715078658
-80.2978527847592,150.925465590169,82.4690551452045
-80.459031559867,150.841313755015,82.4666387825433
-80.6201207464124,150.756990550105,82.464222419882
-80.781120162975,150.672496072333,82.4618060572207
-80.9420296282582,150.587830418774,82.4593896945595
-81.1028489610538,150.502993686706,82.4569733318982
-81.2635779802618,150.417985973594,82.4545569692369
-81.4242165049212,150.332807377079,82.4521406065757
-81.5847643541446,150.247457995011,82.4497242439144
-81.7452213471541,150.161937925426,82.4473078812532
-81.9055873032942,150.076247266547,82.4448915185919
-82.0658620420171,149.990386116785,82.4424751559306
-82.2260453828667,149.904354574749,82.4400587932693
-82.3861371454962,149.81815273924,82.4376424306081
-82.546137149682,149.731780709238,82.4352260679468
-82.7060452153253,149.645238583907,82.4328097052855
-82.8658611623726,149.558526462634,82.4303933426243
-83.0255848109425,149.47164444496,82.427976979963
-83.1852159812475,149.384592630625,82.4255606173017
-83.3447544935776,149.297371119577,82.4231442546405
-83.5042001683788,149.209980011925,82.4207278919792
-83.6635528261768,149.122419407985,82.4183115293179
-83.8228122876059,149.034689408264,82.4158951666567
-83.9819783734426,148.946790113438,82.4134788039954
-84.1410509045274,148.858721624399,82.4110624413341
-84.3000297018567,148.770484042201,82.4086460786729
-84.4589145864921,148.682077468113,82.4062297160116
-84.6177053796517,148.593502003567,82.4038133533503
-84.7764019026192,148.504757750209,82.4013969906891
-84.9350039768362,148.415844809844,82.3989806280278
-85.0935114238235,148.326763284488,82.3965642653665
-85.2519240652304,148.237513276332,82.3941479027053
-85.4102417227863,148.148094887774,82.391731540044
-85.5684642183798,148.058508221372,82.3893151773827
-85.7265913739962,147.968753379882,82.3868988147215
-85.884623011702,147.878830466265,82.3844824520602
-86.0425589537073,147.788739583649,82.3820660893989
-86.2003990223357,147.698480835352,82.3796497267377
-86.3581430400238,147.608054324878,82.3772333640764
-86.5157908292895,147.517460155936,82.3748170014151
-86.6733422128276,147.426698432384,82.3724006387539
-86.8307970133682,147.335769258315,82.3699842760926
-86.9881550538014,147.24467273798,82.3675679134313
-87.1454161571476,147.153408975807,82.3651515507701
-87.3025801464955,147.061978076436,82.3627351881088
-87.4596468450932,146.970380144669,82.3603188254475
-87.6166160762735,146.87861528551,82.3579024627863
-87.7734876634686,146.78668360416,82.355486100125
-87.9302614302872,146.694585205966,82.3530697374637
-88.0869372003912,146.6023201965,82.3506533748025
-88.2435147976059,146.509888681491,82.3482370121412
-88.3999940458075,146.417290766891,82.3458206494799
-88.556374769068,146.32452655879,82.3434042868187
-88.7126567915276,146.231596163491,82.3409879241574
-88.868839937428,146.138499687492,82.3385715614961
-89.0249240311884,146.045237237438,82.3361551988349
-89.1809088972674,145.951808920207,82.3337388361736
-89.336794360319,145.858214842811,82.3313224735123
-89.4925802450501,145.764455112489,82.3289061108511
-89.6482663763173,145.670529836642,82.3264897481898
-89.8038525790792,145.576439122865,82.3240733855285
-89.9593386784257,145.482183078929,82.3216570228673
-90.1147244995671,145.387761812788,82.319240660206
-90.2700098678292,145.293175432581,82.3168242975447
-90.4251946086262,145.198424046648,82.3144079348835
-90.5802785475213,145.103507763494,82.3119915722222
-90.7352615101809,145.008426691818,82.3095752095609
-90.890143322436,144.913180940474,82.3071588468997
-91.0449238101603,144.817770618544,82.3047424842384
-91.1996027993914,144.722195835267,82.3023261215771
-91.3541801163031,144.626456700056,82.2999097589159
-91.5086555871415,144.530553322532,82.2974933962546
-91.6630290383188,144.434485812473,82.2950770335933
-91.8173002963054,144.338254279878,82.2926606709321
-91.9714691877687,144.241858834878,82.2902443082708
-92.1255355394509,144.145299587817,82.2878279456095
-92.2794991782133,144.048576649221,82.2854115829483
-92.4333599310547,143.951690129787,82.282995220287
-92.5871176250777,143.854640140405,82.2805788576257
-92.7407720875377,143.757426792127,82.2781624949645
-92.8943231457502,143.660050196224,82.2757461323032
-93.0477706272276,143.562510464103,82.2733297696419
-93.2011143595431,143.464807707388,82.2709134069807
-93.3543541704385,143.366942037856,82.2684970443194
-93.5074898877298,143.268913567495,82.2660806816581
-93.6605213393873,143.170722408454,82.2636643189969
-93.813448353518,143.072368673054,82.2612479563356
-93.9662707582907,142.973852473833,82.2588315936743
-94.1189883820584,142.875173923473,82.2564152310131
-94.2716010532811,142.776333134846,82.2539988683518
-94.4241086005262,142.677330221011,82.2515825056905
-94.5765108524859,142.578165295212,82.2491661430293
-94.7288076380043,142.47883847085,82.246749780368
-94.8809987860053,142.379349861535,82.2443334177067
-95.0330841255654,142.27969958104,82.2419170550455
-95.1850634858874,142.179887743314,82.2395006923842
-95.3369366962806,142.079914462498,82.2370843297229
-95.4887035861954,141.979779852901,82.2346679670617
-95.6403639851911,141.879484029021,82.2322516044004
-95.7919177229671,141.779027105527,82.2298352417391
-95.9433646293474,141.678409197263,82.2274188790779
-96.0947045342668,141.577630419267,82.2250025164166
-96.2459372677844,141.476690886751,82.2225861537553
-96.3970626601007,141.375590715097,82.2201697910941
-96.5480805415568,141.274330019856,82.2177534284328
-96.6989907425591,141.172908916797,82.2153370657715
-96.8497930937005,141.071327521826,82.2129207031103
-97.0004874256701,140.969585951049,82.210504340449
-97.1510735692986,140.867684320738,82.2080879777877
-97.3015513555434,140.765622747341,82.2056716151265
-97.4519206154577,140.663401347508,82.2032552524652
-97.6021811802679,140.561020238034,82.2008388898039
-97.7523328812973,140.458479535909,82.1984225271427
-97.9023755500117,140.355779358294,82.1960061644814
-98.0523090179736,140.252919822545,82.1935898018201
-98.2021331169342,140.149901046154,82.1911734391589
-98.3518476787117,140.046723146831,82.1887570764976
-98.5014525352686,139.943386242453,82.1863407138363
-98.6509475187246,139.839890451052,82.1839243511751
-98.8003324612835,139.736235890866,82.1815079885138
-98.9496071953229,139.63242268028,82.1790916258525
-99.0987715533182,139.528450937876,82.1766752631913
-99.2478253678897,139.424320782398,82.17425890053
-99.3967684717576,139.320032332791,82.1718425378687
-99.5456006978145,139.215585708142,82.1694261752075
-99.6943218790689,139.110981027722,82.1670098125462
-99.8429318486298,139.006218411002,82.1645934498849
-99.9914304397643,138.901297977605,82.1621770872237
-100.139817485871,138.796219847328,82.1597607245624
-100.288092820462,138.690984140156,82.1573443619011
-100.436256277213,138.585590976225,82.1549279992399
-100.584307689869,138.480040475889,82.1525116365786
-100.732246892378,138.374332759624,82.1500952739173
-100.880073718763,138.268467948121,82.1476789112561
-101.027788003222,138.162446162215,82.1452625485948
-101.175389580038,138.056267522946,82.1428461859335
-101.322878283657,137.949932151506,82.1404298232723
-101.470253948657,137.843440169261,82.138013460611
-101.617516409732,137.736791697763,82.1355970979497
-101.764665501724,137.629986858724,82.1331807352885
-101.91170105959,137.523025774041,82.1307643726272
-102.058622918438,137.415908565773,82.1283480099659
-102.205430913506,137.308635356154,82.1259316473047
-102.352124880137,137.201206267609,82.1235152846434
-102.498704653864,137.093621422693,82.1210989219821
-102.645170070281,136.985880944192,82.1186825593209
-102.791520965174,136.877984955015,82.1162661966596
-102.937757174434,136.769933578269,82.1138498339983
-103.083878534098,136.66172693722,82.1114334713371
-103.229884880324,136.553365155319,82.1090171086758
-103.375776049419,136.444848356174,82.1066007460145
-103.52155187781,136.33617666358,82.1041843833533
-103.667212202084,136.227350201479,82.101768020692
-103.81275685891,136.118369094028,82.0993516580307
-103.958185685161,136.009233465502,82.0969352953695
-104.103498517786,135.89994344039,82.0945189327082
-104.248695193916,135.790499143318,82.0921025700469
-104.393775550772,135.680900699118,82.0896862073857
-104.538739425739,135.571148232769,82.0872698447244
-104.683586656338,135.461241869419,82.0848534820631
-104.828317080212,135.3511817344,82.0824371194019
-104.972930535155,135.240967953203,82.0800207567406
-105.117426859096,135.130600651486,82.0776043940793
-105.261805890071,135.020079955103,82.0751880314181
-105.406067466298,134.909405990042,82.0727716687568
-105.550211426102,134.798578882482,82.0703553060955
-105.694237607944,134.687598758773,82.0679389434343
-105.838145850452,134.576465745413,82.065522580773
-105.981935992348,134.4651799691,82.0631062181117
-106.125607872519,134.353741556679,82.0606898554505
-106.269161329992,134.242150635165,82.0582734927892
-106.412596203929,134.130407331742,82.0558571301279
-106.555912333604,134.018511773783,82.0534407674667
-106.69910955847,133.906464088797,82.0510244048054
-106.842187718077,133.794264404494,82.0486080421441
-106.985146652155,133.681912848721,82.0461916794829
-107.127986200545,133.569409549511,82.0437753168216
-107.270706203242,133.456754635056,82.0413589541603
-107.413306500364,133.343948233727,82.0389425914991
-107.555786932168,133.230990474063,82.0365262288378
-107.698147339067,133.117881484757,82.0341098661765
-107.840387561626,133.004621394658,82.0316935035153
-107.982507440494,132.891210332829,82.029277140854
-108.124506816528,132.777648428443,82.0268607781927
-108.266385530659,132.663935810894,82.0244444155315
-108.408143424024,132.550072609688,82.0220280528702
-108.549780337849,132.436058954542,82.0196116902089
-108.691296113523,132.321894975318,82.0171953275477
-108.832690592581,132.20758080204,82.0147789648864
-108.973963616683,132.093116564913,82.0123626022251
-109.115115027629,131.978502394308,82.0099462395639
-109.256144667389,131.863738420736,82.0075298769026
-109.397052378033,131.748824774909,82.0051135142413
-109.537838001814,131.633761587671,82.0026971515801
-109.678501381087,131.518548990064,82.0002807889188
-109.819042358386,131.403187113261,81.9978644262575
-109.959460776365,131.287676088623,81.9954480635963
-110.099756477817,131.172016047676,81.993031700935
-110.23992930569,131.056207122098,81.9906153382737
-110.379979103079,130.940249443732,81.9881989756124
-110.519905713205,130.824143144597,81.9857826129512
-110.659708979433,130.707888356875,81.9833662502899
-110.799388745297,130.59148521289,81.9809498876287
-110.938944854436,130.474933845163,81.9785335249674
-111.078377150672,130.358234386346,81.9761171623061
-111.217685477929,130.241386969287,81.9737007996449
-111.356869680317,130.124391726963,81.9712844369836
-111.495929602062,130.007248792538,81.9688680743223
-111.634865087536,129.889958299338,81.9664517116611
-111.773675981266,129.772520380842,81.9640353489998
-111.912362127926,129.654935170688,81.9616189863385
-112.050923372306,129.537202802705,81.9592026236773
-112.189359559396,129.419323410833,81.956786261016
-112.327670534263,129.301297129234,81.9543698983547
-112.465856142173,129.183124092185,81.9519535356935
-112.603916228525,129.064804434139,81.9495371730322
-112.741850638835,128.94633828973,81.9471208103709
-112.879659218793,128.827725793734,81.9447044477097
-113.017341814248,128.708967081074,81.9422880850484
-113.15489827114,128.590062286881,81.9398717223871
-113.292328435624,128.47101154639,81.9374553597259
-113.429632153961,128.351814995032,81.9350389970646
-113.566809272543,128.232472768409,81.9326226344033
-113.703859637953,128.11298500225,81.9302062717421
-113.840783096889,127.993351832465,81.9277899090808
-113.977579496215,127.873573395117,81.9253735464195
-114.114248682923,127.753649826436,81.9229571837583
-114.250790504157,127.633581262817,81.920540821097
-114.387204807247,127.513367840774,81.9181244584357
-114.52349143959,127.393009697055,81.9157080957744
-114.659650248825,127.272506968484,81.9132917331132
-114.795681082658,127.151859792115,81.9108753704519
-114.931583788998,127.031068305114,81.9084590077907
-115.067358215862,126.91013264484,81.9060426451294
-115.203004211468,126.789052948766,81.9036262824681
-115.338521624117,126.667829354581,81.9012099198069
-115.473910302312,126.546462000086,81.8987935571456
-115.609170094677,126.424951023262,81.8963771944843
-115.744300850001,126.30329656224,81.8939608318231
-115.87930241722,126.181498755305,81.8915444691618
-116.014174645395,126.059557740926,81.8891281065005
-116.148917383761,125.937473657706,81.8867117438393
-116.283530481719,125.815246644391,81.884295381178
-116.418013788763,125.692876839936,81.8818790185167
-116.552367154607,125.57036438339,81.8794626558554
-116.686590429074,125.447709413997,81.8770462931942
-116.820683462126,125.324912071168,81.8746299305329
-116.954646103911,125.201972494436,81.8722135678717
-117.088478204706,125.078890823514,81.8697972052104
-117.222179614951,124.95566719826,81.8673808425491
-117.355750185223,124.832301758699,81.8649644798878
-117.489189766263,124.708794645002,81.8625481172266
-117.622498208965,124.585145997492,81.8601317545653
-117.755675364348,124.461355956677,81.8577153919041
-117.888721083608,124.337424663193,81.8552990292428
-118.021635218107,124.213352257819,81.8528826665815
-118.154417619321,124.089138881526,81.8504663039203
-118.287068138901,123.964784675418,81.848049941259
-118.419586628653,123.840289780751,81.8456335785977
-118.55197294051,123.715654338962,81.8432172159364
-118.684226926608,123.590878491591,81.8408008532752
-118.816348439185,123.465962380384,81.8383844906139
-118.948337330644,123.340906147229,81.8359681279526
-119.080193453569,123.21570993414,81.8335517652914
-119.211916660657,123.090373883328,81.8311354026301
-119.343506804799,122.964898137113,81.8287190399689
-119.47496373901,122.839282838,81.8263026773076
-119.606287316465,122.713528128642,81.8238863146463
-119.737477390499,122.587634151838,81.8214699519851
-119.868533814608,122.461601050536,81.8190535893238
-119.999456442423,122.33542896785,81.8166372266625
-120.130245127748,122.209118047035,81.8142208640012
-120.260899724512,122.082668431524,81.81180450134
-120.391420086853,121.956080264852,81.8093881386787
-120.521806068996,121.829353690767,81.8069717760174
-120.652057525391,121.702488853109,81.8045554133562
-120.782174310586,121.575485895918,81.8021390506949
-120.912156279301,121.448344963375,81.7997226880337
-121.042003286436,121.321066199785,81.7973063253724
-121.171715187021,121.19364974963,81.7948899627111
-121.301291836256,121.066095757534,81.7924736000498
-121.43073308947,120.938404368293,81.7900572373886
-121.560038802187,120.810575726817,81.7876408747273
-121.689208830075,120.68260997818,81.785224512066
-121.818243028933,120.554507267632,81.7828081494048
-121.947141254728,120.426267740561,81.7803917867435
-122.075903363624,120.297891542465,81.7779754240823
-122.20452921189,120.169378819045,81.775559061421
-122.333018655991,120.040729716111,81.7731426987597
-122.461371552498,119.911944379678,81.7707263360984
-122.589587758191,119.783022955854,81.7683099734372
-122.71766712998,119.653965590927,81.7658936107759
-122.845609524961,119.524772431305,81.7634772481146
-122.973414800349,119.395443623585,81.7610608854534
-123.101082813541,119.265979314485,81.7586445227921
-123.228613422094,119.136379650875,81.7562281601309
-123.356006483709,119.006644779784,81.7538117974696
-123.483261856261,118.876774848377,81.7513954348083
-123.610379397767,118.74677000398,81.7489790721471
-123.737358966407,118.616630394067,81.7465627094858
-123.864200420543,118.486356166233,81.7441463468245
-123.990903618671,118.355947468247,81.7417299841632
-124.117468419447,118.225404448027,81.739313621502
-124.243894681698,118.094727253622,81.7368972588407
-124.370182264399,117.963916033245,81.7344808961794
-124.49633102671,117.832970935225,81.7320645335182
-124.622340827912,117.701892108082,81.7296481708569
-124.748211527473,117.570679700452,81.7272318081957
-124.873942985019,117.439333861121,81.7248154455344
-124.999535060326,117.307854739031,81.7223990828731
-125.124987613342,117.17624248326,81.7199827202118
-125.250300504162,117.044497243043,81.7175663575506
-125.375473593045,116.912619167761,81.7151499948893
-125.500506740432,116.780608406913,81.7127336322281
-125.625399806904,116.648465110173,81.7103172695668
-125.7501526532,116.516189427357,81.7079009069055
-125.874765140248,116.3837815084,81.7054845442442
-125.999237129086,116.251241503437,81.703068181583
-126.123568480976,116.118569562679,81.7006518189217
-126.247759057292,115.985765836534,81.6982354562604
-126.371808719609,115.852830475517,81.6958190935992
-126.495717329626,115.719763630325,81.6934027309379
-126.619484749228,115.586565451774,81.6909863682766
-126.743110840464,115.453236090821,81.6885700056154
-126.866595465532,115.319775698582,81.6861536429541
-126.989938486806,115.186184426303,81.6837372802928
-127.113139766811,115.052462425386,81.6813209176316
-127.236199168245,114.918609847363,81.6789045549703
-127.359116553972,114.784626843908,81.6764881923091
-127.481891786993,114.650513566865,81.6740718296478
-127.60452473051,114.516270168181,81.6716554669865
-127.727015247877,114.381896799957,81.6692391043252
-127.849363202573,114.247393614479,81.666822741664
-127.971568458305,114.112760764106,81.6644063790027
-128.093630878893,113.977998401392,81.6619900163414
-128.215550328357,113.843106678994,81.6595736536802
-128.337326670849,113.70808574975,81.6571572910189
-128.458959770704,113.572935766611,81.6547409283576
-128.58044949244,113.437656882658,81.6523245656964
-128.701795700698,113.302249251152,81.6499082030351
-128.822998260299,113.166713025481,81.6474918403738
-128.944057036254,113.031048359148,81.6450754777126
-129.064971893712,112.895255405822,81.6426591150513
-129.18574269799,112.759334319311,81.64024275239
-129.306369314593,112.62328525354,81.6378263897288
-129.426851609157,112.48710836261,81.6354100270675
-129.547189447508,112.350803800737,81.6329936644062
-129.667382695635,112.214371722276,81.630577301745
-129.787431219685,112.077812281736,81.6281609390837
-129.907334885969,111.941125633762,81.6257445764224
-130.027093560989,111.804311933114,81.6233282137612
-130.146707111389,111.667371334716,81.6209118510999
-130.26617540398,111.530303993631,81.6184954884386
-130.385498305752,111.393110065047,81.6160791257774
-130.504675683863,111.25578970429,81.6136627631161
-130.623707405611,111.118343066852,81.6112464004548
-130.742593338501,110.980770308321,81.6088300377936
-130.861333350178,110.84307158445,81.6064136751323
-130.979927308457,110.705247051131,81.603997312471
-131.098375081332,110.567296864377,81.6015809498098
-131.216676536975,110.429221180327,81.5991645871485
-131.334831543682,110.291020155309,81.5967482244872
-131.45283996996,110.152693945736,81.594331861826
-131.570701684465,110.014242708183,81.5919154991647
-131.68841655603,109.875666599348,81.5894991365034
-131.805984453658,109.736965776065,81.5870827738422
-131.923405246497,109.598140395333,81.5846664111809
-132.040678803898,109.459190614243,81.5822500485196
-132.157804995346,109.320116590066,81.5798336858584
-132.274783690533,109.180918480164,81.5774173231971
-132.391614759292,109.041596442065,81.5750009605358
-132.508298071641,108.902150633415,81.5725845978746
-132.624833497755,108.762581212012,81.5701682352133
-132.741220907975,108.622888335787,81.567751872552
-132.857460172841,108.483072162778,81.5653355098908
-132.973551163025,108.343132851199,81.5629191472295
-133.08949374939,108.20307055937,81.5605027845682
-133.205287802985,108.062885445732,81.558086421907
-133.32093319498,107.922577668915,81.5556700592457
-133.436429796776,107.782147387613,81.5532536965844
-133.551777479883,107.641594760724,81.5508373339232
-133.666976116043,107.500919947209,81.5484209712619
-133.782025577121,107.360123106216,81.5460046086006
-133.896925735176,107.219204397001,81.5435882459394
-134.011676462439,107.078163978952,81.5411718832781
-134.1262776313,106.937002011601,81.5387555206168
-134.240729114321,106.795718654616,81.5363391579556
-134.355030784258,106.654314067766,81.5339227952943
-134.469182514003,106.512788410997,81.5315064326331
-134.583184176647,106.371141844356,81.5290900699718
-134.697035645459,106.22937452801,81.5266737073105
-134.810736793839,106.087486622311,81.5242573446492
-134.924287495402,105.945478287689,81.521840981988
-135.037687623923,105.803349684716,81.5194246193267
-135.150937053342,105.66110097411,81.5170082566654
-135.264035657769,105.518732316722,81.5145918940042
-135.376983311499,105.376243873517,81.5121755313429
-135.489779888986,105.233635805604,81.5097591686816
-135.602425264873,105.09090827421,81.5073428060204
-135.714919313984,104.948061440676,81.5049264433591
-135.827261911271,104.80509546653,81.5025100806978
-135.939452931906,104.662010513374,81.5000937180366
-136.051492251213,104.518806742966,81.4976773553753
-136.163379744687,104.375484317193,81.495260992714
-136.275115288021,104.232043398046,81.4928446300528
-136.386698757058,104.088484147668,81.4904282673915
-136.498130027818,103.944806728335,81.4880119047302
-136.609408976502,103.801011302434,81.485595542069
-136.720535479491,103.657098032483,81.4831791794077
-136.831509413312,103.513067081156,81.4807628167464
-136.942330654705,103.36891861121,81.4783464540852
-137.05299908056,103.22465278556,81.4759300914239
-137.163514567942,103.080269767248,81.4735137287626
-137.273876994114,102.935769719416,81.4710973661014
-137.38408623648,102.791152805373,81.4686810034401
-137.494142172643,102.64641918853,81.4662646407788
-137.604044680379,102.501569032421,81.4638482781176
-137.713793637631,102.356602500725,81.4614319154563
-137.823388922526,102.211519757228,81.459015552795
-137.932830413357,102.066320965862,81.4565991901338
-138.042117988606,101.921006290666,81.4541828274725
-138.151251526917,101.775575895823,81.4517664648112
-138.260230907133,101.630029945609,81.44935010215
-138.369056008229,101.484368604486,81.4469337394887
-138.477726709413,101.338592036968,81.4445173768274
-138.586242890025,101.19270040775,81.4421010141662
-138.694604429601,101.046693881628,81.4396846515049
-138.802811207859,100.900572623517,81.4372682888436
-138.910863104677,100.754336798473,81.4348519261824
-139.018760000125,100.607986571664,81.4324355635211
-139.126501774428,100.461522108409,81.4300192008598
-139.23408830803,100.314943574091,81.4276028381986
-139.341519481511,100.168251134279,81.4251864755373
-139.448795175638,100.021444954647,81.422770112876
-139.555915271378,99.8745252009655,81.4203537502148
-139.662879649855,99.7274920391574,81.4179373875535
-139.769688192368,99.5803456352669,81.4155210248922
-139.876340780408,99.4330861554482,81.413104662231
-139.982837295633,99.285713765991,81.4106882995697
-140.089177619887,99.1382286332939,81.4082719369084
-140.195361635197,98.9906309238771,81.4058555742472
-140.301389223755,98.8429208043967,81.4034392115859
-140.407260267942,98.6950984416176,81.4010228489246
-140.51297465031,98.5471640024399,81.3986064862634
-140.618532253586,98.3991176538855,81.3961901236021
-140.7239329607,98.250959563067,81.3937737609408
-140.82917665473,98.1026898972639,81.3913573982796
-140.934263218952,97.9543088238457,81.3889410356183
-141.039192536833,97.8058165102884,81.386524672957
-141.143964491978,97.6572131242475,81.3841083102958
-141.248578968225,97.5084988334235,81.3816919476345
-141.353035849546,97.3596738056987,81.3792755849732
-141.457335020119,97.2107382090431,81.376859222312
-141.561476364288,97.061692211563,81.3744428596507
-141.665459766599,96.9125359814529,81.3720264969894
-141.769285111748,96.7632696870723,81.3696101343282
-141.872952284631,96.6138934968696,81.3671937716669
-141.976461170315,96.4644075794272,81.3647774090056
-142.079811654066,96.314812103416,81.3623610463444
-142.183003621314,96.1651072376554,81.3599446836831
-142.286036957657,96.0152931510981,81.3575283210218
-142.388911548916,95.8653700127544,81.3551119583606
-142.491627281041,95.7153379918291,81.3526955956993
-142.594184040216,95.5651972575672,81.350279233038
-142.696581712753,95.4149479794086,81.3478628703768
-142.798820185199,95.2645903268342,81.3454465077155
-142.900899344239,95.1141244695026,81.3430301450542
-143.002819076764,94.9635505771586,81.340613782393
-143.104579269842,94.812868819664,81.3381974197317
-143.206179810707,94.6620793670284,81.3357810570704
-143.307620586804,94.5111823893302,81.3333646944092
-143.408901485739,94.3601780567962,81.3309483317479
-143.51002239531,94.2090665397532,81.3285319690866
-143.610983203491,94.0578480086586,81.3261156064254
-143.711783798434,93.9065226340863,81.3236992437641
-143.812424068497,93.7550905866934,81.3212828811028
-143.912903902198,93.603552037285,81.3188665184416
-144.013223188231,93.4519071567948,81.3164501557803
-144.113381815511,93.3001561162104,81.314033793119
-144.213379673096,93.1482990866949,81.3116174304578
-144.313216650249,92.9963362394956,81.3092010677965
-144.412892636404,92.8442677459899,81.3067847051352
-144.512407521191,92.6920937776526,81.304368342474
-144.611761194421,92.5398145060733,81.3019519798127
-144.710953546071,92.3874301029847,81.2995356171514
-144.809984466332,92.2349407401874,81.2971192544902
-144.908853845555,92.0823465896267,81.2947028918289
-145.00756157429,91.9296478233448,81.2922865291676
-145.106107543258,91.7768446135118,81.2898701665064
-145.204491643377,91.6239371323953,81.2874538038451
-145.302713765726,91.4709255524061,81.2850374411838
-145.400773801612,91.3178100460052,81.2826210785226
-145.498671642483,91.1645907858288,81.2802047158613
-145.596407179985,91.0112679446072,81.2777883532
-145.693980305968,90.8578416951526,81.2753719905388
-145.791390912446,90.7043122104195,81.2729556278775
-145.888638891618,90.5506796634741,81.2705392652162
-145.98572413588,90.3969442274765,81.2681229025549
-146.082646537811,90.2431060756998,81.2657065398937
-146.179405990159,90.0891653815561,81.2632901772324
-146.276002385882,89.9351223185244,81.2608738145712
-146.372435618109,89.7809770602218,81.2584574519099
-146.468705580162,89.6267297803625,81.2560410892486
-146.564812165539,89.4723806527847,81.2536247265874
-146.660755267925,89.3179298514359,81.2512083639261
-146.75653478121,89.163377550343,81.2487920012648
-146.852150599441,89.0087239236885,81.2463756386036
-146.947602616881,88.8539691457169,81.2439592759423
-147.042890727951,88.6991133908273,81.241542913281
-147.138014827284,88.5441568334828,81.2391265506198
-147.232974809676,88.3890996482997,81.2367101879585
-147.327770570134,88.2339420099574,81.2342938252972
-147.422402003835,88.0786840932727,81.231877462636
-147.516869006143,87.9233260731713,81.2294610999747
-147.611171472617,87.7678681246714,81.2270447373134
-147.705309299006,87.6123104228972,81.2246283746522
-147.799282381234,87.4566531430966,81.2222120119909
-147.893090615414,87.3008964606252,81.2197956493296
-147.986733897856,87.1450405509278,81.2173792866684
-148.080212125056,86.9890855895568,81.2149629240071
-148.173525193691,86.8330317521875,81.2125465613458
-148.266673000633,86.6768792145844,81.2101301986846
-148.359655442933,86.520628152635,81.2077138360233
-148.45247241784,86.3642787423151,81.205297473362
-148.545123822782,86.2078311597233,81.2028811107008
-148.637609555383,86.0512855810476,81.2004647480395
-148.729929513449,85.8946421825968,81.1980483853782
-148.822083594981,85.7379011407684,81.1956320227169
-148.914071698161,85.5810626320808,81.1932156600557
-149.005893721377,85.4241268331257,81.1907992973944
-149.097549563178,85.2670939206469,81.1883829347332
-149.189039122322,85.1099640714592,81.1859665720719
-149.280362297746,84.9527374624984,81.1835502094106
-149.371518988585,84.795414270789,81.1811338467494
-149.462509094162,84.6379946734567,81.1787174840881
-149.553332513984,84.4804788477488,81.1763011214268
-149.643989147751,84.3228669709985,81.1738847587656
-149.734478895349,84.1651592206583,81.1714683961043
-149.82480165686,84.0073557742676,81.169052033443
-149.914957332546,83.8494568094835,81.1666356707818
-150.004945822859,83.6914625040668,81.1642193081205
-150.094767028462,83.5333730358474,81.1618029454592
-150.184420850187,83.3751885827895,81.159386582798
-150.273907189057,83.216909322959,81.1569702201367
-150.363225946293,83.0585354345075,81.1545538574754
-150.452377023309,82.9000670956878,81.1521374948142
-150.54136032169,82.7415044848853,81.1497211321529
-150.630175743237,82.5828477805394,81.1473047694916
-150.718823189928,82.4240971612212,81.1448884068303
-150.807302563927,82.2652528056027,81.1424720441691
-150.895613767609,82.1063148924243,81.1400556815078
-150.983756703514,81.9472836005745,81.1376393188466
-151.071731274389,81.7881591090097,81.1352229561853
-151.159537383174,81.6289415967852,81.132806593524
-151.24717493299,81.4696312430733,81.1303902308628
-151.334643827159,81.3102282271276,81.1279738682015
-151.421943969185,81.150732728319,81.1255575055402
-151.509075262772,80.9911449260998,81.1231411428789
-151.59603761181,80.8314650000368,81.1207247802177
-151.682830920385,80.6716931297804,81.1183084175564
-151.769455092769,80.5118294950948,81.1158920548952
-151.855910033442,80.3518742758092,81.1134756922339
-151.942195647044,80.1918276519162,81.1110593295726
-152.028311838446,80.0316898034248,81.1086429669114
-152.114258512681,79.8714609105064,81.1062266042501
-152.200035574989,79.7111411533971,81.1038102415888
-152.285642930804,79.5507307124295,81.1013938789276
-152.371080485743,79.3902297680504,81.0989775162663
-152.456348145615,79.229638500802,81.096561153605
-152.54144581644,79.0689570912911,81.0941447909437
-152.626373404406,78.9081857202691,81.0917284282825
-152.71113081591,78.7473245685512,81.0893120656212
-152.795717957541,78.5863738170478,81.0868957029599
-152.880134736082,78.4253336467659,81.0844793402987
-152.964381058493,78.2642042388397,81.0820629776374
-153.048456831945,78.1029857744651,81.0796466149762
-153.132361963807,77.9416784349187,81.0772302523149
-153.216096361612,77.7802824016357,81.0748138896536
-153.299659933127,77.6187978560639,81.0723975269923
-153.383052586279,77.4572249798119,81.0699811643311
-153.466274229205,77.2955639545494,81.0675648016698
-153.549324770229,77.1338149620557,81.0651484390086
-153.632204117877,76.9719781841878,81.0627320763473
-153.714912180868,76.8100538028964,81.060315713686
-153.797448868108,76.6480420002418,81.0578993510248
-153.879814088705,76.4859429583611,81.0554829883635
-153.962007751953,76.3237568595,81.0530666257022
-154.04402976734,76.1614838859978,81.0506502630409
-154.125880044568,75.9991242202527,81.0482339003797
-154.207558493505,75.8366780448047,81.0458175377184
-154.289065024232,75.6741455422535,81.0434011750571
-154.370399547033,75.5115268952728,81.0409848123959
-154.451561972354,75.3488222866945,81.0385684497346
-154.532552210878,75.1860318993604,81.0361520870733
-154.61337017344,75.0231559162851,81.0337357244121
-154.694015771112,74.8601945204914,81.0313193617508
-154.77448891513,74.6971478951593,81.0289029990896
-154.85478951694,74.5340162235265,81.0264866364283
-154.934917488176,74.3707996889374,81.024070273767
-155.014872740684,74.207498474793,81.0216539111057
-155.09465518648,74.0441127646352,81.0192375484445
-155.174264737794,73.880642742061,81.0168211857832
-155.253701307043,73.7170885907744,81.014404823122
-155.332964806855,73.5534504945354,81.0119884604607
-155.412055150039,73.389728637227,81.0095720977994
-155.490972249591,73.2259232028357,81.0071557351382
-155.569716018729,73.0620343753884,81.0047393724769
-155.64828637085,72.8980623390339,81.0023230098156
-155.726683219563,72.7340072779758,80.9999066471543
-155.804906478643,72.5698693765708,80.9974902844931
-155.882956062092,72.4056488191994,80.9950739218318
-155.960831884102,72.2413457903441,80.9926575591705
-156.038533859044,72.0769604746097,80.9902411965093
-156.11606190151,71.9124930566373,80.987824833848
-156.193415926276,71.7479437211893,80.9854084711868
-156.27059584831,71.5833126531143,80.9829921085255
-156.34760158279,71.4186000373299,80.9805757458642
-156.42443304508,71.2538060588583,80.978159383203
-156.501090150757,71.0889309027739,80.9757430205417
-156.577572815573,70.9239747542873,80.9733266578804
-156.653880955494,70.7589377986605,80.9709102952191
-156.73001448668,70.5938202212427,80.9684939325579
-156.805973325485,70.428622207483,80.9660775698966
-156.881757388457,70.2633439429181,80.9636612072353
-156.957366592359,70.0979856131342,80.9612448445741
-157.032800854138,69.9325474038361,80.9588284819128
-157.108060090927,69.767029500831,80.9564121192516
-157.183144220093,69.6014320899409,80.9539957565903
-157.258053159157,69.4357553571582,80.951579393929
-157.332786825881,69.269999488474,80.9491630312677
-157.407345138193,69.1041646700302,80.9467466686065
-157.481728014234,68.9382510880189,80.9443303059452
-157.555935372337,68.7722589287315,80.941913943284
-157.62996713104,68.6061883785267,80.9394975806227
-157.70382320908,68.4400396238456,80.9370812179614
-157.777503525379,68.2738128512446,80.9346648553002
-157.851007999077,68.1075082473129,80.9322484926389
-157.924336549502,67.9411259987547,80.9298321299776
-157.997489096184,67.7746662923411,80.9274157673163
-158.070465558841,67.6081293149567,80.9249994046551
-158.143265857417,67.4415152535001,80.9225830419938
-158.21588991202,67.2748242950378,80.9201666793325
-158.288337642985,67.1080566266469,80.9177503166713
-158.360608970833,66.9412124355216,80.91533395401
-158.432703816292,66.774291908918,80.9129175913487
-158.504622100287,66.607295234174,80.9105012286875
-158.576363743931,66.440222598741,80.9080848660262
-158.64792866855,66.2730741901162,80.905668503365
-158.719316795669,66.1058501958778,80.9032521407037
-158.790528047013,65.9385508036815,80.9008357780424
-158.861562344494,65.7711762012989,80.8984194153811
-158.932419610243,65.603726576528,80.8960030527199
-159.003099766572,65.4362021172967,80.8935866900586
-159.073602736013,65.268603011562,80.8911703273973
-159.143928441284,65.1009294473924,80.8887539647361
-159.214076805311,64.9331816129171,80.8863376020748
-159.284047751206,64.7653596963792,80.8839212394136
-159.353841202302,64.5974638860472,80.8815048767523
-159.423457082126,64.4294943702844,80.879088514091
-159.492895314392,64.2614513375664,80.8766721514297
-159.562155823028,64.0933349764115,80.8742557887685
-159.631238532155,63.9251454754317,80.8718394261072
-159.700143366109,63.7568830232827,80.8694230634459
-159.768870249409,63.5885478087463,80.8670067007847
-159.837419106791,63.4201400206316,80.8645903381234
-159.905789863182,63.251659847856,80.8621739754621
-159.9739824437,63.0831074794313,80.8597576128009
-160.041996773696,62.914483104376,80.8573412501396
-160.109832778689,62.7457869118526,80.8549248874783
-160.177490384412,62.5770190910827,80.8525085248171
-160.244969516816,62.4081798313103,80.8500921621558
-160.31227010202,62.2392693219407,80.8476757994945
-160.379392066368,62.0702877524015,80.8452594368333
-160.4463353364,61.9012353121964,80.842843074172
-160.513099838863,61.7321121909023,80.8404267115107
-160.579685500697,61.5629185781864,80.8380103488495
-160.646092249049,61.3936546637747,80.8355939861882
-160.712320011257,61.2243206374995,80.833177623527
-160.77836871488,61.0549166892154,80.8307612608657
-160.844238287665,60.885443008884,80.8283448982044
-160.909928657569,60.7158997865239,80.8259285355431
-160.975439752744,60.5462872122428,80.8235121728819
-161.040771501551,60.3766054762028,80.8210958102206
-161.105923832546,60.2068547686577,80.8186794475593
-161.170896674489,60.0370352799315,80.8162630848981
-161.235689956354,59.8671472003859,80.8138467222368
-161.300303607306,59.6971907204897,80.8114303595755
-161.364737556711,59.5271660307825,80.8090139969143
-161.428991734139,59.3570733218746,80.806597634253
-161.493066069381,59.1869127843962,80.8041812715917
-161.556960492399,59.0166846091344,80.8017649089305
-161.620674933379,58.8463889868951,80.7993485462692
-161.684209322707,58.6760261085547,80.7969321836079
-161.747563590973,58.5055961650596,80.7945158209467
-161.810737668966,58.3350993474428,80.7920994582854
-161.873731487675,58.1645358468076,80.7896830956241
-161.9365449783,57.9939058543095,80.7872667329629
-161.999178072244,57.8232095611738,80.7848503703016
-162.061630701108,57.6524471587106,80.7824340076403
-162.123902796695,57.4816188383003,80.7800176449791
-162.185994291026,57.3107247913563,80.7776012823178
-162.247905116304,57.1397652094134,80.7751849196565
-162.309635204957,56.968740284022,80.7727685569953
-162.371184489597,56.7976502068516,80.770352194334
-162.432552903052,56.626495169606,80.7679358316727
-162.493740378354,56.4552753640564,80.7655194690115
-162.554746848733,56.2839909820585,80.7631031063502
-162.615572247629,56.1126422155171,80.760686743689
-162.676216508685,55.941229256405,80.7582703810277
-162.736679565738,55.7697522967954,80.7558540183664
-162.796961352846,55.5982115287763,80.7534376557051
-162.857061804254,55.4266071445539,80.7510212930439
-162.916980854427,55.2549393363481,80.7486049303826
-162.976718438026,55.0832082964807,80.7461885677213
-163.036274489914,54.9114142173363,80.7437722050601
-163.095648945164,54.7395572913504,80.7413558423988
-163.154841739056,54.5676377110225,80.7389394797375
-163.213852807066,54.395655668933,80.7365231170763
-163.272682084877,54.2236113577291,80.734106754415
-163.33132950838,54.0515049701042,80.7316903917537
-163.389795013675,53.8793366988156,80.7292740290925
-163.448078537056,53.7071067367031,80.7268576664312
-163.506180015032,53.5348152766518,80.7244413037699
-163.564099384307,53.3624625116289,80.7220249411087
-163.621836581795,53.1900486346632,80.7196085784474
-163.679391544623,53.0175738388139,80.7171922157861
-163.736764210107,52.8450383172544,80.7147758531249
-163.793954515785,52.6724422631683,80.7123594904636
-163.85096239939,52.4997858698375,80.7099431278023
-163.907787798854,52.3270693306227,80.7075267651411
-163.964430652337,52.1542928388774,80.7051104024798
-164.020890898181,51.9814565880866,80.7026940398185
-164.077168474948,51.8085607717622,80.7002776771573
-164.133263321396,51.6356055834944,80.697861314496
-164.189175376496,51.4625912169183,80.6954449518347
-164.244904579426,51.2895178657286,80.6930285891735
-164.300450869557,51.1163857237172,80.6906122265122
-164.355814186483,50.9431949846822,80.6881958638509
-164.410994469991,50.7699458425193,80.6857795011897
-164.465991660079,50.596638491182,80.6833631385284
-164.520805696956,50.4232731246504,80.6809467758671
-164.575436521024,50.2498499370158,80.6785304132059
-164.629884072902,50.0763691223942,80.6761140505446
-164.684148293414,49.9028308749618,80.6736976878833
-164.738229123585,49.7292353889697,80.6712813252221
-164.792126504654,49.5555828587107,80.6688649625608
-164.845840378052,49.3818734785722,80.6664485998995
-164.89937068544,49.2081074429292,80.6640322372383
-164.952717368664,49.0342849462844,80.661615874577
-165.00588036978,48.8604061831821,80.6591995119157
-165.058859631065,48.6864713481874,80.6567831492545
-165.111655094983,48.512480635978,80.6543667865932
-165.164266704223,48.3384342412336,80.6519504239319
-165.216694401668,48.1643323587281,80.6495340612707
-165.26893813041,47.9901751832912,80.6471176986094
-165.320997833752,47.8159629097916,80.6447013359481
-165.372873455198,47.641695733172,80.6422849732869
-165.424564938466,47.4673738484141,80.6398686106256
-165.47607222748,47.2929974505552,80.6374522479643
-165.527395266359,47.1185667347237,80.6350358853031
-165.578533999454,46.9440818960324,80.6326195226418
-165.629488371287,46.7695431297569,80.6302031599805
-165.680258326629,46.5949506311014,80.6277867973193
-165.730843810427,46.4203045954156,80.625370434658
-165.781244767845,46.245605218086,80.6229540719967
-165.831461144261,46.0708526945167,80.6205377093355
-165.881492885243,45.8960472202381,80.6181213466742
-165.93133993659,45.7211889907457,80.6157049840129
-165.981002244294,45.5462782016413,80.6132886213517
-166.030479754555,45.3713150485805,80.6108722586904
-166.079772413785,45.1962997272554,80.6084558960291
-166.128880168599,45.0212324334269,80.6060395333679
-166.177802965819,44.8461133629112,80.6036231707066
-166.226540752486,44.6709427115393,80.6012068080453
-166.275093475838,44.4957206752312,80.5987904453841
-166.323461083322,44.3204474499597,80.5963740827228
-166.371643522591,44.145123231749,80.5939577200615
-166.419640741518,43.9697482166383,80.5915413574003
-166.467452688173,43.7943226007556,80.589124994739
-166.515079310839,43.618846580262,80.5867086320777
-166.562520557998,43.443320351405,80.5842922694165
-166.609776378354,43.2677441104291,80.5818759067552
-166.656846720806,43.0921180536841,80.5794595440939
-166.703731534473,42.9164423775148,80.5770431814327
-166.750430768677,42.7407172783545,80.5746268187714
-166.796944372948,42.5649429526666,80.5722104561101
-166.843272297025,42.3891195969821,80.5697940934489
-166.889414490851,42.2132474078829,80.5673777307876
-166.935370904585,42.0373265819816,80.5649613681263
-166.981141488594,41.8613573159394,80.5625450054651
-167.026726193448,41.6853398064846,80.5601286428038
-167.072124969931,41.5092742503766,80.5577122801425
-167.117337769027,41.3331608444587,80.5552959174813
-167.162364541946,41.1569997855505,80.55287955482
-167.207205240084,40.9807912706098,80.5504631921587
-167.25185981507,40.8045354965527,80.5480468294975
-167.296328218718,40.6282326604312,80.5456304668362
-167.340610403074,40.4518829592554,80.5432141041749
-167.38470632037,40.2754865901736,80.5407977415137
-167.42861592307,40.0990437502898,80.5383813788524
-167.472339163824,39.9225546368447,80.5359650161911
-167.515875995514,39.7460194470347,80.5335486535299
-167.559226371214,39.5694383781771,80.5311322908686
-167.602390244214,39.3928116275956,80.5287159282073
-167.64536756801,39.2161393926806,80.5262995655461
-167.688158296313,39.039421870848,80.5238832028848
-167.730762383038,38.8626592595789,80.5214668402235
-167.773179782316,38.685851756361,80.5190504775623
-167.815410448477,38.5089995587839,80.516634114901
-167.857454336068,38.3321028644434,80.5142177522397
-167.899311399842,38.1551618709986,80.5118013895785
-167.94098159477,37.9781767761163,80.5093850269172
-167.982464876018,37.8011477775629,80.5069686642559
-168.023761198973,37.624075073111,80.5045523015947
-168.064870519228,37.4469588605767,80.5021359389334
-168.105792792582,37.2697993378564,80.4997195762721
-168.146527975055,37.0925967028167,80.4973032136109
-168.187076022861,36.9153511534573,80.4948868509496
-168.227436892441,36.738062887731,80.4924704882883
-168.267610540428,36.5607321037225,80.4900541256271
-168.307596923678,36.3833589994864,80.4876377629658
-168.347395999256,36.2059437731386,80.4852214003045
-168.387007724427,36.0284866228718,80.4828050376433
-168.426432056676,35.8509877468838,80.480388674982
-168.465668953694,35.6734473434144,80.4779723123207
-168.504718373387,35.4958656107437,80.4755559496595
-168.54358027386,35.3182427472306,80.4731395869982
-168.582254613442,35.1405789512183,80.4707232243369
-168.620741350658,34.9628744211459,80.4683068616757
-168.659040444257,34.7851293554378,80.4658904990144
-168.697151853189,34.6073439525954,80.4634741363531
-168.735075536617,34.4295184111581,80.4610577736919
-168.772811453915,34.2516529296893,80.4586414110306
-168.810359564669,34.0737477067892,80.4562250483693
-168.847719828667,33.8958029411348,80.4538086857081
-168.88489220592,33.717818831387,80.4513923230468
-168.921876656641,33.5397955762816,80.4489759603855
-168.958673141257,33.3617333745756,80.4465595977243
-168.995281620403,33.1836324250812,80.444143235063
-169.031702054924,33.005492926648,80.4417268724017
-169.067934405879,32.8273150781476,80.4393105097405
-169.103978634538,32.6490990784866,80.4368941470792
-169.139834702378,32.470845126628,80.4344777844179
-169.175502571087,32.2925534215726,80.4320614217567
-169.21098220257,32.1142241623206,80.4296450590954
-169.246273558933,31.9358575479631,80.4272286964341
-169.281376602504,31.7574537775753,80.4248123337728
-169.316291295812,31.579013050302,80.4223959711116
-169.351017601598,31.4005355653441,80.4199796084503
-169.385555482819,31.2220215218826,80.4175632457891
-169.419904902645,31.0434711191535,80.4151468831278
-169.454065824445,30.8648845564623,80.4127305204665
-169.488038211813,30.6862620330976,80.4103141578053
-169.521822028543,30.507603748435,80.407897795144
-169.555417238648,30.3289099018319,80.4054814324827
-169.588823806348,30.1501806927152,80.4030650698215
-169.622041696073,29.9714163205473,80.4006487071602
-169.655070872469,29.7926169848049,80.3982323444989
-169.687911300387,29.6137828850175,80.3958159818377
-169.720562944895,29.4349142207298,80.3933996191764
-169.753025771271,29.2560111915197,80.3909832565151
-169.785299745002,29.0770739970157,80.3885668938539
-169.817384831785,28.8981028368803,80.3861505311926
-169.849280997533,28.7190979107893,80.3837341685313
-169.88098820837,28.5400594184516,80.3813178058701
-169.912506430625,28.3609875596448,80.3789014432088
-169.943835630847,28.1818825341225,80.3764850805475
-169.974975775793,28.0027445416892,80.3740687178863
-170.005926832425,27.8235737822364,80.371652355225
-170.03668876793,27.644370455594,80.3692359925637
-170.067261549697,27.4651347616783,80.3668196299025
-170.097645145327,27.2858669004365,80.3644032672412
-170.127839522632,27.1065670718464,80.3619869045799
-170.157844649641,26.927235475898,80.3595705419187
-170.187660494594,26.7478723125932,80.3571541792574
-170.217287025935,26.5684777820358,80.3547378165961
-170.246724212327,26.3890520842881,80.3523214539348
-170.275972022643,26.2095954194767,80.3499050912736
-170.305030425968,26.0301079877399,80.3474887286123
-170.333899391599,25.8505899892452,80.3450723659511
-170.36257888904,25.6710416242243,80.3426560032898
-170.391068888013,25.4914630929032,80.3402396406285
-170.419369358453,25.311854595515,80.3378232779673
-170.447480270497,25.1322163323965,80.335406915306
-170.475401594507,24.9525485038203,80.3329905526447
-170.503133301043,24.7728513101765,80.3305741899835
-170.530675360893,24.5931249517935,80.3281578273222
-170.558027745042,24.4133696290989,80.3257414646609
-170.585190424695,24.233585542511,80.3233251019997
-170.61216337127,24.0537728924743,80.3209087393384
-170.638946556389,23.8739318794974,80.3184923766771
-170.665539951896,23.6940627040587,80.3160760140158
-170.691943529841,23.5141655667018,80.3136596513546
-170.718157262486,23.3342406679933,80.3112432886933
-170.744181122309,23.1542882085096,80.3088269260321
-170.770015081998,22.9743083888514,80.3064105633708
-170.795659114452,22.7943014096625,80.3039942007095
-170.821113192785,22.6142674715939,80.3015778380482
-170.846377290318,22.4342067753585,80.299161475387
-170.871451380593,22.254119521619,80.2967451127257
-170.896335437353,22.0740059111557,80.2943287500645
-170.921029434563,21.8938661446975,80.2919123874032
-170.945533346395,21.7137004230368,80.2894960247419
-170.969847147235,21.5335089469868,80.2870796620807
-170.993970811683,21.3532919173488,80.2846632994194
-171.017904314549,21.1730495349837,80.2822469367581
-171.041647630855,20.9927820007754,80.2798305740968
-171.065200735835,20.8124895156305,80.2774142114356
-171.08856360494,20.632172280441,80.2749978487743
-171.111736213829,20.4518304961589,80.272581486113
-171.134718538372,20.2714643637758,80.2701651234518
-171.157510554658,20.091074084231,80.2677487607905
-171.180112238983,19.9106598585607,80.2653323981293
-171.202523567856,19.7302218877838,80.262916035468
-171.224744518,19.5497603729601,80.2604996728067
-171.246775066349,19.36927551517,80.2580833101455
-171.268615190053,19.1887675154779,80.2556669474842
-171.290264866474,19.0082365749858,80.2532505848229
-171.311724073179,18.827682894873,80.2508342221616
-171.332992787956,18.6471066762642,80.2484178595004
-171.354070988805,18.466508120322,80.2460014968391
-171.374958653935,18.2858874282481,80.2435851341778
-171.395655761768,18.1052448012629,80.2411687715166
-171.416162290941,17.9245804405872,80.2387524088553
-171.436478220304,17.7438945474616,80.2363360461941
-171.456603528916,17.5631873231628,80.2339196835328
-171.476538196051,17.3824589689856,80.2315033208715
-171.496282201197,17.2017096862269,80.2290869582102
-171.515835524053,17.0209396761989,80.226670595549
-171.535198144532,16.8401491402513,80.2242542328877
-171.554370042755,16.6593382797517,80.2218378702264
-171.573351199063,16.4785072960657,80.2194215075652
-171.592141594007,16.2976563905772,80.2170051449039
-171.61074120835,16.1167857646851,80.2145887822427
-171.629150023064,15.9358956198617,80.2121724195814
-171.647368019343,15.7549861574848,80.2097560569201
-171.665395178585,15.574057579078,80.2073396942588
-171.683231482406,15.3931100860685,80.2049233315976
-171.700876912633,15.212143879975,80.2025069689363
-171.718331451306,15.0311591622749,80.200090606275
-171.735595080678,14.8501561345178,80.1976742436138
-171.752667783217,14.6691349982112,80.1952578809525
-171.769549541598,14.4880959549343,80.1928415182913
-171.786240338716,14.3070392062247,80.19042515563
-171.802740157672,14.1259649536904,80.1880087929687
-171.819048981788,13.9448733988977,80.1855924303075
-171.835166794592,13.7637647434638,80.1831760676462
-171.851093579827,13.5826391890193,80.1807597049849
-171.866829321449,13.4014969372099,80.1783433423236
-171.882374003628,13.2203381896556,80.1759269796624
-171.897727610748,13.0391631480273,80.1735106170011
-171.912890127401,12.8579720140087,80.1710942543398
-171.927861538398,12.6767649892601,80.1686778916786
-171.942641828758,12.4955422755263,80.1662615290173
-171.957230983716,12.3143040744724,80.1638451663561
-171.971628988718,12.1330505878686,80.1614288036948
-171.985835829427,11.9517820174044,80.1590124410335
-171.999851491714,11.7704985648534,80.1565960783722
-172.013675961666,11.5892004319461,80.154179715711
-172.027309225581,11.407887820498,80.1517633530497
-172.040751269973,11.2265609322421,80.1493469903885
-172.054002081565,11.0452199689967,80.1469306277272
-172.067061647299,10.8638651325353,80.1445142650659
-172.079929954323,10.6824966246956,80.1420979024046
-172.092606990001,10.5011146473083,80.1396815397434
-172.105092741914,10.3197194021567,80.1372651770821
-172.11738719785,10.1383110911095,80.1348488144208
-172.129490345811,9.95688991604286,80.1324324517596
-172.141402174019,9.77545607875009,80.1300160890983
-172.153122670899,9.59400978114463,80.127599726437
-172.164651825094,9.41255122511115,80.1251833637758
-172.175989625463,9.23108061248638,80.1227670011145
-172.187136061073,9.04959814519102,80.1203506384532
-172.198091121206,8.86810402513342,80.117934275792
-172.208854795357,8.68659845419353,80.1155179131307
-172.219427073235,8.50508163431315,80.1131015504695
-172.229807944762,8.32355376738745,80.1106851878082
-172.23999740007,8.14201505537303,80.1082688251469
-172.249995429508,7.96046570019593,80.1058524624856
-172.259802023638,7.77890590377033,80.1034360998244
-172.269417173231,7.59733586809201,80.1010197371631
-172.278840869276,7.41575579508755,80.0986033745018
-172.288073102972,7.23416588670774,80.0961870118406
-172.297113865732,7.05256634494694,80.0937706491793
-172.305963149182,6.8709573717486,80.091354286518
-172.314620945162,6.68933916911767,80.0889379238568
-172.323087245724,6.50771193900713,80.0865215611955
-172.331362043133,6.32607588341385,80.0841051985342
-172.339445329868,6.14443120433677,80.081688835873
-172.34733709862,5.96277810376258,80.0792724732117
-172.355037342294,5.78111678369916,80.0768561105504
-172.362546054009,5.5994474461227,80.0744397478892
-172.369863227094,5.41777029308526,80.0720233852279
-172.376988855095,5.23608552655044,80.0696070225666
-172.383922931768,5.05439334856028,80.0671906599054
-172.390665451082,4.87269396112121,80.0647742972441
-172.397216407223,4.69098756626071,80.0623579345828
-172.403575794585,4.50927436599161,80.0599415719216
-172.409743607779,4.32755456232776,80.0575252092603
-172.415719841626,4.14582835730404,80.055108846599
-172.421504491163,3.96409595295712,80.0526924839378
-172.427097551638,3.78235755128852,80.0502761212765
-172.432499018514,3.60061335435563,80.0478597586152
-172.437708887463,3.41886356418204,80.045443395954
-172.442727154375,3.23710838280758,80.0430270332927
-172.447553815351,3.05534801223907,80.0406106706314
-172.452188866704,2.87358265453708,80.0381943079702
-172.456632304961,2.69181251172628,80.0357779453089
-172.460884126862,2.51003778583134,80.0333615826476
-172.464944329361,2.32825867889509,80.0309452199864
-172.468812909624,2.14647539294094,80.0285288573251
-172.472489865028,1.964688130029,80.0261124946638
-172.475975193168,1.78289709214561,80.0236961320026
-172.479268891847,1.60110248136663,80.0212797693413
-172.482370959084,1.41930449969371,80.01886340668
-172.48528139311,1.23750334914468,80.0164470440188
-172.488000192369,1.0556992317736,80.0140306813575
-172.490527355518,0.873892349576737,80.0116143186962
-172.492862881427,0.692082904602665,80.009197956035
-172.49500676918,0.51027109886135,80.0067815933737
-172.496959018071,0.328457134360071,80.0043652307124
-172.49871962761,0.146641213122196,80.0019488680512
