-147.5,0,120
-147.503432726351,-0.300003594296902,119.994019502413
-147.506255284683,-0.600013549738965,119.988039004827
-147.508467678783,-0.900028625225916,119.98205850724
-147.51006991496,-1.20004757969913,119.976078009653
-147.511062002048,-1.50006917220984,119.970097512067
-147.511443951404,-1.80009216187172,119.96411701448
-147.511215776908,-2.10011530788699,119.958136516894
-147.510377494962,-2.40013736957259,119.952156019307
-147.50892912449,-2.70015710631276,119.94617552172
-147.506870686937,-3.00017327762718,119.940195024134
-147.50420220627,-3.3001846431236,119.934214526547
-147.500923708977,-3.60018996253443,119.92823402896
-147.497035224065,-3.90018799571136,119.922253531374
-147.492536783064,-4.20017750260948,119.916273033787
-147.487428420019,-4.50015724334493,119.9102925362
-147.481710171498,-4.80012597813692,119.904312038614
-147.475382076585,-5.1000824673865,119.898331541027
-147.468444176883,-5.40002547159746,119.892351043441
-147.460896516514,-5.69995375144461,119.886370545854
-147.452739142113,-5.99986606775781,119.880390048267
-147.443972102836,-6.29976118151658,119.874409550681
-147.434595450354,-6.59963785386571,119.868429053094
-147.42460923885,-6.89949484614138,119.862448555507
-147.414013525026,-7.19933091983423,119.856468057921
-147.402808368098,-7.49914483661545,119.850487560334
-147.390993829793,-7.79893535836294,119.844507062747
-147.378569974355,-8.09870124711382,119.838526565161
-147.365536868538,-8.39844126512208,119.832546067574
-147.351894581609,-8.69815417484267,119.826565569988
-147.337643185346,-8.99783873892604,119.820585072401
-147.322782754039,-9.29749372024431,119.814604574814
-147.307313364486,-9.59711788188578,119.808624077228
-147.291235095998,-9.89670998714954,119.802643579641
-147.274548030392,-10.1962687995611,119.796663082054
-147.257252251996,-10.4957930828878,119.790682584468
-147.239347847642,-10.7952816011337,119.784702086881
-147.220834906672,-11.0947331185339,119.778721589294
-147.201713520933,-11.3941463995805,119.772741091708
-147.181983784778,-11.6935202090178,119.766760594121
-147.161645795066,-11.992853311815,119.760780096535
-147.140699651156,-12.2921444732663,119.754799598948
-147.119145454916,-12.5913924588701,119.748819101361
-147.096983310713,-12.8905960344386,119.742838603775
-147.074213325417,-13.1897539660401,119.736858106188
-147.050835608399,-13.4888650200252,119.730877608601
-147.026850271532,-13.7879279630422,119.724897111015
-147.002257429185,-14.0869415620315,119.718916613428
-146.97705719823,-14.3859045842206,119.712936115842
-146.951249698034,-14.6848157971391,119.706955618255
-146.924835050463,-14.9836739686451,119.700975120668
-146.897813379878,-15.282477866878,119.694994623082
-146.870184813139,-15.5812262603048,119.689014125495
-146.841949479595,-15.8799179177468,119.683033627908
-146.813107511093,-16.1785516083108,119.677053130322
-146.783659041973,-16.477126101447,119.671072632735
-146.753604209067,-16.7756401669534,119.665092135148
-146.722943151695,-17.074092574971,119.659111637562
-146.691676011671,-17.3724820959781,119.653131139975
-146.659802933299,-17.6708075008056,119.647150642389
-146.62732406337,-17.9690675606528,119.641170144802
-146.594239551161,-18.267261047082,119.635189647215
-146.560549548438,-18.5653867320125,119.629209149629
-146.526254209453,-18.8634433877368,119.623228652042
-146.491353690943,-19.1614297869358,119.617248154455
-146.455848152127,-19.4593447026626,119.611267656869
-146.419737754706,-19.7571869083794,119.605287159282
-146.38302266287,-20.0549551778995,119.599306661695
-146.34570304328,-20.3526482854862,119.593326164109
-146.307779065086,-20.6502650057538,119.587345666522
-146.26925089991,-20.9478041137662,119.581365168936
-146.230118721855,-21.2452643849793,119.575384671349
-146.190382707501,-21.5426445952777,119.569404173762
-146.150043035904,-21.8399435209582,119.563423676176
-146.109099888592,-22.1371599387561,119.557443178589
-146.067553449573,-22.4342926258188,119.551462681002
-146.025403905321,-22.7313403597526,119.545482183416
-145.982651444784,-23.0283019186066,119.539501685829
-145.939296259381,-23.3251760808777,119.533521188242
-145.895338543,-23.6219616254951,119.527540690656
-145.850778491999,-23.9186573318664,119.521560193069
-145.805616305198,-24.2152619798622,119.515579695483
-145.759852183891,-24.5117743498002,119.509599197896
-145.713486331828,-24.8081932225018,119.503618700309
-145.666518955229,-25.1045173792454,119.497638202723
-145.618950262777,-25.400745601782,119.491657705136
-145.570780465609,-25.6968766723915,119.485677207549
-145.522009777332,-25.9929093737946,119.479696709963
-145.472638414006,-26.2888424892407,119.473716212376
-145.422666594148,-26.5846748024817,119.467735714789
-145.372094538735,-26.8804050977771,119.461755217203
-145.320922471198,-27.1760321598779,119.455774719616
-145.269150617423,-27.4715547740733,119.44979422203
-145.216779205749,-27.7669717261644,119.443813724443
-145.163808466963,-28.0622818024898,119.437833226856
-145.110238634308,-28.3574837899102,119.43185272927
-145.05606994347,-28.6525764758334,119.425872231683
-145.001302632589,-28.9475586481991,119.419891734096
-144.945936942248,-29.2424290954938,119.41391123651
-144.889973115478,-29.5371866067561,119.407930738923
-144.833411397749,-29.8318299715915,119.401950241336
-144.776252036978,-30.1263579801673,119.39596974375
-144.71849528352,-30.4207694232071,119.389989246163
-144.660141390176,-30.7150630919955,119.384008748577
-144.601190612178,-31.0092377784249,119.37802825099
-144.541643207199,-31.3032922749479,119.372047753403
-144.48149943535,-31.5972253746038,119.366067255817
-144.42075955917,-31.8910358710329,119.36008675823
-144.359423843641,-32.1847225584513,119.354106260643
-144.297492556165,-32.4782842317065,119.348125763057
-144.234965966585,-32.7717196862214,119.34214526547
-144.171844347166,-33.0650277180496,119.336164767883
-144.108127972601,-33.3582071238606,119.330184270297
-144.043817120016,-33.6512567009135,119.32420377271
-143.97891206895,-33.9441752471438,119.318223275124
-143.913413101375,-34.2369615610764,119.312242777537
-143.84732050168,-34.5296144418915,119.30626227995
-143.780634556677,-34.8221326893889,119.300281782364
-143.713355555591,-35.1145151040437,119.294301284777
-143.645483790072,-35.4067604869499,119.28832078719
-143.57701955418,-35.6988676398766,119.282340289604
-143.507963144389,-35.9908353652521,119.276359792017
-143.438314859594,-36.282662466138,119.27037929443
-143.368075001087,-36.5743477463162,119.264398796844
-143.297243872584,-36.8658900101914,119.258418299257
-143.225821780198,-37.1572880628875,119.252437801671
-143.153809032453,-37.4485407101917,119.246457304084
-143.081205940279,-37.7396467585795,119.240476806497
-143.008012817012,-38.0306050152091,119.234496308911
-142.934229978377,-38.3214142879779,119.228515811324
-142.859857742515,-38.6120733854346,119.222535313737
-142.784896429956,-38.9025811168663,119.216554816151
-142.709346363627,-39.1929362922724,119.210574318564
-142.633207868854,-39.4831377223594,119.204593820978
-142.556481273356,-39.7731842185556,119.198613323391
-142.479166907245,-40.0630745930062,119.192632825804
-142.401265103016,-40.3528076586282,119.186652328218
-142.322776195562,-40.6423822290246,119.180671830631
-142.243700522159,-40.9317971185698,119.174691333044
-142.164038422467,-41.2210511423739,119.168710835458
-142.083790238529,-41.510143116308,119.162730337871
-142.002956314774,-41.7990718569884,119.156749840284
-141.921536998005,-42.0878361818018,119.150769342698
-141.839532637413,-42.3764349088696,119.144788845111
-141.756943584557,-42.6648668571234,119.138808347525
-141.673770193373,-42.953130846249,119.132827849938
-141.590012820172,-43.2412256967116,119.126847352351
-141.505671823636,-43.5291502297604,119.120866854765
-141.420747564814,-43.8169032674433,119.114886357178
-141.335240407128,-44.1044836325818,119.108905859591
-141.249150716359,-44.3918901488257,119.102925362005
-141.162478860658,-44.6791216405976,119.096944864418
-141.075225210536,-44.9661769331478,119.090964366831
-140.987390138869,-45.2530548525191,119.084983869245
-140.898974020884,-45.5397542255914,119.079003371658
-140.809977234172,-45.8262738800566,119.073022874072
-140.720400158673,-46.112612644443,119.067042376485
-140.630243176687,-46.3987693480901,119.061061878898
-140.539506672856,-46.6847428212037,119.055081381312
-140.448191034185,-46.97053189479,119.049100883725
-140.356296650016,-47.2561354007305,119.043120386138
-140.263823912039,-47.5415521717571,119.037139888552
-140.17077321429,-47.8267810414362,119.031159390965
-140.077144953141,-48.1118208442236,119.025178893378
-139.982939527316,-48.3966704153993,119.019198395792
-139.888157337864,-48.6813285911521,119.013217898205
-139.792798788178,-48.9657942085141,119.007237400619
-139.696864283986,-49.2500661054056,119.001256903032
-139.600354233336,-49.5341431206497,118.995276405445
-139.503269046626,-49.8180240939169,118.989295907859
-139.405609136564,-50.1017078658096,118.983315410272
-139.307374918195,-50.3851932777971,118.977334912685
-139.208566808888,-50.6684791722602,118.971354415099
-139.109185228327,-50.9515643924953,118.965373917512
-139.009230598522,-51.2344477826996,118.959393419925
-138.908703343805,-51.5171281879758,118.953412922339
-138.807603890811,-51.7996044543761,118.947432424752
-138.705932668499,-52.0818754288572,118.941451927166
-138.603690108146,-52.3639399592853,118.935471429579
-138.500876643322,-52.6457968945099,118.929490931992
-138.397492709922,-52.927445084269,118.923510434406
-138.293538746136,-53.2088833792736,118.917529936819
-138.189015192462,-53.4901106311721,118.911549439232
-138.083922491696,-53.7711256925749,118.905568941646
-137.978261088944,-54.0519274170194,118.899588444059
-137.872031431593,-54.3325146590538,118.893607946472
-137.765233969345,-54.6128862741329,118.887627448886
-137.657869154174,-54.8930411187409,118.881646951299
-137.54993744036,-55.1729780502978,118.875666453713
-137.441439284472,-55.4526959272031,118.869685956126
-137.332375145356,-55.7321936088698,118.863705458539
-137.22274548415,-56.0114699556702,118.857724960953
-137.112550764275,-56.2905238289795,118.851744463366
-137.001791451426,-56.5693540911806,118.845763965779
-136.890468013579,-56.8479596056488,118.839783468193
-136.778580920993,-57.1263392367563,118.833802970606
-136.66613064619,-57.4044918499065,118.827822473019
-136.553117663968,-57.6824163115087,118.821841975433
-136.439542451395,-57.9601114889926,118.815861477846
-136.325405487806,-58.2375762508128,118.80988098026
-136.210707254798,-58.5148094664534,118.803900482673
-136.095448236229,-58.7918100064419,118.797919985086
-135.979628918226,-59.0685767423251,118.7919394875
-135.863249789163,-59.3451085467118,118.785958989913
-135.746311339679,-59.6214042932389,118.779978492326
-135.62881406266,-59.8974628566148,118.77399799474
-135.510758453243,-60.1732831125941,118.768017497153
-135.392145008821,-60.4488639379829,118.762036999567
-135.272974229021,-60.7242042106814,118.75605650198
-135.153246615728,-60.999302809621,118.750076004393
-135.032962673055,-61.274158614846,118.744095506807
-134.91212290737,-61.5487705074405,118.73811500922
-134.79072782726,-61.8231373696104,118.732134511633
-134.66877794356,-62.0972580846204,118.726154014047
-134.54627376933,-62.3711315368462,118.72017351646
-134.423215819871,-62.6447566117312,118.714193018873
-134.299604612695,-62.918132195858,118.708212521287
-134.175440667548,-63.1912571768953,118.7022320237
-134.050724506403,-63.4641304436117,118.696251526114
-133.925456653443,-63.7367508859094,118.690271028527
-133.79963763508,-64.0091173947897,118.68429053094
-133.673267979931,-64.2812288623958,118.678310033354
-133.546348218835,-64.5530841819793,118.672329535767
-133.418878884828,-64.8246822479521,118.66634903818
-133.290860513173,-65.0960219558237,118.660368540594
-133.162293641328,-65.3671022022635,118.654388043007
-133.033178808946,-65.6379218851044,118.64840754542
-132.903516557899,-65.9084799032906,118.642427047834
-132.773307432244,-66.1787751569482,118.636446550247
-132.64255197823,-66.4488065473613,118.630466052661
-132.511250744317,-66.7185729769477,118.624485555074
-132.379404281146,-66.9880733493108,118.618505057487
-132.247013141534,-67.2573065692437,118.612524559901
-132.114077880499,-67.5262715426865,118.606544062314
-131.980599055243,-67.7949671767588,118.600563564727
-131.846577225133,-68.0633923797924,118.594583067141
-131.712012951732,-68.3315460612698,118.588602569554
-131.576906798767,-68.5994271318939,118.582622071967
-131.44125933214,-68.8670345035554,118.576641574381
-131.305071119918,-69.1343670893553,118.570661076794
-131.168342732357,-69.4014238035624,118.564680579208
-131.031074741846,-69.6682035617117,118.558700081621
-130.893267722958,-69.9347052805146,118.552719584034
-130.754922252426,-70.2009278779007,118.546739086448
-130.616038909127,-70.4668702730411,118.540758588861
-130.4766182741,-70.7325313863239,118.534778091274
-130.336660930537,-70.9979101393687,118.528797593688
-130.19616746378,-71.2630054550209,118.522817096101
-130.055138461311,-71.5278162573841,118.516836598514
-129.913574512759,-71.7923414717964,118.510856100928
-129.771476209895,-72.056580024844,118.504875603341
-129.628844146637,-72.3205308443468,118.498895105755
-129.485678919016,-72.5841928594273,118.492914608168
-129.341981125219,-72.8475650004229,118.486934110581
-129.197751365553,-73.110646198954,118.480953612995
-129.05299024245,-73.3734353879195,118.474973115408
-128.907698360474,-73.6359315014733,118.468992617821
-128.761876326308,-73.8981334750559,118.463012120235
-128.615524748754,-74.1600402453897,118.457031622648
-128.46864423873,-74.4216507504827,118.451051125061
-128.321235409262,-74.6829639296424,118.445070627475
-128.1732988755,-74.9439787234522,118.439090129888
-128.024835254699,-75.2046940737937,118.433109632302
-127.875845166212,-75.4651089238697,118.427129134715
-127.726329231493,-75.7252222181894,118.421148637128
-127.576288074117,-75.9850329025366,118.415168139542
-127.425722319724,-76.2445399240648,118.409187641955
-127.274632596083,-76.5037422311918,118.403207144368
-127.123019533018,-76.7626387737134,118.397226646782
-126.970883762477,-77.0212285026983,118.391246149195
-126.818225918465,-77.2795103705922,118.385265651608
-126.665046637088,-77.5374833311489,118.379285154022
-126.511346556524,-77.7951463394713,118.373304656435
-126.357126317032,-78.0524983520059,118.367324158849
-126.202386560941,-78.3095383265474,118.361343661262
-126.047127932654,-78.5662652222421,118.355363163675
-125.891351078647,-78.8226779995837,118.349382666089
-125.735056647452,-79.078775620444,118.343402168502
-125.578245289674,-79.3345570480409,118.337421670915
-125.42091765797,-79.5900212469697,118.331441173329
-125.263074407053,-79.845167183207,118.325460675742
-125.104716193703,-80.0999938240787,118.319480178155
-124.945843676728,-80.3545001383273,118.313499680569
-124.786457517011,-80.6086850960436,118.307519182982
-124.626558377459,-80.8625476687339,118.301538685396
-124.466146923034,-81.1160868292792,118.295558187809
-124.305223820726,-81.3693015519746,118.289577690222
-124.143789739571,-81.6221908124982,118.283597192636
-123.981845350636,-81.8747535879415,118.277616695049
-123.819391327014,-82.1269888568043,118.271636197462
-123.656428343829,-82.3788955989992,118.265655699876
-123.492957078232,-82.6304727958462,118.259675202289
-123.328978209384,-82.8817194301037,118.253694704703
-123.164492418473,-83.1326344859456,118.247714207116
-122.99950038871,-83.3832169489566,118.241733709529
-122.834002805297,-83.6334658061889,118.235753211943
-122.668000355467,-83.8833800460961,118.229772714356
-122.501493728443,-84.1329586585981,118.223792216769
-122.334483615456,-84.3822006350505,118.217811719183
-122.166970709742,-84.6311049682482,118.211831221596
-121.99895570653,-84.8796706524467,118.205850724009
-121.830439303039,-85.1278966833579,118.199870226423
-121.661422198483,-85.3757820581533,118.193889728836
-121.491905094066,-85.6233257754595,118.18790923125
-121.321888692967,-85.8705268353882,118.181928733663
-121.15137370035,-86.1173842395141,118.175948236076
-120.980360823372,-86.36389699087,118.16996773849
-120.808850771143,-86.6100640939938,118.163987240903
-120.636844254754,-86.8558845548984,118.158006743316
-120.46434198727,-87.1013573810748,118.15202624573
-120.291344683709,-87.3464815815223,118.146045748143
-120.117853061065,-87.5912561667177,118.140065250556
-119.943867838289,-87.8356801486366,118.13408475297
-119.769389736278,-88.0797525407742,118.128104255383
-119.594419477886,-88.3234723581233,118.122123757797
-119.418957787926,-88.5668386171784,118.11614326021
-119.243005393147,-88.8098503359564,118.110162762623
-119.066563022251,-89.0525065339836,118.104182265037
-118.889631405866,-89.2948062323246,118.09820176745
-118.712211276563,-89.5367484535611,118.092221269863
-118.534303368861,-89.778332221787,118.086240772277
-118.355908419183,-90.0195565626627,118.08026027469
-118.177027165903,-90.2604205033518,118.074279777103
-117.997660349303,-90.5009230725835,118.068299279517
-117.817808711601,-90.7410633006061,118.06231878193
-117.637472996911,-90.9808402192495,118.056338284344
-117.456653951283,-91.2202528618617,118.050357786757
-117.275352322661,-91.4593002633714,118.04437728917
-117.093568860909,-91.6979814602496,118.038396791584
-116.911304317788,-91.9362954905387,118.032416293997
-116.728559446966,-92.1742413938396,118.02643579641
-116.545335003998,-92.41181821134,118.020455298824
-116.361631746345,-92.649024985785,118.014474801237
-116.177450433352,-92.885860761506,118.00849430365
-115.992791826252,-93.1223245844157,118.002513806064
-115.807656688169,-93.3584155020038,117.996533308477
-115.622045784101,-93.5941325633569,117.990552810891
-115.435959880926,-93.8294748191543,117.984572313304
-115.2493997474,-94.0644413216631,117.978591815717
-115.062366154144,-94.2990311247586,117.972611318131
-114.874859873641,-94.5332432839277,117.966630820544
-114.686881680257,-94.7670768562396,117.960650322957
-114.4984323502,-95.0005309003991,117.954669825371
-114.309512661548,-95.2336044767089,117.948689327784
-114.120123394233,-95.4662966470898,117.942708830197
-113.930265330024,-95.6986064751003,117.936728332611
-113.739939252551,-95.9305330259079,117.930747835024
-113.549145947282,-96.1620753663173,117.924767337438
-113.357886201524,-96.3932325647652,117.918786839851
-113.166160804428,-96.6240036913164,117.912806342264
-112.973970546972,-96.8543878176833,117.906825844678
-112.781316221963,-97.0843840172216,117.900845347091
-112.588198624043,-97.3139913649252,117.894864849504
-112.394618549669,-97.5432089374469,117.888884351918
-112.200576797119,-97.7720358130927,117.882903854331
-112.006074166493,-98.0004710718183,117.876923356744
-111.811111459697,-98.2285137952481,117.870942859158
-111.615689480446,-98.4561630666711,117.864962361571
-111.419809034261,-98.6834179710439,117.858981863985
-111.223470928479,-98.9102775949788,117.853001366398
-111.026675972216,-99.1367410267869,117.847020868811
-110.829424976388,-99.3628073564496,117.841040371225
-110.631718753719,-99.5884756756144,117.835059873638
-110.43355811869,-99.8137450776461,117.829079376051
-110.234943887598,-100.038614657566,117.823098878465
-110.035876878504,-100.263083512105,117.817118380878
-109.836357911257,-100.487150739681,117.811137883291
-109.636387807464,-100.710815440426,117.805157385705
-109.435967390522,-100.934076716152,117.799176888118
-109.235097485569,-101.156933670409,117.793196390532
-109.03377891954,-101.379385408417,117.787215892945
-108.832012521097,-101.601431037147,117.781235395358
-108.629799120682,-101.823069665256,117.775254897772
-108.42713955048,-102.044300403138,117.769274400185
-108.224034644428,-102.265122362899,117.763293902598
-108.020485238197,-102.48553465839,117.757313405012
-107.816492169206,-102.705536405183,117.751332907425
-107.612056276632,-102.925126720559,117.745352409839
-107.407178401352,-103.144304723578,117.739371912252
-107.201859385995,-103.363069535012,117.733391414665
-106.996100074919,-103.581420277381,117.727410917079
-106.789901314194,-103.799356074955,117.721430419492
-106.583263951615,-104.016876053758,117.715449921905
-106.376188836688,-104.233979341566,117.709469424319
-106.168676820651,-104.450665067896,117.703488926732
-105.960728756433,-104.666932364039,117.697508429145
-105.752345498661,-104.882780363061,117.691527931559
-105.543527903688,-105.098208199768,117.685547433972
-105.334276829548,-105.313215010753,117.679566936386
-105.124593135962,-105.527799934389,117.673586438799
-104.914477684372,-105.741962110796,117.667605941212
-104.703931337868,-105.95570068191,117.661625443626
-104.492954961254,-106.169014791423,117.655644946039
-104.281549420997,-106.381903584824,117.649664448452
-104.069715585242,-106.594366209396,117.643683950866
-103.857454323812,-106.806401814204,117.637703453279
-103.644766508189,-107.018009550118,117.631722955692
-103.431653011522,-107.229188569806,117.625742458106
-103.218114708633,-107.439938027726,117.619761960519
-103.004152475981,-107.65025708016,117.613781462933
-102.789767191692,-107.860144885188,117.607800965346
-102.574959735532,-108.069600602706,117.601820467759
-102.359730988922,-108.278623394422,117.595839970173
-102.144081834925,-108.487212423857,117.589859472586
-101.928013158226,-108.695366856373,117.583878974999
-101.711525845158,-108.903085859139,117.577898477413
-101.494620783688,-109.110368601154,117.571917979826
-101.277298863398,-109.317214253253,117.565937482239
-101.059560975503,-109.523621988099,117.559956984653
-100.84140801282,-109.729590980208,117.553976487066
-100.622840869812,-109.935120405905,117.54799598948
-100.403860442517,-110.140209443396,117.542015491893
-100.184467628608,-110.344857272705,117.536034994306
-99.9646633273408,-110.549063075726,117.53005449672
-99.7444484395927,-110.752826036185,117.524073999133
-99.5238238678222,-110.956145339678,117.518093501546
-99.3027905160797,-111.15902017366,117.51211300396
-99.0813492900192,-111.361449727433,117.506132506373
-98.8595010968476,-111.563433192195,117.500152008786
-98.6372468453919,-111.764969760972,117.4941715112
-98.4145874460158,-111.966058628701,117.488191013613
-98.1915238106954,-112.166698992154,117.482210516027
-97.9680568529438,-112.366890050012,117.47623001844
-97.7441874878549,-112.56663100282,117.470249520853
-97.5199166320755,-112.765921053012,117.464269023267
-97.2952452038175,-112.964759404904,117.45828852568
-97.070174122846,-113.163145264699,117.452308028093
-96.844704310459,-113.361077840506,117.446327530507
-96.6188366895242,-113.55855634231,117.44034703292
-96.3925721844343,-113.755579982007,117.434366535333
-96.1659117211197,-113.952147973392,117.428386037747
-95.9388562270601,-114.148259532154,117.42240554016
-95.7114066312408,-114.343913875906,117.416425042574
-95.4835638641803,-114.539110224166,117.410444544987
-95.2553288579435,-114.733847798344,117.4044640474
-95.0267025460803,-114.928125821792,117.398483549814
-94.7976858636622,-115.121943519774,117.392503052227
-94.568279747287,-115.315300119462,117.38652255464
-94.3384851350336,-115.508194849974,117.380542057054
-94.108302966507,-115.700626942332,117.374561559467
-93.8777341827856,-115.892595629511,117.36858106188
-93.646779726466,-116.084100146398,117.362600564294
-93.4154405416182,-116.275139729829,117.356620066707
-93.1837175738061,-116.46571361857,117.350639569121
-92.9516117700587,-116.655821053347,117.344659071534
-92.7191240789161,-116.845461276798,117.338678573947
-92.4862554503502,-117.034633533544,117.332698076361
-92.2530068358443,-117.223337070124,117.326717578774
-92.0193791883057,-117.41157113506,117.320737081187
-91.785373462145,-117.599334978799,117.314756583601
-91.5509906131966,-117.786627853772,117.308776086014
-91.3162315987655,-117.973449014356,117.302795588428
-91.0810973776058,-118.159797716895,117.296815090841
-90.8455889099087,-118.345673219703,117.290834593254
-90.6097071573151,-118.531074783061,117.284854095668
-90.3734530829031,-118.716001669218,117.278873598081
-90.136827651167,-118.900453142414,117.272893100494
-89.8998318280641,-119.084428468838,117.266912602908
-89.6624665809341,-119.267926916693,117.260932105321
-89.4247328785717,-119.450947756141,117.254951607734
-89.1866316911799,-119.633490259333,117.248971110148
-88.9481639903657,-119.815553700416,117.242990612561
-88.7093307491448,-119.99713735553,117.237010114975
-88.4701329419545,-120.178240502793,117.231029617388
-88.2305715446065,-120.358862422341,117.225049119801
-87.9906475343433,-120.539002396283,117.219068622215
-87.7503618897565,-120.718659708761,117.213088124628
-87.5097155908599,-120.897833645896,117.207107627041
-87.2687096190342,-121.076523495829,117.201127129455
-87.0273449570481,-121.254728548706,117.195146631868
-86.785622589046,-121.432448096682,117.189166134281
-86.5435435005351,-121.609681433937,117.183185636695
-86.3011086783984,-121.78642785666,117.177205139108
-86.058319110882,-121.962686663059,117.171224641522
-85.8151757875822,-122.138457153374,117.165244143935
-85.5716796994502,-122.313738629868,117.159263646348
-85.3278318388048,-122.488530396821,117.153283148762
-85.083633199303,-122.662831760548,117.147302651175
-84.8390847759261,-122.836642029409,117.141322153588
-84.5941875650112,-123.009960513791,117.135341656002
-84.3489425642376,-123.182786526108,117.129361158415
-84.1033507725885,-123.355119380836,117.123380660828
-83.8574131903894,-123.52695839448,117.117400163242
-83.6111308192964,-123.698302885586,117.111419665655
-83.3645046622646,-123.86915217476,117.105439168069
-83.1175357235533,-124.039505584664,117.099458670482
-82.8702250087655,-124.209362439989,117.093478172895
-82.6225735247822,-124.378722067499,117.087497675309
-82.3745822797843,-124.547583796018,117.081517177722
-82.1262522832577,-124.715946956421,117.075536680135
-81.8775845459797,-124.883810881651,117.069556182549
-81.628580080015,-125.05117490671,117.063575684962
-81.3792398986939,-125.218038368685,117.057595187375
-81.129565016661,-125.384400606707,117.051614689789
-80.8795564497998,-125.550260962003,117.045634192202
-80.6292152152822,-125.715618777863,117.039653694616
-80.3785423315461,-125.880473399656,117.033673197029
-80.1275388182913,-126.04482417483,117.027692699442
-79.8762056964753,-126.208670452915,117.021712201856
-79.6245439882905,-126.372011585536,117.015731704269
-79.3725547172058,-126.534846926388,117.009751206682
-79.1202389079253,-126.697175831263,117.003770709096
-78.8675975863849,-126.858997658047,116.997790211509
-78.6146317797565,-127.020311766722,116.991809713922
-78.3613425164708,-127.181117519349,116.985829216336
-78.1077308261409,-127.341414280115,116.979848718749
-77.8537977396485,-127.50120141528,116.973868221163
-77.5995442890669,-127.660478293223,116.967887723576
-77.3449715076838,-127.819244284431,116.961907225989
-77.0900804300157,-127.977498761484,116.955926728403
-76.8348720917575,-128.135241099091,116.949946230816
-76.5793475298421,-128.29247067405,116.943965733229
-76.3235077823543,-128.449186865301,116.937985235643
-76.0673538886172,-128.605389053874,116.932004738056
-75.8108868891244,-128.761076622928,116.926024240469
-75.5541078255264,-128.91624895776,116.920043742883
-75.2970177407083,-129.070905445757,116.914063245296
-75.0396176786758,-129.225045476465,116.90808274771
-74.7819086846519,-129.37866844153,116.902102250123
-74.5238918049893,-129.531773734749,116.896121752536
-74.265568087231,-129.684360752037,116.89014125495
-74.0069385800598,-129.836428891451,116.884160757363
-73.7480043333303,-129.987977553177,116.878180259776
-73.488766398019,-130.139006139552,116.87219976219
-73.2292258262657,-130.289514055047,116.866219264603
-72.9693836713694,-130.439500706261,116.860238767016
-72.709240987719,-130.588965501969,116.85425826943
-72.448798830872,-130.737907853068,116.848277771843
-72.1880582575044,-130.886327172611,116.842297274257
-71.927020325415,-131.034222875803,116.83631677667
-71.6656860935026,-131.181594380012,116.830336279083
-71.4040566218173,-131.328441104741,116.824355781497
-71.1421329714912,-131.474762471666,116.81837528391
-70.8799162047711,-131.620557904616,116.812394786323
-70.6174073849954,-131.76582682959,116.806414288737
-70.354607576608,-131.910568674742,116.80043379115
-70.0915178451454,-132.054782870394,116.794453293564
-69.8281392572409,-132.19846884903,116.788472795977
-69.5644728805828,-132.34162604532,116.78249229839
-69.3005197839667,-132.484253896087,116.776511800804
-69.0362810372337,-132.626351840348,116.770531303217
-68.7717577113427,-132.767919319267,116.76455080563
-68.5069508782608,-132.908955776216,116.758570308044
-68.2418616110543,-133.049460656729,116.752589810457
-67.9764909838268,-133.18943340853,116.74660931287
-67.7108400717533,-133.328873481516,116.740628815284
-67.4449099510467,-133.467780327776,116.734648317697
-67.1787016989441,-133.606153401595,116.728667820111
-66.9122163937499,-133.743992159434,116.722687322524
-66.6454551148028,-133.881296059944,116.716706824937
-66.3784189424423,-134.018064563986,116.710726327351
-66.1111089580528,-134.154297134603,116.704745829764
-65.8435262440485,-134.289993237034,116.698765332177
-65.5756718838412,-134.425152338723,116.692784834591
-65.3075469618639,-134.559773909312,116.686804337004
-65.0391525635568,-134.693857420646,116.680823839417
-64.7704897753632,-134.827402346774,116.674843341831
-64.5015596847151,-134.960408163954,116.668862844244
-64.2323633800573,-135.092874350645,116.662882346658
-63.9629019508048,-135.224800387526,116.656901849071
-63.6931764873673,-135.356185757481,116.650921351484
-63.423188081144,-135.487029945604,116.644940853898
-63.1529378244814,-135.617332439218,116.638960356311
-62.8824268107355,-135.747092727844,116.632979858724
-62.6116561341908,-135.876310303243,116.626999361138
-62.3406268901129,-136.004984659385,116.621018863551
-62.0693401747351,-136.133115292457,116.615038365964
-61.7977970852343,-136.260701700879,116.609057868378
-61.5259987197259,-136.387743385298,116.603077370791
-61.2539461772796,-136.514239848584,116.597096873205
-60.9816405579043,-136.640190595838,116.591116375618
-60.7090829625442,-136.765595134392,116.585135878031
-60.4362744930639,-136.890452973814,116.579155380445
-60.1632162522835,-137.014763625896,116.573174882858
-59.8899093439053,-137.13852660468,116.567194385271
-59.6163548725778,-137.261741426435,116.561213887685
-59.342553943842,-137.384407609678,116.555233390098
-59.0685076641666,-137.506524675159,116.549252892511
-58.7942171409034,-137.628092145879,116.543272394925
-58.519683482313,-137.749109547078,116.537291897338
-58.2449077975594,-137.86957640624,116.531311399752
-57.9698911966669,-137.989492253108,116.525330902165
-57.6946347905741,-138.108856619663,116.519350404578
-57.4191396910997,-138.227669040134,116.513369906992
-57.1434070109089,-138.345929051019,116.507389409405
-56.8674378635674,-138.463636191055,116.501408911818
-56.5912333634975,-138.58079000124,116.495428414232
-56.3147946259737,-138.697390024833,116.489447916645
-56.0381227671478,-138.813435807343,116.483467419058
-55.7612189040142,-138.928926896544,116.477486921472
-55.4840841544056,-139.043862842476,116.471506423885
-55.2067196370085,-139.158243197439,116.465525926299
-54.929126471358,-139.272067515993,116.459545428712
-54.6513057778137,-139.385335354968,116.453564931125
-54.3732586775452,-139.498046273471,116.447584433539
-54.0949862925871,-139.610199832862,116.441603935952
-53.8164897457645,-139.721795596784,116.435623438365
-53.5377701607385,-139.832833131145,116.429642940779
-53.2588286619516,-139.943312004137,116.423662443192
-52.9796663746929,-140.053231786213,116.417681945605
-52.7002844250237,-140.162592050113,116.411701448019
-52.4206839398126,-140.271392370854,116.405720950432
-52.1408660467214,-140.37963232573,116.399740452846
-51.8608318741996,-140.487311494317,116.393759955259
-51.5805825514807,-140.594429458473,116.387779457672
-51.3001192085771,-140.70098580234,116.381798960086
-51.0194429762752,-140.806980112345,116.375818462499
-50.7385549861416,-140.912411977198,116.369837964912
-50.4574563704774,-141.017280987909,116.363857467326
-50.1761482623745,-141.121586737765,116.357876969739
-49.8946317956704,-141.225328822347,116.351896472152
-49.6129081049638,-141.328506839524,116.345915974566
-49.3309783255696,-141.431120389472,116.339935476979
-49.0488435935749,-141.533169074647,116.333954979393
-48.7665050457938,-141.634652499807,116.327974481806
-48.4839638197828,-141.735570272004,116.321993984219
-48.2012210537963,-141.835922000596,116.316013486633
-47.918277886852,-141.935707297229,116.310032989046
-47.6351354586459,-142.034925775865,116.304052491459
-47.3517949096283,-142.133577052753,116.298071993873
-47.0682573809283,-142.231660746456,116.292091496286
-46.7845240143896,-142.329176477838,116.2861109987
-46.5005959525558,-142.426123870069,116.280130501113
-46.216474338676,-142.522502548625,116.274150003526
-45.9321603166693,-142.618312141294,116.26816950594
-45.6476550311509,-142.713552278173,116.262189008353
-45.3629596274172,-142.808222591669,116.256208510766
-45.0780752514511,-142.902322716497,116.25022801318
-44.7930030498873,-142.995852289693,116.244247515593
-44.5077441700475,-143.0888109506,116.238267018006
-44.2222997599062,-143.181198340879,116.23228652042
-43.9366709680852,-143.273014104514,116.226306022833
-43.6508589438693,-143.3642578878,116.220325525247
-43.3648648372125,-143.454929339348,116.21434502766
-43.0786897986716,-143.545028110099,116.208364530073
-42.7923349794728,-143.634553853307,116.202384032487
-42.5058015314666,-143.723506224552,116.1964035349
-42.219090607133,-143.811884881735,116.190423037313
-41.9322033595769,-143.899689485085,116.184442539727
-41.6451409425235,-143.986919697154,116.17846204214
-41.3579045103133,-144.073575182822,116.172481544553
-41.0704952179081,-144.159655609292,116.166501046967
-40.7829142208551,-144.245160646103,116.16052054938
-40.4951626753235,-144.330089965119,116.154540051794
-40.2072417380585,-144.414443240537,116.148559554207
-39.919152566418,-144.498220148884,116.14257905662
-39.6308963183266,-144.581420369023,116.136598559034
-39.342474152322,-144.664043582143,116.130618061447
-39.0538872274789,-144.746089471779,116.12463756386
-38.7651367034862,-144.827557723791,116.118657066274
-38.4762237405599,-144.908448026387,116.112676568687
-38.1871494995209,-144.9887600701,116.1066960711
-37.8979151417183,-145.068493547812,116.100715573514
-37.6085218290759,-145.147648154737,116.094735075927
-37.3189707240463,-145.226223588437,116.088754578341
-37.0292629896477,-145.304219548808,116.082774080754
-36.7393997894281,-145.381635738094,116.076793583167
-36.4493822874601,-145.458471860881,116.070813085581
-36.1592116483784,-145.534727624094,116.064832587994
-35.8688890373121,-145.610402737009,116.058852090407
-35.5784156199326,-145.685496911246,116.052871592821
-35.2877925624067,-145.760009860773,116.046891095234
-34.9970210314231,-145.833941301904,116.040910597647
-34.7061021941881,-145.907290953301,116.034930100061
-34.4150372183997,-145.980058535976,116.028949602474
-34.1238272722638,-146.052243773289,116.022969104888
-33.8324735244478,-146.123846390957,116.016988607301
-33.5409771441383,-146.194866117044,116.011008109714
-33.2493393010156,-146.265302681961,116.005027612128
-32.9575611651862,-146.335155818488,115.999047114541
-32.6656439072933,-146.404425261742,115.993066616954
-32.3735886983965,-146.473110749207,115.987086119368
-32.0813967100619,-146.541212020714,115.981105621781
-31.7890691142834,-146.608728818457,115.975125124194
-31.4966070835202,-146.675660886984,115.969144626608
-31.2040117906923,-146.7420079732,115.963164129021
-30.9112844091541,-146.80776982637,115.957183631435
-30.6184261126902,-146.87294619812,115.951203133848
-30.3254380755525,-146.93753684243,115.945222636261
-30.032321472403,-147.001541515645,115.939242138675
-29.7390774783087,-147.064959976475,115.933261641088
-29.4457072688005,-147.127791985985,115.927281143501
-29.1522120198152,-147.190037307602,115.921300645915
-28.8585929076703,-147.251695707125,115.915320148328
-28.5648511091325,-147.312766952707,115.909339650741
-28.2709878013291,-147.373250814877,115.903359153155
-27.9770041618375,-147.433147066513,115.897378655568
-27.682901368586,-147.492455482874,115.891398157982
-27.3886805998915,-147.551175841579,115.885417660395
-27.0943430344854,-147.609307922613,115.879437162808
-26.7998898514466,-147.666851508331,115.873456665222
-26.5053222302488,-147.723806383455,115.867476167635
-26.2106413507245,-147.780172335075,115.861495670048
-25.9158483930704,-147.835949152653,115.855515172462
-25.620944537843,-147.891136628018,115.849534674875
-25.3259309659643,-147.94573455537,115.843554177288
-25.0308088586956,-147.99974273128,115.837573679702
-24.7355793976333,-148.053160954693,115.831593182115
-24.4402437647458,-148.105989026921,115.825612684529
-24.1448031423164,-148.158226751651,115.819632186942
-23.8492587129488,-148.209873934946,115.813651689355
-23.5536116595942,-148.260930385236,115.807671191769
-23.2578631655146,-148.311395913331,115.801690694182
-22.9620144142888,-148.36127033241,115.795710196595
-22.6660665898289,-148.410553458029,115.789729699009
-22.3700208763117,-148.459245108122,115.783749201422
-22.0738784582482,-148.507345102995,115.777768703836
-21.7776405204473,-148.55485326533,115.771788206249
-21.4813082479893,-148.601769420189,115.765807708662
-21.1848828262746,-148.648093395004,115.759827211076
-20.8883654409446,-148.693825019595,115.753846713489
-20.5917572779616,-148.738964126148,115.747866215902
-20.2950595235406,-148.783510549235,115.741885718316
-19.9982733641656,-148.827464125803,115.735905220729
-19.7013999865848,-148.870824695179,115.729924723142
-19.404440577806,-148.91359209907,115.723944225556
-19.107396325113,-148.955766181558,115.717963727969
-18.810268415997,-148.997346789111,115.711983230383
-18.5130580382368,-149.038333770572,115.706002732796
-18.21576637982,-149.078726977168,115.700022235209
-17.9183946290014,-149.118526262502,115.694041737623
-17.6209439742244,-149.157731482564,115.688061240036
-17.323415604201,-149.196342495721,115.682080742449
-17.025810707843,-149.234359162722,115.676100244863
-16.728130474279,-149.2717813467,115.670119747276
-16.43037609286,-149.308608913167,115.664139249689
-16.1325487531226,-149.34484173002,115.658158752103
-15.8346496448269,-149.380479667536,115.652178254516
-15.5366799579307,-149.415522598377,115.64619775693
-15.2386408825628,-149.449970397587,115.640217259343
-14.9405336090615,-149.483822942593,115.634236761756
-14.6423593279376,-149.517080113205,115.62825626417
-14.3441192299012,-149.549741791616,115.622275766583
-14.0458145057832,-149.581807862406,115.616295268996
-13.7474463466469,-149.613278212534,115.61031477141
-13.4490159436878,-149.644152731346,115.604334273823
-13.1505244882608,-149.674431310571,115.598353776236
-12.8519731718643,-149.704113844325,115.59237327865
-12.5533631861893,-149.733200229104,115.586392781063
-12.2546957230184,-149.761690363792,115.580412283477
-11.9559719743065,-149.789584149656,115.57443178589
-11.6571931321437,-149.816881490347,115.568451288303
-11.3583603887402,-149.843582291904,115.562470790717
-11.0594749364319,-149.869686462747,115.55649029313
-10.7605379676866,-149.895193913683,115.550509795543
-10.4615506750779,-149.920104557904,115.544529297957
-10.1625142512907,-149.944418310988,115.53854880037
-9.86342988911685,-149.968135090895,115.532568302783
-9.5642987814714,-149.991254817973,115.526587805197
-9.2651221213348,-150.013777414955,115.52060730761
-8.96590110180126,-150.035702806956,115.514626810024
-8.66663691604201,-150.057030921481,115.508646312437
-8.36733075731127,-150.077761688417,115.50266581485
-8.06798381895211,-150.097895040037,115.496685317264
-7.76859729438098,-150.117430910998,115.490704819677
-7.46917237706167,-150.136369238344,115.48472432209
-7.16971026054317,-150.154709961503,115.478743824504
-6.87021213842292,-150.172453022288,115.472763326917
-6.57067920436342,-150.189598364897,115.46678282933
-6.27111265207676,-150.206145935913,115.460802331744
-5.97151367528775,-150.222095684304,115.454821834157
-5.67188346781481,-150.237447561421,115.448841336571
-5.37222322346878,-150.252201521002,115.442860838984
-5.07253413611255,-150.266357519168,115.436880341397
-4.77281739962399,-150.279915514424,115.430899843811
-4.4730742079021,-150.292875467661,115.424919346224
-4.1733057548835,-150.305237342153,115.418938848637
-3.87351323447348,-150.317001103556,115.412958351051
-3.57369784063767,-150.328166719914,115.406977853464
-3.2738607672901,-150.33873416165,115.400997355877
-2.97400320838494,-150.348703401574,115.395016858291
-2.67412635785813,-150.358074414877,115.389036360704
-2.37423140960113,-150.366847179135,115.383055863118
-2.0743195575313,-150.375021674303,115.377075365531
-1.77439199553354,-150.382597882724,115.371094867944
-1.47444991744478,-150.389575789119,115.365114370358
-1.17449451710276,-150.395955380593,115.359133872771
-0.874526988277159,-150.401736646633,115.353153375184
-0.574548524718212,-150.406919579107,115.347172877598
-0.274560320119995,-150.411504172264,115.341192380011
0.0254364318522059,-150.415490422735,115.335211882425
0.325440537631126,-150.418878329532,115.329231384838
0.625450803655478,-150.421667894047,115.323250887251
0.925466036482243,-150.423859120052,115.317270389665
1.22548504269458,-150.425452013698,115.311289892078
1.52550662896052,-150.426446583519,115.305309394491
1.82552960204808,-150.426842840425,115.299328896905
2.12555276878744,-150.426640797705,115.293348399318
2.42557493610756,-150.425840471029,115.287367901731
2.72559491100901,-150.424441878443,115.281387404145
3.0256115006221,-150.422445040371,115.275406906558
3.32562351215807,-150.419849979617,115.269426408972
3.62562975294612,-150.416656721358,115.263445911385
3.92562903041648,-150.412865293151,115.257465413798
4.22562015212677,-150.408475724927,115.251484916212
4.52560192574516,-150.403488048996,115.245504418625
4.82557315906587,-150.39790230004,115.239523921038
5.12553266003531,-150.391718515117,115.233543423452
5.42547923671403,-150.384936733661,115.227562925865
5.725411697292,-150.37755699748,115.221582428278
6.02532885014703,-150.369579350752,115.215601930692
6.32522950376373,-150.361003840034,115.209621433105
6.62511246679178,-150.351830514252,115.203640935519
6.92497654806145,-150.342059424703,115.197660437932
7.22482055654535,-150.33169062506,115.191679940345
7.52464330137387,-150.320724171364,115.185699442759
7.82444359189356,-150.309160122027,115.179718945172
8.12422023757536,-150.296998537833,115.173738447585
8.42397204812643,-150.284239481933,115.167757949999
8.7236978333984,-150.270883019849,115.161777452412
9.02339640344575,-150.256929219472,115.155796954825
9.32306656853051,-150.24237815106,115.149816457239
9.62270713912678,-150.227229887236,115.143835959652
9.92231692587208,-150.211484502994,115.137855462066
10.2218947396577,-150.195142075692,115.131874964479
10.521439391569,-150.178202685055,115.125894466892
10.8209496929119,-150.160666413171,115.119913969306
11.1204244552275,-150.142533344494,115.113933471719
11.4198624902872,-150.123803565841,115.107952974132
11.7192626100856,-150.104477166391,115.101972476546
12.0186236268565,-150.08455423769,115.095991978959
12.3179443530882,-150.06403487364,115.090011481372
12.6172236015068,-150.042919170507,115.084030983786
12.9164601850914,-150.021207226919,115.078050486199
13.2156529171004,-149.998899143861,115.072069988613
13.5148006110331,-149.975995024677,115.066089491026
13.8139020806454,-149.952494975072,115.060108993439
14.1129561399974,-149.928399103107,115.054128495853
14.4119616034038,-149.9037075192,115.048147998266
14.7109172854716,-149.878420336125,115.042167500679
15.0098220010722,-149.852537669014,115.036187003093
15.3086745653888,-149.82605963535,115.030206505506
15.6074737938998,-149.798986354971,115.024226007919
15.9062185023731,-149.77131795007,115.018245510333
16.2049075068807,-149.743054545192,115.012265012746
16.5035396238147,-149.714196267231,115.00628451516
16.8021136698704,-149.684743245436,115.000304017573
17.100628462083,-149.654695611402,114.994323519986
17.399082817768,-149.624053499076,114.9883430224
17.6974755546116,-149.592817044753,114.982362524813
17.995805490611,-149.560986387073,114.976382027226
18.2940714441007,-149.528561667028,114.97040152964
18.5922722337568,-149.495543027952,114.964421032053
18.8904066786232,-149.461930615523,114.958440534466
19.1884735980736,-149.427724577765,114.95246003688
19.4864718118266,-149.392925065048,114.946479539293
19.7844001399934,-149.357532230079,114.940499041707
20.0822574030179,-149.32154622791,114.93451854412
20.3800424217351,-149.284967215934,114.928538046533
20.6777540173542,-149.247795353879,114.922557548947
20.975391011442,-149.21003080382,114.91657705136
21.2729522259808,-149.17167373016,114.910596553773
21.5704364833195,-149.132724299646,114.904616056187
21.8678426061893,-149.09318268136,114.8986355586
22.1651694177402,-149.053049046718,114.892655061013
22.4624157415344,-149.012323569466,114.886674563427
22.7595804014987,-148.971006425691,114.88069406584
23.0566622220132,-148.929097793805,114.874713568254
23.3536600278421,-148.886597854557,114.868733070667
23.6505726442019,-148.843506791019,114.86275257308
23.9473988967025,-148.799824788598,114.856772075494
24.2441376114042,-148.755552035027,114.850791577907
24.5407876147915,-148.710688720366,114.84481108032
24.8373477337979,-148.665235037,114.838830582734
25.1338167957793,-148.619191179641,114.832850085147
25.4301936285715,-148.572557345321,114.826869587561
25.7264770604311,-148.5253337334,114.820889089974
26.0226659200929,-148.477520545556,114.814908592387
26.3187590367434,-148.429117985788,114.808928094801
26.6147552400454,-148.380126260414,114.802947597214
26.9106533601122,-148.330545578074,114.796967099627
27.2064522275637,-148.280376149719,114.790986602041
27.5021506734687,-148.229618188623,114.785006104454
27.7977475294016,-148.178271910369,114.779025606867
28.0932416274262,-148.126337532857,114.773045109281
28.3886318000681,-148.073815276302,114.767064611694
28.6839168804044,-148.020705363224,114.761084114108
28.9790957019729,-147.967008018459,114.755103616521
29.2741670988189,-147.912723469154,114.749123118934
29.5691299055417,-147.857851944753,114.743142621348
29.8639829572153,-147.802393677018,114.737162123761
30.1587250894454,-147.746348900014,114.731181626174
30.4533551383633,-147.68971785011,114.725201128588
30.7478719406517,-147.632500765972,114.719220631001
31.0422743334859,-147.574697888581,114.713240133414
31.3365611546227,-147.516309461205,114.707259635828
31.6307312423417,-147.45733572942,114.701279138241
31.9247834354709,-147.397776941098,114.695298640655
32.2187165733913,-147.337633346407,114.689318143068
32.5125294960412,-147.276905197814,114.683337645481
32.806221043942,-147.215592750073,114.677357147895
33.0997900581501,-147.153696260239,114.671376650308
33.3932353803035,-147.091215987656,114.665396152721
33.6865558526261,-147.028152193958,114.659415655135
33.9797503179008,-146.964505143069,114.653435157548
34.2728176195266,-146.900275101197,114.647454659961
34.5657566014708,-146.835462336841,114.641474162375
34.8585661082834,-146.770067120787,114.635493664788
35.1512449851336,-146.704089726098,114.629513167202
35.4437920777933,-146.637530428123,114.623532669615
35.7362062326203,-146.570389504495,114.617552172028
36.0284862965944,-146.502667235124,114.611571674442
36.3206311173325,-146.434363902194,114.605591176855
36.6126395430405,-146.365479790172,114.599610679268
36.9045104225599,-146.296015185801,114.593630181682
37.1962426053719,-146.225970378092,114.587649684095
37.4878349415812,-146.155345658334,114.581669186508
37.7792862819313,-146.084141320085,114.575688688922
38.0705954778185,-146.012357659171,114.569708191335
38.3617613812658,-145.939994973693,114.563727693749
38.652782844969,-145.867053564011,114.557747196162
38.9436587222798,-145.793533732752,114.551766698575
39.2343878671796,-145.719435784816,114.545786200989
39.5249691343567,-145.644760027351,114.539805703402
39.8154013791479,-145.569506769774,114.533825205815
40.1056834575642,-145.493676323762,114.527844708229
40.3958142262848,-145.417269003252,114.521864210642
40.6857925427132,-145.340285124424,114.515883713055
40.9756172648884,-145.26272500573,114.509903215469
41.265287251562,-145.184588967869,114.503922717882
41.5548013622025,-145.105877333784,114.497942220296
41.8441584569478,-145.026590428679,114.491961722709
42.1333573966516,-144.946728580004,114.485981225122
42.422397042887,-144.866292117451,114.480000727536
42.7112762579205,-144.785281372966,114.474020229949
42.9999939047679,-144.703696680727,114.468039732362
43.2885488471262,-144.621538377169,114.462059234776
43.5769399494611,-144.538806800955,114.456078737189
43.8651660769386,-144.455502292995,114.450098239602
44.1532260954812,-144.371625196431,114.444117742016
44.4411188717415,-144.287175856644,114.438137244429
44.7288432731166,-144.202154621249,114.432156746843
45.0163981677527,-144.116561840095,114.426176249256
45.3037824245497,-144.03039786526,114.420195751669
45.590994913175,-143.943663051048,114.414215254083
45.8780345040484,-143.856357753995,114.408234756496
46.1649000683458,-143.768482332866,114.402254258909
46.4515904780447,-143.680037148638,114.396273761323
46.7381046058671,-143.591022564525,114.390293263736
47.0244413253147,-143.501438945956,114.384312766149
47.3105995107142,-143.411286660571,114.378332268563
47.5965780371292,-143.32056607824,114.372351770976
47.8823757804367,-143.229277571044,114.36637127339
48.1679916173308,-143.137421513271,114.360390775803
48.4534244252665,-143.044998281434,114.354410278216
48.7386730825449,-142.952008254243,114.34842978063
49.0237364682468,-142.858451812627,114.342449283043
49.3086134622874,-142.764329339714,114.336468785456
49.5933029453804,-142.669641220845,114.33048828787
49.8778037990727,-142.57438784356,114.324507790283
50.1621149057586,-142.478569597594,114.318527292697
50.4462351486235,-142.382186874895,114.31254679511
50.7301634117291,-142.285240069594,114.306566297523
51.0138985799369,-142.187729578035,114.300585799937
51.2974395389935,-142.089655798738,114.29460530235
51.5807851754636,-141.991019132429,114.288624804763
51.8639343767854,-141.891819982015,114.282644307177
52.1468860312342,-141.792058752601,114.27666380959
52.4296390279772,-141.691735851465,114.270683312003
52.7121922569971,-141.590851688091,114.264702814417
52.9945446092073,-141.489406674123,114.25872231683
53.2766949763552,-141.387401223399,114.252741819244
53.5586422510772,-141.284835751933,114.246761321657
53.8403853268925,-141.181710677919,114.24078082407
54.1219230982075,-141.078026421723,114.234800326484
54.4032544603302,-140.973783405881,114.228819828897
54.6843783094444,-140.86898205511,114.22283933131
54.9652935426536,-140.763622796287,114.216858833724
55.2459990579456,-140.657706058465,114.210878336137
55.5264937542368,-140.551232272854,114.20489783855
55.8067765313462,-140.444201872832,114.198917340964
56.0868462899995,-140.336615293944,114.192936843377
56.3667019318736,-140.228472973879,114.186956345791
56.646342359531,-140.119775352505,114.180975848204
56.9257664764935,-140.010522871828,114.174995350617
57.2049731872164,-139.900715976011,114.169014853031
57.4839613970636,-139.79035511138,114.163034355444
57.7627300123806,-139.679440726395,114.157053857857
58.0412779404293,-139.567973271674,114.151073360271
58.3196040894425,-139.455953199973,114.145092862684
58.5977073685774,-139.343380966205,114.139112365097
58.8755866879901,-139.230257027408,114.133131867511
59.15324095878,-139.116581842764,114.127151369924
59.4306690930036,-139.002355873602,114.121170872338
59.7078700037087,-138.887579583373,114.115190374751
59.9848426048991,-138.772253437671,114.109209877164
60.2615858115679,-138.656377904219,114.103229379578
60.5380985397022,-138.539953452862,114.097248881991
60.8143797062673,-138.422980555577,114.091268384404
61.0904282292205,-138.305459686465,114.085287886818
61.3662430275057,-138.187391321755,114.079307389231
61.6418230210869,-138.068775939786,114.073326891644
61.917167130923,-137.949614021022,114.067346394058
62.1922742789715,-137.829906048044,114.061365896471
62.4671433882227,-137.709652505543,114.055385398885
62.7417733826837,-137.588853880317,114.049404901298
63.0161631873433,-137.467510661293,114.043424403711
63.2903117282747,-137.34562333948,114.037443906125
63.564217932531,-137.223192408013,114.031463408538
63.8378807282282,-137.100218362118,114.025482910951
64.11129904451,-136.976701699123,114.019502413365
64.3844718115617,-136.852642918459,114.013521915778
64.6573979606042,-136.728042521654,114.007541418191
64.9300764239281,-136.602901012324,114.001560920605
65.2025061348677,-136.477218896179,113.995580423018
65.4746860278153,-136.350996681021,113.989599925432
65.7466150382152,-136.224234876741,113.983619427845
66.0182921025974,-136.096933995309,113.977638930258
66.289716158552,-135.96909455078,113.971658432672
66.5608861447338,-135.840717059296,113.965677935085
66.8318010008947,-135.711802039066,113.959697437498
67.1024596678594,-135.582350010381,113.953716939912
67.3728610875289,-135.452361495611,113.947736442325
67.6430042029044,-135.32183701919,113.941755944738
67.9128879581004,-135.190777107614,113.935775447152
68.1825112982816,-135.059182289469,113.929794949565
68.451873169763,-134.927053095381,113.923814451979
68.7209725199373,-134.794390058052,113.917833954392
68.9898082973265,-134.661193712235,113.911853456805
69.2583794515478,-134.527464594749,113.905872959219
69.5266849333462,-134.393203244464,113.899892461632
69.7947236945892,-134.258410202302,113.893911964045
70.0624946882798,-134.12308601123,113.887931466459
70.329996868523,-133.987231216279,113.881950968872
70.5972291905862,-133.850846364509,113.875970471285
70.8641906108659,-133.713932005028,113.869989973699
71.1308800869006,-133.576488688986,113.864009476112
71.3972965773747,-133.438516969569,113.858028978526
71.6634390421229,-133.300017402001,113.852048480939
71.9293064421244,-133.160990543543,113.846067983352
72.1948977395258,-133.021436953482,113.840087485766
72.4602118976545,-132.881357193123,113.834106988179
72.7252478809564,-132.740751825824,113.828126490592
72.9900046550947,-132.599621416938,113.822145993006
73.2544811868774,-132.457966533857,113.816165495419
73.5186764443001,-132.315787745986,113.810184997833
73.7825893965396,-132.173085624745,113.804204500246
74.0462190139582,-132.029860743568,113.798224002659
74.3095642681073,-131.886113677899,113.792243505073
74.5726241317224,-131.741845005199,113.786263007486
74.8353975787641,-131.597055304916,113.780282509899
75.0978835843472,-131.45174515853,113.774302012313
75.3600811248379,-131.305915149493,113.768321514726
75.6219891777929,-131.159565863268,113.762341017139
75.8836067219716,-131.012697887319,113.756360519553
76.1449327373502,-130.865311811103,113.750380021966
76.4059662051533,-130.717408226052,113.74439952438
76.6667061077921,-130.568987725608,113.738419026793
76.9271514289338,-130.420050905181,113.732438529206
77.1873011534683,-130.27059836217,113.72645803162
77.4471542675119,-130.120630695961,113.720477534033
77.7067097584387,-129.970148507906,113.714497036446
77.965966614848,-129.819152401343,113.70851653886
78.2249238265859,-129.667642981583,113.702536041273
78.4835803847775,-129.515620855891,113.696555543686
78.7419352817656,-129.36308663352,113.6905750461
78.9999875111884,-129.210040925668,113.684594548513
79.2577360679007,-129.056484345519,113.678614050927
79.5151799480691,-128.902417508193,113.67263355334
79.7723181491028,-128.747841030781,113.666653055753
80.029149669694,-128.592755532323,113.660672558167
80.2856735098121,-128.43716163381,113.65469206058
80.5418886707082,-128.281059958182,113.648711562993
80.797794154909,-128.124451130332,113.642731065407
81.0533889662482,-127.967335777084,113.63675056782
81.308672109834,-127.809714527213,113.630770070233
81.56364259208,-127.651588011428,113.624789572647
81.8182994206995,-127.492956862374,113.61880907506
82.0726416047011,-127.333821714631,113.612828577474
82.3266681544275,-127.174183204694,113.606848079887
82.5803780814876,-127.014041971014,113.6008675823
82.8337703988504,-126.853398653937,113.594887084714
83.0868441207675,-126.692253895753,113.588906587127
83.3395982628487,-126.530608340649,113.58292608954
83.5920318419942,-126.36846263475,113.576945591954
83.8441438764605,-126.205817426078,113.570965094367
84.0959333858197,-126.042673364577,113.56498459678
84.3473993909812,-125.879031102097,113.559004099194
84.5985409142217,-125.714891292379,113.553023601607
84.849356979127,-125.550254591085,113.547043104021
85.0998466106575,-125.385121655763,113.541062606434
85.3500088351075,-125.219493145867,113.535082108847
85.5998426801358,-125.053369722738,113.529101611261
85.8493471747603,-124.886752049611,113.523121113674
86.0985213493613,-124.719640791606,113.517140616087
86.3473642356769,-124.552036615736,113.511160118501
86.5958748668239,-124.383940190889,113.505179620914
86.8440522772929,-124.215352187834,113.499199123327
87.0918955029512,-124.046273279216,113.493218625741
87.3394035810384,-123.876704139559,113.487238128154
87.5865755501876,-123.706645445253,113.481257630568
87.8334104504283,-123.536097874549,113.475277132981
88.0799073231553,-123.365062107583,113.469296635394
88.3260652111853,-123.193538826333,113.463316137808
88.5718831587245,-123.021528714643,113.457335640221
88.8173602113641,-122.849032458227,113.451355142634
89.0624954161277,-122.676050744632,113.445374645048
89.3072878214394,-122.502584263264,113.439394147461
89.5517364771277,-122.328633705381,113.433413649874
89.795840434455,-122.154199764073,113.427433152288
90.0395987460778,-121.979283134293,113.421452654701
90.2830104661023,-121.803884512812,113.415472157115
90.5260746500447,-121.628004598249,113.409491659528
90.7687903548602,-121.451644091052,113.403511161941
91.0111566389387,-121.274803693496,113.397530664355
91.2531725621074,-121.097484109685,113.391550166768
91.4948371856264,-120.919686045554,113.385569669181
91.7361495722091,-120.741410208849,113.379589171595
91.9771087860086,-120.562657309145,113.373608674008
92.2177138926467,-120.383428057815,113.367628176422
92.4579639591834,-120.20372316806,113.361647678835
92.6978580541546,-120.023543354876,113.355667181248
92.9373952475325,-119.842889335083,113.349686683662
93.1765746107721,-119.661761827293,113.343706186075
93.4153952167974,-119.480161551917,113.337725688488
93.6538561400049,-119.298089231162,113.331745190902
93.8919564562588,-119.115545589037,113.325764693315
94.1296952429194,-118.932531351327,113.319784195728
94.3670715788044,-118.749047245626,113.313803698142
94.6040845442516,-118.565094001285,113.307823200555
94.8407332210465,-118.38067234947,113.301842702969
95.077016692501,-118.195783023098,113.295862205382
95.3129340434153,-118.01042675687,113.289881707795
95.5484843600811,-117.824604287265,113.283901210209
95.78366673031,-117.638316352517,113.277920712622
96.0184802433951,-117.451563692646,113.271940215035
96.2529239901564,-117.264347049424,113.265959717449
96.4869970629272,-117.076667166379,113.259979219862
96.720698555566,-116.888524788793,113.253998722275
96.9540275634179,-116.699920663726,113.248018224689
97.1869831833933,-116.510855539954,113.242037727102
97.4195645139044,-116.321330168024,113.236057229516
97.6517706548935,-116.131345300223,113.230076731929
97.8836007078447,-115.940901690574,113.224096234342
98.115053775779,-115.75000009484,113.218115736756
98.3461289632492,-115.558641270522,113.212135239169
98.5768253763679,-115.36682597684,113.206154741582
98.8071421227701,-115.174554974763,113.200174243996
99.0370783116571,-114.981829026972,113.194193746409
99.2666330537915,-114.788648897861,113.188213248822
99.4958054614685,-114.595015353567,113.182232751236
99.7245946485591,-114.400929161924,113.176252253649
99.9529997305058,-114.206391092475,113.170271756063
100.181019824293,-114.011401916492,113.164291258476
100.4086540485,-113.815962406931,113.158310760889
100.635901523253,-113.620073338472,113.152330263303
100.862761370272,-113.42373548748,113.146349765716
101.089232712865,-113.226949632011,113.140369268129
101.315314675904,-113.029716551824,113.134388770543
101.54100638585,-112.832037028373,113.128408272956
101.766306970759,-112.633911844787,113.122427775369
101.991215560281,-112.435341785879,113.116447277783
102.215731285652,-112.23632763815,113.110466780196
102.439853279715,-112.036870189769,113.10448628261
102.663580676908,-111.836970230587,113.098505785023
102.886912613289,-111.636628552109,113.092525287436
103.109848226501,-111.435845947529,113.08654478985
103.332386655814,-111.23462321169,113.080564292263
103.55452704212,-111.032961141088,113.074583794676
103.776268527907,-110.830860533897,113.06860329709
103.997610257298,-110.628322189929,113.062622799503
104.21855137604,-110.425346910648,113.056642301916
104.439091031501,-110.221935499171,113.05066180433
104.659228372677,-110.018088760258,113.044681306743
104.878962550223,-109.813807500288,113.038700809157
105.09829271639,-109.609092527312,113.03272031157
105.317218025101,-109.403944650987,113.026739813983
105.535737631906,-109.198364682612,113.020759316397
105.753850694017,-108.992353435101,113.01477881881
105.971556370261,-108.785911723018,113.008798321223
106.188853821153,-108.579040362518,113.002817823637
106.405742208851,-108.371740171382,112.99683732605
106.622220697165,-108.164011969008,112.990856828463
106.838288451575,-107.955856576399,112.984876330877
107.053944639216,-107.74727481617,112.97889583329
107.269188428892,-107.538267512541,112.972915335704
107.484018991091,-107.328835491313,112.966934838117
107.69843549796,-107.118979579901,112.96095434053
107.912437123323,-106.908700607313,112.954973842944
108.126023042698,-106.697999404127,112.948993345357
108.339192433255,-106.486876802542,112.94301284777
108.551944473888,-106.275333636298,112.937032350184
108.764278345156,-106.063370740739,112.931051852597
108.976193229303,-105.850988952789,112.925071355011
109.187688310297,-105.638189110916,112.919090857424
109.398762773765,-105.424972055194,112.913110359837
109.609415807073,-105.211338627224,112.907129862251
109.819646599254,-104.997289670206,112.901149364664
110.029454341081,-104.782826028859,112.895168867077
110.238838225011,-104.56794854949,112.889188369491
110.447797445217,-104.352658079947,112.883207871904
110.656331197612,-104.136955469602,112.877227374317
110.864438679788,-103.920841569413,112.871246876731
111.072119091081,-103.704317231852,112.865266379144
111.279371632552,-103.48738331093,112.859285881558
111.486195506987,-103.270040662189,112.853305383971
111.692589918896,-103.052290142712,112.847324886384
111.898554074526,-102.834132611098,112.841344388798
112.104087181849,-102.615568927487,112.835363891211
112.309188450594,-102.396599953512,112.829383393624
112.513857092211,-102.177226552348,112.823402896038
112.718092319923,-101.957449588649,112.817422398451
112.921893348662,-101.737269928619,112.811441900864
113.125259395133,-101.516688439942,112.805461403278
113.328189677802,-101.295705991795,112.799480905691
113.530683416866,-101.074323454878,112.793500408105
113.732739834296,-100.852541701371,112.787519910518
113.934358153818,-100.63036160495,112.781539412931
114.135537600927,-100.407784040772,112.775558915345
114.336277402886,-100.184809885476,112.769578417758
114.536576788713,-99.9614400172001,112.763597920171
114.73643498922,-99.7376753155317,112.757617422585
114.935851236971,-99.513516661557,112.751636924998
115.134824766332,-99.2889649378067,112.745656427411
115.333354813425,-99.0640210283014,112.739675929825
115.531440616179,-98.8386858184995,112.733695432238
115.729081414287,-98.612960195342,112.727714934652
115.926276449246,-98.3868450472086,112.721734437065
116.123024964342,-98.16034126393,112.715753939478
116.319326204652,-97.9334497367922,112.709773441892
116.515179417046,-97.7061713585257,112.703792944305
116.710583850203,-97.4785070232925,112.697812446718
116.905538754598,-97.2504576266992,112.691831949132
117.100043382517,-97.0220240657774,112.685851451545
117.294096988046,-96.7932072389959,112.679870953958
117.487698827091,-96.5640080462407,112.673890456372
117.680848157362,-96.3344273888279,112.667909958785
117.873544238386,-96.1044661694919,112.661929461199
118.065786331521,-95.8741252923645,112.655948963612
118.257573699927,-95.6434056630137,112.649968466025
118.448905608594,-95.412308188406,112.643987968439
118.639781324353,-95.1808337768946,112.638007470852
118.830200115842,-94.9489833382573,112.632026973265
119.020161253545,-94.7167577836512,112.626046475679
119.20966400978,-94.4841580256254,112.620065978092
119.398707658697,-94.2511849781263,112.614085480505
119.587291476283,-94.0178395564845,112.608104982919
119.775414740368,-93.7841226774121,112.602124485332
119.963076730641,-93.5500352589813,112.596143987746
120.150276728618,-93.3155782206634,112.590163490159
120.337014017676,-93.0807524832823,112.584182992572
120.523287883047,-92.8455589690282,112.578202494986
120.709097611803,-92.6099986014706,112.572221997399
120.894442492888,-92.3740723055203,112.566241499812
121.079321817099,-92.1377810074515,112.560261002226
121.263734877109,-91.9011256348722,112.554280504639
121.447680967435,-91.6641071167635,112.548300007052
121.631159384469,-91.4267263834412,112.542319509466
121.814169426481,-91.1889843665523,112.536339011879
121.996710393611,-90.9508819990794,112.530358514293
122.178781587863,-90.7124202153548,112.524378016706
122.360382313138,-90.4735999510128,112.518397519119
122.541511875196,-90.2344221430384,112.512417021533
122.722169581695,-89.9948877297197,112.506436523946
122.902354742169,-89.7549976506706,112.500456026359
123.082066668041,-89.514752846818,112.494475528773
123.261304672636,-89.2741542603802,112.488495031186
123.440068071153,-89.0332028349076,112.482514533599
123.618356180697,-88.7918995152344,112.476534036013
123.796168320259,-88.5502452475102,112.470553538426
123.973503810748,-88.3082409791521,112.46457304084
124.150361974962,-88.0658876588848,112.458592543253
124.326742137604,-87.8231862367191,112.452612045666
124.502643625284,-87.5801376639486,112.44663154808
124.678065766526,-87.3367428931362,112.440651050493
124.853007891761,-87.0930028781283,112.434670552906
125.027469333332,-86.8489185740422,112.42869005532
125.201449425507,-86.6044909372533,112.422709557733
125.374947504471,-86.3597209253998,112.416729060146
125.547962908311,-86.1146094974061,112.41074856256
125.720494977069,-85.869157613407,112.404768064973
125.892543052683,-85.6233662348335,112.398787567387
126.06410647904,-85.3772363243284,112.3928070698
126.235184601943,-85.1307688458049,112.386826572213
126.405776769142,-84.8839647643891,112.380846074627
126.575882330308,-84.6368250464697,112.37486557704
126.745500637051,-84.3893506596586,112.368885079453
126.914631042935,-84.1415425727773,112.362904581867
127.083272903447,-83.8934017558988,112.35692408428
127.251425576023,-83.6449291803071,112.350943586694
127.419088420054,-83.3961258184936,112.344963089107
127.58626079687,-83.1469926441707,112.33898259152
127.75294206976,-82.8975306322505,112.333002093934
127.919131603959,-82.6477407588584,112.327021596347
128.084828766651,-82.3976240013296,112.32104109876
128.250032926998,-82.1471813381684,112.315060601174
128.414743456099,-81.8964137490994,112.309080103587
128.578959727036,-81.6453222150081,112.303099606
128.742681114837,-81.3939077179924,112.297119108414
128.905906996501,-81.1421712413217,112.291138610827
129.068636751001,-80.8901137694333,112.285158113241
129.230869759271,-80.6377362879553,112.279177615654
129.392605404233,-80.3850397836577,112.273197118067
129.553843070773,-80.1320252444931,112.267216620481
129.714582145753,-79.8786936595756,112.261236122894
129.874822018011,-79.6250460191852,112.255255625307
130.03456207838,-79.3710833147273,112.249275127721
130.193801719667,-79.1168065387746,112.243294630134
130.35254033666,-78.8622166850541,112.237314132547
130.510777326148,-78.6073147484062,112.231333634961
130.66851208689,-78.3521017248452,112.225353137374
130.825744019665,-78.0965786114718,112.219372639788
130.982472527221,-77.8407464065533,112.213392142201
131.138697014304,-77.5846061094815,112.207411644614
131.294416887674,-77.3281587207415,112.201431147028
131.449631556075,-77.0714052419634,112.195450649441
131.604340430269,-76.8143466758618,112.189470151854
131.758542923,-76.5569840262979,112.183489654268
131.91223844904,-76.2993182982003,112.177509156681
132.065426425153,-76.0413504976264,112.171528659094
132.218106270126,-75.7830816317118,112.165548161508
132.370277404749,-75.5245127086941,112.159567663921
132.521939251836,-75.2656447378903,112.153587166335
132.673091236196,-75.0064787297301,112.147606668748
132.823732784687,-74.747015695677,112.141626171161
132.97386332616,-74.487256648318,112.135645673575
133.123482291502,-74.2272026012845,112.129665175988
133.272589113626,-73.9668545692759,112.123684678401
133.421183227459,-73.7062135680754,112.117704180815
133.569264069963,-73.4452806145168,112.111723683228
133.71683108014,-73.1840567264711,112.105743185641
133.863883699005,-72.92254292289,112.099762688055
134.010421369617,-72.6607402237638,112.093782190468
134.156443537073,-72.3986496501173,112.087801692882
134.301949648496,-72.1362722240342,112.081821195295
134.446939153063,-71.8736089686151,112.075840697708
134.591411501987,-71.6106609079922,112.069860200122
134.735366148513,-71.347429067354,112.063879702535
134.87880254795,-71.0839144728744,112.057899204948
135.021720157644,-70.8201181517658,112.051918707362
135.164118436989,-70.5560411322558,112.045938209775
135.305996847426,-70.2916844435932,112.039957712188
135.447354852462,-70.0270491160048,112.033977214602
135.588191917644,-69.7621361807494,112.027996717015
135.72850751058,-69.4969466700749,112.022016219429
135.868301100942,-69.2314816172146,112.016035721842
136.007572160455,-68.9657420564017,112.010055224255
136.146320162906,-68.6997290228563,112.004074726669
136.284544584152,-68.433443552771,111.998094229082
136.422244902097,-68.1668866833458,111.992113731495
136.559420596735,-67.900059452716,111.986133233909
136.696071150116,-67.6329629000062,111.980152736322
136.832196046357,-67.3655980653168,111.974172238735
136.967794771657,-67.0979659896902,111.968191741149
137.102866814287,-66.8300677151264,111.962211243562
137.237411664582,-66.5619042846082,111.956230745976
137.371428814971,-66.2934767420284,111.950250248389
137.504917759949,-66.0247861322542,111.944269750802
137.6378779961,-65.7558335010744,111.938289253216
137.770309022087,-65.4866198952239,111.932308755629
137.902210338656,-65.2171463623708,111.926328258042
138.03358144864,-64.9474139511109,111.920347760456
138.164421856954,-64.6774237109748,111.914367262869
138.294731070615,-64.4071766923833,111.908386765283
138.424508598724,-64.1366739466927,111.902406267696
138.553753952467,-63.8659165261811,111.896425770109
138.682466645131,-63.5949054840241,111.890445272523
138.810646192105,-63.3236418742812,111.884464774936
138.93829211086,-63.0521267519501,111.878484277349
139.065403920978,-62.7803611728942,111.872503779763
139.191981144137,-62.5083461938775,111.866523282176
139.318023304118,-62.2360828725505,111.860542784589
139.443529926807,-61.9635722674362,111.854562287003
139.568500540191,-61.6908154379556,111.848581789416
139.692934674365,-61.4178134443938,111.84260129183
139.816831861537,-61.1445673478957,111.836620794243
139.940191636022,-60.8710782104817,111.830640296656
140.063013534241,-60.5973470950435,111.82465979907
140.185297094736,-60.32337506531,111.818679301483
140.30704185816,-60.049163185873,111.812698803896
140.428247367284,-59.7747125221729,111.80671830631
140.548913166992,-59.5000241404947,111.800737808723
140.669038804292,-59.2250991079636,111.794757311136
140.788623828312,-58.9499384925306,111.78877681355
140.907667790297,-58.674543362999,111.782796315963
141.026170243619,-58.398914788989,111.776815818377
141.144130743773,-58.1230538409447,111.77083532079
141.261548848388,-57.8469615901188,111.764854823203
141.37842411721,-57.5706391085992,111.758874325617
141.494756112126,-57.2940874692541,111.75289382803
141.610544397137,-57.0173077458083,111.746913330443
141.725788538395,-56.7403010127283,111.740932832857
141.840488104171,-56.463068345329,111.73495233527
141.954642664879,-56.1856108196886,111.728971837683
142.068251793068,-55.9079295126845,111.722991340097
142.181315063422,-55.6300255019794,111.71701084251
142.293832052767,-55.3518998660167,111.711030344924
142.405802340068,-55.0735536840166,111.705049847337
142.517225506432,-54.7949880359712,111.69906934975
142.628101135109,-54.5162040026409,111.693088852164
142.738428811494,-54.23720266555,111.687108354577
142.848208123128,-53.9579851069819,111.68112785699
142.957438659704,-53.6785524099653,111.675147359404
143.066120013049,-53.3989056583103,111.669166861817
143.174251777158,-53.119045936533,111.66318636423
143.281833548165,-52.8389743299224,111.657205866644
143.388864924361,-52.5586919244954,111.651225369057
143.495345506193,-52.2781998069925,111.645244871471
143.601274896255,-51.9974990649042,111.639264373884
143.706652699305,-51.716590786436,111.633283876297
143.811478522254,-51.4354760605144,111.627303378711
143.915751974178,-51.1541559767723,111.621322881124
144.019472666305,-50.8726316255755,111.615342383537
144.122640212028,-50.5909040979875,111.609361885951
144.225254226908,-50.3089744857653,111.603381388364
144.327314328659,-50.0268438813862,111.597400890777
144.428820137165,-49.7445133780121,111.591420393191
144.529771274482,-49.4619840694855,111.585439895604
144.630167364824,-49.1792570503563,111.579459398018
144.730008034577,-48.896333415846,111.573478900431
144.829292912301,-48.613214261844,111.567498402844
144.92802162872,-48.329900684934,111.561517905258
145.026193816729,-48.0463937823687,111.555537407671
145.123809111409,-47.7626946520352,111.549556910084
145.220867150005,-47.4788043925016,111.543576412498
145.317367571933,-47.1947241030134,111.537595914911
145.413310018799,-46.9104548834265,111.531615417324
145.508694134376,-46.6259978342757,111.525634919738
145.603519564617,-46.3413540567391,111.519654422151
145.697785957663,-46.0565246526029,111.513673924565
145.791492963827,-45.7715107243192,111.507693426978
145.884640235605,-45.4863133749704,111.501712929391
145.977227427685,-45.2009337082337,111.495732431805
146.069254196926,-44.91537282845,111.489751934218
146.160720202387,-44.6296318405357,111.483771436631
146.251625105294,-44.3437118500723,111.477790939045
146.341968569084,-44.0576139631879,111.471810441458
146.431750259362,-43.7713392866668,111.465829943871
146.520969843934,-43.484888927862,111.459849446285
146.609626992792,-43.1982639947435,111.453868948698
146.697721378122,-42.9114655958515,111.447888451112
146.7852526743,-42.6244948403341,111.441907953525
146.872220557897,-42.3373528379013,111.435927455938
146.958624707674,-42.0500406988727,111.429946958352
147.044464804597,-41.7625595341003,111.423966460765
147.12974053182,-41.4749104550367,111.417985963178
147.214451574697,-41.1870945736897,111.412005465592
147.29859762078,-40.8991130026277,111.406024968005
147.38217835982,-40.610966854976,111.400044470419
147.465193483769,-40.3226572444119,111.394063972832
147.547642686778,-40.0341852851711,111.388083475245
147.629525665203,-39.7455520920118,111.382102977659
147.710842117598,-39.4567587802524,111.376122480072
147.791591744726,-39.1678064657353,111.370141982485
147.871774249557,-38.8786962648127,111.364161484899
147.951389337254,-38.589429294415,111.358180987312
148.030436715198,-38.3000066719526,111.352200489725
148.108916092976,-38.0104295153528,111.346219992139
148.186827182375,-37.7206989430876,111.340239494552
148.264169697399,-37.4308160741062,111.334258996966
148.340943354258,-37.1407820278828,111.328278499379
148.417147871377,-36.8505979243703,111.322298001792
148.492782969387,-36.5602648840276,111.316317504206
148.567848371133,-36.2697840278155,111.310337006619
148.642343801673,-35.9791564771705,111.304356509032
148.716268988279,-35.688383354012,111.298376011446
148.78962366044,-35.397465780726,111.292395513859
148.862407549854,-35.1064048802046,111.286415016272
148.934620390438,-34.8152017757874,111.280434518686
149.006261918332,-34.5238575912577,111.274454021099
149.077331871881,-34.2323734509122,111.268473523513
149.147829991662,-33.9407504794509,111.262493025926
149.217756020461,-33.6489898020568,111.256512528339
149.287109703289,-33.3570925443498,111.250532030753
149.355890787374,-33.0650598323928,111.244551533166
149.424099022169,-32.7728927926869,111.238571035579
149.491734159344,-32.4805925521781,111.232590537993
149.558795952794,-32.1881602382314,111.226610040406
149.625284158642,-31.8955969786266,111.220629542819
149.691198535226,-31.6029039015856,111.214649045233
149.756538843114,-31.3100821357362,111.208668547646
149.821304845097,-31.017132810129,111.20268805006
149.885496306197,-30.7240570541902,111.196707552473
149.949112993651,-30.4308559978031,111.190727054886
150.012154676937,-30.1375307711963,111.1847465573
150.074621127752,-29.8440825050248,111.178766059713
150.136512120022,-29.5505123303236,111.172785562126
150.197827429904,-29.2568213785238,111.16680506454
150.258566835784,-28.9630107814164,111.160824566953
150.318730118279,-28.6690816711803,111.154844069366
150.378317060232,-28.3750351803883,111.14886357178
150.437327446724,-28.0808724419384,111.142883074193
150.495761065065,-27.7865945891247,111.136902576607
150.553617704793,-27.4922027556006,111.13092207902
150.610897157683,-27.1976980753637,111.124941581433
150.667599217746,-26.9030816827513,111.118961083847
150.723723681223,-26.6083547124686,111.11298058626
150.779270346586,-26.3135182995624,111.107000088673
150.834239014553,-26.0185735793845,111.101019591087
150.888629488064,-25.7235216876735,111.0950390935
150.942441572305,-25.4283637604428,111.089058595913
150.995675074694,-25.1331009340622,111.083078098327
151.048329804886,-24.8377343452103,111.07709760074
151.100405574774,-24.5422651308918,111.071117103154
151.151902198488,-24.2466944284011,111.065136605567
151.202819492398,-23.9510233753601,111.05915610798
151.253157275108,-23.6552531096933,111.053175610394
151.302915367468,-23.35938476959,111.047195112807
151.352093592561,-23.0634194935873,111.04121461522
151.400691775716,-22.7673584204459,111.035234117634
151.448709744495,-22.4712026892759,111.029253620047
151.496147328706,-22.1749534394243,111.02327312246
151.543004360395,-21.8786118105353,111.017292624874
151.589280673853,-21.5821789425026,111.011312127287
151.634976105609,-21.2856559755192,111.005331629701
151.680090494437,-20.9890440499973,110.999351132114
151.724623681351,-20.6923443066501,110.993370634527
151.768575509608,-20.3955578864231,110.987390136941
151.811945824711,-20.0986859304998,110.981409639354
151.854734474403,-19.801729580341,110.975429141767
151.896941308673,-19.5046899776155,110.969448644181
151.938566179753,-19.2075682642494,110.963468146594
151.979608942118,-18.9103655823897,110.957487649008
152.020069452491,-18.6130830744103,110.951507151421
152.059947569837,-18.3157218829187,110.945526653834
152.099243155368,-18.0182831507191,110.939546156248
152.137956072538,-17.7207680208618,110.933565658661
152.176086187053,-17.4231776365742,110.927585161074
152.21363336686,-17.1255131412995,110.921604663488
152.250597482152,-16.8277756786923,110.915624165901
152.28697840537,-16.5299663926034,110.909643668314
152.322776011204,-16.2320864270428,110.903663170728
152.357990176584,-15.9341369262624,110.897682673141
152.392620780694,-15.6361190346423,110.891702175555
152.42666770496,-15.3380338967849,110.885721677968
152.460130833059,-15.0398826574448,110.879741180381
152.493010050915,-14.7416664615357,110.873760682795
152.525305246697,-14.443386454158,110.867780185208
152.557016310825,-14.1450437805732,110.861799687621
152.588143135964,-13.8466395861882,110.855819190035
152.618685617031,-13.5481750165623,110.849838692448
152.648643651188,-13.2496512174019,110.843858194861
152.678017137846,-12.9510693345681,110.837877697275
152.706805978666,-12.6524305140493,110.831897199688
152.735010077557,-12.353735901969,110.825916702102
152.762629340674,-12.054986644591,110.819936204515
152.789663676425,-11.7561838882939,110.813955706928
152.816112995464,-11.4573287795777,110.807975209342
152.841977210696,-11.1584224650589,110.801994711755
152.867256237272,-10.8594660914883,110.796014214168
152.891949992595,-10.5604608056918,110.790033716582
152.916058396317,-10.2614077546099,110.784053218995
152.939581370335,-9.96230808530369,110.778072721408
152.962518838801,-9.6631629448857,110.772092223822
152.984870728113,-9.36397348060213,110.766111726235
153.006636966916,-9.06474083976335,110.760131228649
153.027817486109,-8.76546616977214,110.754150731062
153.048412218838,-8.46615061808639,110.748170233475
153.068421100497,-8.16679533225859,110.742189735889
153.08784406873,-7.86740145989853,110.736209238302
153.10668106343,-7.56797014869076,110.730228740715
153.12493202674,-7.26850254636833,110.724248243129
153.14259690305,-6.96899980073032,110.718267745542
153.159675639001,-6.66946305960436,110.712287247955
153.176168183482,-6.36989347088642,110.706306750369
153.192074487629,-6.07029218251423,110.700326252782
153.207394504831,-5.77066034244088,110.694345755196
153.22212819072,-5.47099909868554,110.688365257609
153.236275503182,-5.17130959926297,110.682384760022
153.249836402347,-4.87159299223416,110.676404262436
153.262810850595,-4.57185042567978,110.670423764849
153.275198812556,-4.27208304767412,110.664443267262
153.287000255104,-3.97229200632434,110.658462769676
153.298215147363,-3.6724784497441,110.652482272089
153.308843460706,-3.37264352603852,110.646501774502
153.318885168751,-3.07278838329948,110.640521276916
153.328340247366,-2.772914169656,110.634540779329
153.337208674662,-2.47302203317152,110.628560281743
153.345490431002,-2.1731131219378,110.622579784156
153.353185498992,-1.873188584005,110.616599286569
153.360293863486,-1.57324956739902,110.610618788983
153.366815511585,-1.27329722011729,110.604638291396
153.372750432634,-0.97333269014617,110.598657793809
153.378098618227,-0.673357125401825,110.592677296223
153.382860062201,-0.373371673769743,110.586696798636
153.387034760639,-0.0733774831109556,110.580716301049
153.390622711869,0.226624298785738,110.574735803463
153.393623916466,0.526632524186294,110.568755305876
153.396038377247,0.826646045416287,110.56277480829
153.397866099273,1.12666371485371,110.556794310703
153.399107089852,1.42668438495571,110.550813813116
153.399761358534,1.72670690822993,110.54483331553
153.39982891711,2.02673013730456,110.538852817943
153.399309779619,2.32675292484522,110.532872320356
153.398203962339,2.62677412362509,110.52689182277
153.396511483792,2.92679258649621,110.520911325183
153.394232364742,3.22680716642693,110.514930827596
153.391366628193,3.52681671645144,110.50895033001
153.387914299393,3.82682008972897,110.502969832423
153.38387540583,4.12681613952605,110.496989334837
153.379249977232,4.42680371922118,110.49100883725
153.374038045567,4.72678168228714,110.485028339663
153.368239645044,5.0267488823501,110.479047842077
153.361854812111,5.32670417312835,110.47306734449
153.354883585455,5.62664640850224,110.467086846903
153.347326006002,5.92657444246409,110.461106349317
153.339182116914,6.22648712915501,110.45512585173
153.330451963595,6.52638332284776,110.449145354143
153.321135593681,6.82626187796168,110.443164856557
153.31123305705,7.12612164908929,110.43718435897
153.300744405812,7.42596149094572,110.431203861384
153.289669694316,7.72578025843878,110.425223363797
153.278008979145,8.02557680660768,110.41924286621
153.265762319117,8.32534999068198,110.413262368624
153.252929775285,8.62509866607525,110.407281871037
153.239511410935,8.92482168833459,110.40130137345
153.225507291587,9.22451791324322,110.395320875864
153.210917484996,9.52418619671594,110.389340378277
153.195742061143,9.82382539491229,110.383359880691
153.179981092249,10.1234343641429,110.377379383104
153.16363465276,10.4230119609393,110.371398885517
153.146702819356,10.7225570420255,110.365418387931
153.129185670946,11.022068464344,110.359437890344
153.111083288668,11.3215450850385,110.353457392757
153.092395755891,11.6209857614911,110.347476895171
153.073123158211,11.9203893512606,110.341496397584
153.053265583452,12.2197547121859,110.335515899997
153.032823121665,12.5190807022804,110.329535402411
153.011795865127,12.8183661798459,110.323554904824
152.990183908342,13.1176100033787,110.317574407238
152.967987348041,13.4168110316285,110.311593909651
152.945206283176,13.7159681236132,110.305613412064
152.921840814924,14.0150801385804,110.299632914478
152.897891046688,14.3141459360328,110.293652416891
152.873357084092,14.6131643757329,110.287671919304
152.848239034981,14.9121343177289,110.281691421718
152.822537009423,15.2110546223051,110.275710924131
152.796251119706,15.5099241500397,110.269730426544
152.769381480337,15.8087417617883,110.263749928958
152.741928208044,16.1075063186766,110.257769431371
152.713891421773,16.4062166821273,110.251788933785
152.685271242688,16.7048717138307,110.245808436198
152.656067794171,17.0034702757935,110.239827938611
152.626281201815,17.3020112303317,110.233847441025
152.595911593436,17.6004934400315,110.227866943438
152.564959099061,17.8989157677972,110.221886445851
152.533423850931,18.1972770768662,110.215905948265
152.501305983503,18.4955762307592,110.209925450678
152.468605633442,18.7938120933388,110.203944953091
152.435322939628,19.0919835287915,110.197964455505
152.401458043153,19.3900894016113,110.191983957918
152.367011087315,19.6881285766573,110.186003460332
152.331982217624,19.9860999191044,110.180022962745
152.296371581798,20.2840022944689,110.174042465158
152.260179329765,20.5818345686128,110.168061967572
152.223405613655,20.8795956077702,110.162081469985
152.186050587808,21.1772842784969,110.156100972398
152.148114408767,21.4748994477289,110.150120474812
152.109597235281,21.7724399827544,110.144139977225
152.0704992283,22.0699047512399,110.138159479638
152.030820550979,22.3672926212122,110.132178982052
151.990561368674,22.6646024610739,110.126198484465
151.949721848937,22.9618331396296,110.120217986879
151.908302161529,23.2589835260353,110.114237489292
151.866302478403,23.5560524898467,110.108256991705
151.82372297371,23.8530389010341,110.102276494119
151.780563823802,24.1499416299318,110.096295996532
151.736825207225,24.4467595472977,110.090315498945
151.692507304718,24.7434915242951,110.084335001359
151.647610299218,25.0401364324756,110.078354503772
151.602134375853,25.3366931438263,110.072374006185
151.556079721943,25.6331605307529,110.066393508599
151.509446527003,25.929537466062,110.060413011012
151.46223498273,26.2258228230194,110.054432513426
151.414445283019,26.5220154753007,110.048452015839
151.36607762395,26.8181142970055,110.042471518252
151.317132203788,27.1141181627059,110.036491020666
151.267609222988,27.4100259473959,110.030510523079
151.217508884189,27.7058365265068,110.024530025492
151.166831392213,28.0015487759547,110.018549527906
151.115576954064,28.2971615720905,110.012569030319
151.063745778933,28.5926737917256,110.006588532732
151.011338078186,28.8880843121476,110.000608035146
150.958354065373,29.1833920111022,109.994627537559
150.904793956224,29.4785957667977,109.988647039973
150.850657968641,29.7736944579633,109.982666542386
150.795946322709,30.0686869637558,109.976686044799
150.740659240683,30.3635721638615,109.970705547213
150.684796946998,30.6583489384244,109.964725049626
150.628359668257,30.9530161681153,109.958744552039
150.571347633241,31.2475727340606,109.952764054453
150.513761072897,31.5420175179325,109.946783556866
150.455600220342,31.8363494018997,109.94080305928
150.396865310868,32.1305672686096,109.934822561693
150.337556581925,32.4246700012789,109.928842064106
150.27767427314,32.7186564835903,109.92286156652
150.217218626296,33.012525599793,109.916881068933
150.156189885348,33.3062762346324,109.910900571346
150.094588296407,33.599907273407,109.90492007376
150.032414107748,33.8934176019521,109.898939576173
149.969667569811,34.1868061066218,109.892959078586
149.906348935188,34.4800716743366,109.886978581
149.842458458636,34.7732131925549,109.880998083413
149.777996397062,35.0662295492988,109.875017585827
149.712963009533,35.3591196331373,109.86903708824
149.647358557273,35.6518823331897,109.863056590653
149.581183303649,35.9445165391836,109.857076093067
149.514437514193,36.237021141363,109.85109559548
149.447121456579,36.5293950305671,109.845115097893
149.379235400628,36.821637098245,109.839134600307
149.310779618318,37.1137462363745,109.83315410272
149.241754383766,37.405721337552,109.827173605133
149.17215997324,37.6975612949534,109.821193107547
149.101996665149,37.9892650023491,109.81521260996
149.031264740043,38.280831354119,109.809232112374
148.959964480615,38.5722592452457,109.803251614787
148.8880961717,38.8635475712977,109.7972711172
148.815660100273,39.1546952284649,109.791290619614
148.742656555441,39.4457011135633,109.785310122027
148.66908582845,39.7365641240173,109.77932962444
148.59494821268,40.0272831578858,109.773349126854
148.520244003644,40.3178571138442,109.767368629267
148.444973498993,40.6082848911893,109.76138813168
148.369136998497,40.8985653898852,109.755407634094
148.292734804065,41.1886975105043,109.749427136507
148.215767219729,41.4786801542842,109.743446638921
148.138234551651,41.7685122230891,109.737466141334
148.060137108112,42.0581926194674,109.731485643747
147.981475199518,42.3477202466026,109.725505146161
147.902249138404,42.6370940083279,109.719524648574
147.822459239415,42.9263128091728,109.713544150987
147.742105819328,43.2153755542928,109.707563653401
147.661189197023,43.5042811495585,109.701583155814
147.579709693506,43.793028501496,109.695602658227
147.497667631897,44.0816165173015,109.689622160641
147.415063337424,44.3700441048879,109.683641663054
147.331897137432,44.6583101728252,109.677661165468
147.248169361373,44.9464136303975,109.671680667881
147.163880340812,45.2343533875648,109.665700170294
147.079030409414,45.5221283550198,109.659719672708
146.993619902956,45.8097374441287,109.653739175121
146.907649159316,46.0971795669881,109.647758677534
146.821118518479,46.3844536363866,109.641778179948
146.734028322522,46.6715585658615,109.635797682361
146.646378915635,46.9584932696299,109.629817184774
146.558170644091,47.2452566626758,109.623836687188
146.469403856272,47.5318476606811,109.617856189601
146.380078902647,47.8182651800822,109.611875692015
146.290196135777,48.104508138053,109.605895194428
146.199755910326,48.3905754524774,109.599914696841
146.108758583035,48.6764660420266,109.593934199255
146.017204512742,48.9621788260898,109.587953701668
145.925094060365,49.2477127248308,109.581973204081
145.832427588913,49.5330666591605,109.575992706495
145.739205463473,49.8182395507615,109.570012208908
145.645428051225,50.1032303220509,109.564031711321
145.551095721415,50.3880378962569,109.558051213735
145.456208845374,50.6726611973603,109.552070716148
145.360767796512,50.9570991501194,109.546090218562
145.264772950311,51.2413506800743,109.540109720975
145.168224684331,51.5254147135502,109.534129223388
145.071123378196,51.8092901776722,109.528148725802
144.97346941361,52.0929760003383,109.522168228215
144.875263174338,52.3764711102643,109.516187730628
144.776505046214,52.6597744369574,109.510207233042
144.677195417139,52.9428849107298,109.504226735455
144.577334677076,53.2258014627032,109.498246237868
144.476923218051,53.5085230248123,109.492265740282
144.375961434141,53.7910485298301,109.486285242695
144.2744497215,54.0733769112986,109.480304745109
144.172388478317,54.3555071036473,109.474324247522
144.06977810485,54.6374380420931,109.468343749935
143.966619003407,54.9191686626965,109.462363252349
143.862911578345,55.2006979023547,109.456382754762
143.758656236068,55.4820246988161,109.450402257175
143.653853385035,55.7631479906534,109.444421759589
143.548503435744,56.0440667173083,109.438441262002
143.442606800739,56.3247798190652,109.432460764416
143.336163894607,56.6052862370647,109.426480266829
143.229175133976,56.8855849133082,109.420499769242
143.121640937507,57.1656747906712,109.414519271656
143.013561725911,57.4455548128672,109.408538774069
142.904937921916,57.7252239245226,109.402558276482
142.795769950294,58.0046810711193,109.396577778896
142.686058237844,58.2839251990193,109.390597281309
142.575803213403,58.5629552554581,109.384616783722
142.465005307819,58.8417701885897,109.378636286136
142.353664953984,59.1203689474186,109.372655788549
142.241782586796,59.3987504818858,109.366675290963
142.129358643189,59.6769137428009,109.360694793376
142.016393562111,59.9548576818871,109.354714295789
141.902887784523,60.2325812517846,109.348733798203
141.788841753409,60.5100834060344,109.342753300616
141.674255913768,60.7873630990823,109.336772803029
141.559130712605,61.0644192863129,109.330792305443
141.443466598939,61.3412509240232,109.324811807856
141.327264023796,61.6178569694363,109.318831310269
141.210523440209,61.8942363807058,109.312850812683
141.093245303212,62.1703881169291,109.306870315096
140.975430069853,62.4463111381113,109.30088981751
140.857078199163,62.7220044052396,109.294909319923
140.738190152186,62.9974668802162,109.288928822336
140.618766391952,63.2726975259128,109.28294832475
140.498807383495,63.5476953061342,109.276967827163
140.378313593833,63.822459185662,109.270987329576
140.257285491977,64.0969881302286,109.26500683199
140.135723548933,64.3712811065211,109.259026334403
140.013628237683,64.6453370822144,109.253045836816
139.891000033194,64.919155025956,109.24706533923
139.767839412429,65.1927339073392,109.241084841643
139.644146854317,65.4660726969667,109.235104344057
139.51992283977,65.739170366415,109.22912384647
139.395167851677,66.0120258882476,109.223143348883
139.269882374895,66.284638236029,109.217162851297
139.144066896262,66.5570063842986,109.21118235371
139.017721904583,66.8291293086043,109.205201856123
138.890847890631,67.101005985496,109.199221358537
138.763445347137,67.3726353925401,109.19324086095
138.635514768809,67.6440165082925,109.187260363363
138.507056652308,67.9151483123326,109.181279865777
138.378071496248,68.186029785277,109.17529936819
138.248559801222,68.4566599087137,109.169318870604
138.118522069756,68.727037665305,109.163338373017
137.987958806337,68.9971620387217,109.15735787543
137.856870517408,69.2670320136571,109.151377377844
137.725257711351,69.53664657586,109.145396880257
137.593120898506,69.8060047120991,109.13941638267
137.46046059114,70.0751054102159,109.133435885084
137.327277303489,70.3439476590499,109.127455387497
137.193571551698,70.6125304485501,109.12147488991
137.059343853875,70.8808527696709,109.115494392324
136.924594730048,71.1489136144542,109.109513894737
136.789324702191,71.416711975984,109.103533397151
136.653534294191,71.6842468484393,109.097552899564
136.517224031887,71.9515172270289,109.091572401977
136.380394443031,72.2185221080541,109.085591904391
136.243046057293,72.4852604889121,109.079611406804
136.105179406285,72.7517313680413,109.073630909217
135.966795023521,73.017933744993,109.067650411631
135.827893444442,73.2838666203963,109.061669914044
135.688475206407,73.5495289959616,109.055689416457
135.548540848679,73.8149198745134,109.049708918871
135.408090912442,74.0800382599553,109.043728421284
135.267125940778,74.3448831573123,109.037747923698
135.125646478682,74.6094535727051,109.031767426111
134.983653073052,74.8737485133637,109.025786928524
134.841146272694,75.1377669876216,109.019806430938
134.698126628307,75.401508004938,109.013825933351
134.554594692483,75.6649705759021,109.007845435764
134.410551019715,75.9281537122172,109.001864938178
134.265996166393,76.191056426704,108.995884440591
134.120930690791,76.4536777333238,108.989903943004
133.975355153067,76.7160166471821,108.983923445418
133.829270115276,76.9780721845031,108.977942947831
133.682676141349,77.2398433626624,108.971962450245
133.535573797093,77.5013292001901,108.965981952658
133.387963650211,77.7625287167368,108.960001455071
133.239846270259,78.0234409331431,108.954020957485
133.091222228684,78.2840648713773,108.948040459898
132.942092098799,78.5443995545765,108.942059962311
132.792456455786,78.804444007041,108.936079464725
132.642315876692,79.0641972542372,108.930098967138
132.491670940437,79.3236583227927,108.924118469552
132.340522227782,79.5828262405366,108.918137971965
132.188870321374,79.8417000364377,108.912157474378
132.036715805696,80.1002787406736,108.906176976792
131.884059267101,80.3585613845872,108.900196479205
131.730901293779,80.616547000728,108.894215981618
131.577242475783,80.8742346228181,108.888235484032
131.423083405001,81.1316232857929,108.882254986445
131.268424675185,81.3887120257577,108.876274488858
131.113266881897,81.6454998800668,108.870293991272
130.957610622582,81.9019858872138,108.864313493685
130.801456496474,82.1581690869759,108.858332996099
130.644805104685,82.4140485202773,108.852352498512
130.487657050139,82.6696232292854,108.846372000925
130.33001293758,82.9248922574058,108.840391503339
130.171873373602,83.1798546492291,108.834411005752
130.013238966607,83.4345094505999,108.828430508165
129.854110326831,83.6888557085737,108.822450010579
129.694488066322,83.9428924714483,108.816469512992
129.534372798942,84.196618788767,108.810489015405
129.373765140384,84.4500337112853,108.804508517819
129.212665708129,84.7031362910387,108.798528020232
129.051075121488,84.9559255812817,108.792547522646
128.888994001576,85.2084006365191,108.786567025059
128.726422971302,85.4605605125273,108.780586527472
128.563362655389,85.7124042663214,108.774606029886
128.399813680347,85.9639309561953,108.768625532299
128.235776674495,86.2151396416878,108.762645034712
128.071252267935,86.4660293836237,108.756664537126
127.906241092576,86.7165992440705,108.750684039539
127.740743782102,86.9668482863969,108.744703541952
127.574760971986,87.2167755752401,108.738723044366
127.408293299486,87.4663801765177,108.732742546779
127.241341403647,87.7156611574221,108.726762049193
127.073905925287,87.9646175864422,108.720781551606
126.905987507,88.2132485333579,108.714801054019
126.737586793147,88.4615530692518,108.708820556433
126.568704429877,88.7095302664771,108.702840058846
126.399341065083,88.9571791987236,108.696859561259
126.229497348456,89.2044989409404,108.690879063673
126.059173931409,89.4514885694375,108.684898566086
125.888371467156,89.6981471617825,108.678918068499
125.717090610634,89.9444737969012,108.672937570913
125.545332018561,90.1904675550013,108.666957073326
125.373096349383,90.436127517647,108.66097657574
125.200384263319,90.6814527676905,108.654996078153
125.027196422322,90.9264423893291,108.649015580566
124.853533490089,91.171095468091,108.64303508298
124.679396132052,91.4154110908469,108.637054585393
124.504785015394,91.6593883457869,108.631074087806
124.329700809028,91.9030263224503,108.62509359022
124.154144183605,92.1463241117112,108.619113092633
123.978115811501,92.3892808057997,108.613132595046
123.801616366813,92.6318954983047,108.60715209746
123.624646525381,92.8741672841422,108.601171599873
123.447206964742,93.11609525962,108.595191102287
123.269298364179,93.3576785223707,108.5892106047
123.090921404678,93.5989161714077,108.583230107113
122.912076768929,93.8398073071194,108.577249609527
122.732765141351,94.0803510312464,108.57126911194
122.552987208062,94.3205464469108,108.565288614353
122.372743656892,94.5603926586021,108.559308116767
122.192035177361,94.7998887722065,108.55332761918
122.010862460701,95.039033894975,108.547347121593
121.829226199834,95.2778271355532,108.541366624007
121.647127089386,95.5162676039668,108.53538612642
121.464565825649,95.7543544116593,108.529405628834
121.281543106643,95.9920866714264,108.523425131247
121.098059632035,96.2294634975051,108.51744463366
120.914116103197,96.4664840055082,108.511464136074
120.729713223174,96.7031473124618,108.505483638487
120.544851696704,96.9394525367825,108.4995031409
120.35953223016,97.175398798341,108.493522643314
120.173755531633,97.4109852183705,108.487542145727
119.987522310851,97.6462109195559,108.48156164814
119.800833279218,97.8810750259937,108.475581150554
119.61368914981,98.115576663187,108.469600652967
119.42609063734,98.3497149580997,108.463620155381
119.238038458197,98.5834890390997,108.457639657794
119.049533330422,98.8168980359879,108.451659160207
118.860575973697,99.0499410800182,108.445678662621
118.671167109364,99.2826173038663,108.439698165034
118.48130746041,99.5149258416503,108.433717667447
118.290997751452,99.7468658289504,108.427737169861
118.100238708753,99.9784364027865,108.421756672274
117.909031060226,100.209636701613,108.415776174688
117.717375535398,100.440465865365,108.409795677101
117.525272865432,100.670923035424,108.403815179514
117.332723783127,100.901007354627,108.397834681928
117.1397290229,101.130717967281,108.391854184341
116.946289320789,101.36005401916,108.385873686754
116.752405414459,101.589014657499,108.379893189168
116.558078043176,101.817599031023,108.373912691581
116.36330794784,102.045806289907,108.367932193994
116.168095870941,102.273635585831,108.361951696408
115.972442556589,102.501086071939,108.355971198821
115.776348750492,102.728156902868,108.349990701235
115.57981519995,102.954847234751,108.344010203648
115.382842653891,103.181156225181,108.338029706061
115.185431862803,103.407083033281,108.332049208475
114.987583578787,103.632626819651,108.326068710888
114.789298555531,103.857786746389,108.320088213301
114.590577548305,104.082561977102,108.314107715715
114.391421313951,104.306951676913,108.308127218128
114.191830610917,104.530955012429,108.302146720541
113.991806199202,104.754571151792,108.296166222955
113.791348840396,104.977799264643,108.290185725368
113.590459297659,105.200638522138,108.284205227782
113.389138335703,105.423088096974,108.278224730195
113.187386720821,105.645147163351,108.272244232608
112.98520522086,105.866814897006,108.266263735022
112.782594605224,106.088090475202,108.260283237435
112.579555644888,106.308973076722,108.254302739848
112.376089112351,106.529461881912,108.248322242262
112.172195781689,106.749556072627,108.242341744675
111.96787642851,106.969254832276,108.236361247088
111.763131829966,107.188557345814,108.230380749502
111.557962764747,107.40746279974,108.224400251915
111.352370013089,107.625970382095,108.218419754329
111.146354356754,107.844079282483,108.212439256742
110.939916579041,108.06178869205,108.206458759155
110.733057464763,108.27909780352,108.200478261569
110.525777800279,108.496005811151,108.194497763982
110.318078373447,108.712511910792,108.188517266395
110.109959973656,108.928615299837,108.182536768809
109.901423391807,109.144315177263,108.176556271222
109.692469420316,109.359610743607,108.170575773635
109.483098853094,109.574501200998,108.164595276049
109.27331248558,109.788985753119,108.158614778462
109.063111114702,110.003063605249,108.152634280876
108.852495538877,110.216733964259,108.146653783289
108.641466558041,110.429996038581,108.140673285702
108.430024973601,110.64284903826,108.134692788116
108.218171588476,110.855292174908,108.128712290529
108.005907207049,111.067324661758,108.122731792942
107.793232635201,111.278945713621,108.116751295356
107.580148680283,111.490154546917,108.110770797769
107.366656151128,111.700950379668,108.104790300182
107.152755858053,111.911332431486,108.098809802596
106.938448612825,112.121299923616,108.092829305009
106.723735228685,112.330852078904,108.086848807423
106.508616520353,112.539988121794,108.080868309836
106.293093303987,112.748707278371,108.074887812249
106.077166397217,112.957008776321,108.068907314663
105.860836619129,113.164891844955,108.062926817076
105.644104790242,113.37235571522,108.056946319489
105.426971732541,113.579399619679,108.050965821903
105.209438269453,113.786022792519,108.044985324316
104.99150522583,113.992224469581,108.039004826729
104.77317342799,114.198003888313,108.033024329143
104.554443703664,114.403360287818,108.027043831556
104.335316882018,114.60829290884,108.02106333397
104.115793793646,114.812800993765,108.015082836383
103.895875270572,115.016883786618,108.009102338796
103.675562146244,115.22054053307,108.00312184121
103.454855255513,115.423770480461,107.997141343623
103.233755434657,115.626572877767,107.991160846036
103.012263521378,115.828946975616,107.98518034845
102.79038035475,116.03089202632,107.979199850863
102.568106775281,116.232407283833,107.973219353277
102.345443624884,116.433492003765,107.96723885569
102.122391746848,116.634145443415,107.961258358103
101.898951985874,116.834366861736,107.955277860517
101.675125188045,117.03415551936,107.94929736293
101.450912200834,117.233510678593,107.943316865343
101.226313873114,117.432431603404,107.937336367757
101.001331055115,117.630917559463,107.93135587017
100.775964598461,117.828967814107,107.925375372583
100.550215356155,118.026581636357,107.919394874997
100.324084182558,118.22375829693,107.91341437741
100.097571933401,118.420497068231,107.907433879824
99.8706794657825,118.616797224357,107.901453382237
99.6434076381752,118.812658041086,107.89547288465
99.4157573103955,119.008078795908,107.889492387064
99.1877293436136,119.203058768011,107.883511889477
98.9593246003599,119.397597238279,107.87753139189
98.7305439444952,119.591693489314,107.871550894304
98.5013882412508,119.785346805405,107.865570396717
98.2718583571901,119.978556472556,107.85958989913
98.0419551601977,120.171321778498,107.853609401544
97.8116795195092,120.363642012663,107.847628903957
97.5810323056823,120.555516466206,107.841648406371
97.3500143906114,120.746944431994,107.835667908784
97.1186266475142,120.937925204617,107.829687411197
96.8868699509209,121.128458080396,107.823706913611
96.6547451766786,121.318542357377,107.817726416024
96.4222532019567,121.50817733533,107.811745918437
96.1893949052266,121.697362315762,107.805765420851
95.9561711662835,121.886096601902,107.799784923264
95.7225828662002,122.074379498735,107.793804425677
95.4886308873578,122.262210312976,107.787823928091
95.2543161134517,122.44958835307,107.781843430504
95.0196394294524,122.636512929218,107.775862932918
94.7846017216292,122.822983353359,107.769882435331
94.5492038775196,123.008998939197,107.763901937744
94.3134467859703,123.194559002161,107.757921440158
94.0773313370804,123.379662859459,107.751940942571
93.8408584222511,123.56430983003,107.745960444984
93.6040289341472,123.748499234578,107.739979947398
93.3668437666755,123.932230395588,107.733999449811
93.1293038150523,124.115502637273,107.728018952224
92.8914099757199,124.298315285638,107.722038454638
92.6531631463966,124.48066766844,107.716057957051
92.4145642260552,124.662559115207,107.710077459465
92.1756141149111,124.843988957244,107.704096961878
91.936313714436,125.024956527622,107.698116464291
91.6966639273367,125.205461161198,107.692135966705
91.4566656575697,125.385502194597,107.686155469118
91.2163198103103,125.56507896624,107.680174971531
90.9756272920035,125.744190816303,107.674194473945
90.7345890102881,125.922837086775,107.668213976358
90.4932058740477,126.101017121418,107.662233478771
90.2514787933882,126.278730265783,107.656252981185
90.0094086796174,126.455975867227,107.650272483598
89.7669964452855,126.632753274882,107.644291986012
89.524243004137,126.809061839687,107.638311488425
89.281149271134,126.984900914374,107.632330990838
89.0377161624351,127.160269853484,107.626350493252
88.7939445954088,127.335168013351,107.620369995665
88.5498354886131,127.509594752123,107.614389498078
88.305389761809,127.683549429747,107.608409000492
88.0606083359486,127.857031407981,107.602428502905
87.8154921331618,128.030040050399,107.596448005318
87.5700420767716,128.202574722385,107.590467507732
87.3242590912626,128.374634791148,107.584487010145
87.0781441023322,128.546219625694,107.578506512559
86.8316980368052,128.717328596876,107.572526014972
86.5849218227212,128.887961077341,107.566545517385
86.3378163892581,129.058116441578,107.560565019799
86.0903826667464,129.227794065909,107.554584522212
85.8426215867121,129.396993328461,107.548604024625
85.5945340817896,129.565713609219,107.542623527039
85.3461210858108,129.733954289974,107.536643029452
85.097383533718,129.901714754375,107.530662531866
84.8483223616161,130.068994387894,107.524682034279
84.5989385067502,130.235792577844,107.518701536692
84.3492329074926,130.402108713386,107.512721039106
84.0992065033673,130.56794218551,107.506740541519
83.8488602349905,130.733292387076,107.500760043932
83.5981950441506,130.898158712761,107.494779546346
83.34721187373,131.06254055911,107.488799048759
83.0959116677297,131.226437324519,107.482818551172
82.8442953712745,131.389848409232,107.476838053586
82.5923639306004,131.552773215347,107.470857555999
82.3401182930416,131.715211146825,107.464877058413
82.0875594070356,131.877161609489,107.458896560826
81.8346882221487,132.038624011004,107.452916063239
81.5815056889964,132.199597760927,107.446935565653
81.3280127593241,132.360082270658,107.440955068066
81.0742103859574,132.520076953471,107.434974570479
80.8200995227882,132.679581224518,107.428994072893
80.565681124818,132.838594500807,107.423013575306
80.3109561481174,132.997116201225,107.417033077719
80.0559255498214,133.15514574654,107.411052580133
79.800590288136,133.312682559396,107.405072082546
79.5449513223427,133.469726064311,107.39909158496
79.2890096127869,133.626275687683,107.393111087373
79.0327661208733,133.782330857794,107.387130589786
78.7762218090431,133.937891004822,107.3811500922
78.5193776408276,134.092955560808,107.375169594613
78.2622345807782,134.247523959699,107.369189097026
78.0047935944808,134.401595637339,107.36320859944
77.747055648591,134.555170031446,107.357228101853
77.4890217107921,134.708246581637,107.351247604266
77.2306927497814,134.86082472944,107.34526710668
76.9720697353241,135.012903918254,107.339286609093
76.7131536381734,135.164483593402,107.333306111507
76.453945430133,135.315563202093,107.32732561392
76.1944460839964,135.466142193454,107.321345116333
75.9346565736004,135.616220018502,107.315364618747
75.6745778737738,135.765796130171,107.30938412116
75.4142109603521,135.914869983305,107.303403623573
75.1535568102037,136.063441034642,107.297423125987
74.8926164011479,136.211508742857,107.2914426284
74.6313907120484,136.359072568517,107.285462130813
74.3698807227221,136.506131974123,107.279481633227
74.1080874140036,136.652686424078,107.27350113564
73.8460117676924,136.798735384717,107.267520638054
73.583654766569,136.944278324294,107.261540140467
73.3210173944101,137.089314712978,107.25555964288
73.0581006359463,137.23384402287,107.249579145294
72.7949054768775,137.377865728002,107.243598647707
72.5314329038988,137.521379304314,107.23761815012
72.2676839046277,137.664384229699,107.231637652534
72.0036594676499,137.806879983977,107.225657154947
71.7393605825245,137.94886604889,107.21967665736
71.4747882397517,138.090341908122,107.213696159774
71.2099434307684,138.231307047295,107.207715662187
70.9448271479541,138.371760953974,107.201735164601
70.6794403846572,138.511703117646,107.195754667014
70.4137841351119,138.651133029767,107.189774169427
70.147859394533,138.790050183709,107.183793671841
69.8816671590237,138.928454074811,107.177813174254
69.6152084256403,139.066344200344,107.171832676667
69.3484841923395,139.203720059536,107.165852179081
69.081495458004,139.34058115356,107.159871681494
68.8142432224286,139.476926985542,107.153891183907
68.5467284863068,139.612757060565,107.147910686321
68.2789522512467,139.748070885664,107.141930188734
68.0109155197568,139.882867969827,107.135949691148
67.7426192952433,140.017147824004,107.129969193561
67.4740645819948,140.150909961106,107.123988695974
67.2052523852095,140.284153895998,107.118008198388
66.9361837109508,140.416879145516,107.112027700801
66.666859566164,140.549085228462,107.106047203214
66.3972809586818,140.680771665597,107.100066705628
66.127448897221,140.811937979646,107.094086208041
65.857364391348,140.942583695313,107.088105710454
65.5870284515057,141.072708339267,107.082125212868
65.3164420889891,141.202311440153,107.076144715281
65.0456063159617,141.331392528586,107.070164217695
64.7745221454514,141.459951137152,107.064183720108
64.503190591307,141.587986800426,107.058203222521
64.2316126682537,141.715499054948,107.052222724935
63.9597893918399,141.842487439248,107.046242227348
63.687721778473,141.968951493825,107.040261729761
63.4154108453655,142.094890761176,107.034281232175
63.1428576105912,142.220304785769,107.028300734588
62.8700630930412,142.345193114061,107.022320237002
62.5970283124201,142.469555294501,107.016339739415
62.3237542892725,142.593390877516,107.010359241828
62.0502420449278,142.716699415537,107.004378744242
61.776492601548,142.839480462978,106.998398246655
61.5025069821229,142.961733576236,106.992417749068
61.228286210396,143.083458313724,106.986437251482
60.9538313109611,143.204654235829,106.980456753895
60.6791433091786,143.325320904948,106.974476256308
60.4042232312102,143.445457885471,106.968495758722
60.1290721039969,143.565064743791,106.962515261135
59.8536909552736,143.684141048302,106.956534763549
59.5780808135665,143.80268636939,106.950554265962
59.3022427081472,143.920700279463,106.944573768375
59.0261776691016,144.038182352913,106.938593270789
58.7498867272431,144.155132166157,106.932612773202
58.4733709141702,144.271549297612,106.926632275615
58.1966312622534,144.387433327698,106.920651778029
57.9196688045988,144.502783838855,106.914671280442
57.6424845750764,144.617600415531,106.908690782855
57.3650796083054,144.731882644184,106.902710285269
57.0874549396396,144.845630113295,106.896729787682
56.8096116051949,144.958842413347,106.890749290096
56.5315506418039,145.071519136854,106.884768792509
56.2532730870429,145.183659878338,106.878788294922
55.9747799792179,145.295264234344,106.872807797336
55.6960723573706,145.406331803433,106.866827299749
55.4171512612226,145.516862186204,106.860846802162
55.1380177312757,145.626854985254,106.854866304576
54.858672808683,145.73630980523,106.848885806989
54.5791175353592,145.845226252782,106.842905309402
54.2993529538939,145.953603936602,106.836924811816
54.0193801075988,146.0614424674,106.830944314229
53.7392000404422,146.16874145793,106.824963816643
53.4588137971488,146.275500522956,106.818983319056
53.1782224230809,146.38171927929,106.813002821469
52.8974269643181,146.487397345767,106.807022323883
52.6164284676014,146.592534343263,106.801041826296
52.3352279803598,146.697129894685,106.795061328709
52.0538265506971,146.801183624977,106.789080831123
51.7722252273865,146.90469516112,106.783100333536
51.4904250598675,147.007664132132,106.777119835949
51.2084270982421,147.110090169073,106.771139338363
50.9262323932597,147.211972905047,106.765158840776
50.6438419963447,147.313311975191,106.75917834319
50.3612569595509,147.414107016695,106.753197845603
50.0784783355893,147.514357668786,106.747217348016
49.7955071778227,147.614063572735,106.74123685043
49.5123445402214,147.713224371871,106.735256352843
49.2289914774317,147.811839711553,106.729275855256
48.9454490446882,147.909909239204,106.72329535767
48.6617182978834,148.007432604287,106.717314860083
48.3778002935215,148.104409458319,106.711334362496
48.093696088725,148.200839454866,106.70535386491
47.8094067412096,148.296722249556,106.699373367323
47.5249333093542,148.392057500053,106.693392869737
47.2402768520805,148.486844866096,106.68741237215
46.9554384289656,148.581084009463,106.681431874563
46.6704191001528,148.674774593999,106.675451376977
46.3852199263908,148.767916285602,106.66947087939
46.0998419690179,148.86050875223,106.663490381803
45.8142862899595,148.9525516639,106.657509884217
45.5285539517228,149.04404469269,106.65152938663
45.2426460173826,149.134987512744,106.645548889043
44.9565635506096,149.225379800261,106.639568391457
44.6703076156338,149.315221233505,106.63358789387
44.3838792772408,149.404511492812,106.627607396284
44.0972796008001,149.493250260572,106.621626898697
43.8105096522283,149.581437221249,106.61564640111
43.5235704979857,149.669072061375,106.609665903524
43.2364632050936,149.756154469548,106.603685405937
42.9491888411192,149.842684136434,106.59770490835
42.6617484741826,149.928660754767,106.591724410764
42.3741431729207,150.014084019357,106.585743913177
42.0863740065151,150.098953627085,106.57976341559
41.7984420446776,150.183269276901,106.573782918004
41.5103483576455,150.267030669833,106.567802420417
41.2220940161789,150.350237508979,106.561821922831
40.9336800915661,150.432889499512,106.555841425244
40.6451076555771,150.514986348688,106.549860927657
40.3563777805242,150.596527765835,106.543880430071
40.0674915392147,150.677513462356,106.537899932484
39.778450004958,150.757943151737,106.531919434897
39.489254251561,150.837816549541,106.525938937311
39.1999053533137,150.917133373416,106.519958439724
38.910404385028,150.995893343081,106.513977942138
38.6207524219586,151.074096180347,106.507997444551
38.3309505398741,151.151741609102,106.502016946964
38.0409998149991,151.228829355321,106.496036449378
37.7509013240641,151.305359147055,106.490055951791
37.4606561442262,151.381330714451,106.484075454204
37.1702653531398,151.456743789734,106.478094956618
36.8797300288997,151.531598107219,106.472114459031
36.5890512500902,151.605893403302,106.466133961444
36.2982300957056,151.679629416477,106.460153463858
36.0072676452223,151.752805887317,106.454172966271
35.7161649785397,151.825422558491,106.448192468685
35.4249231760207,151.897479174752,106.442211971098
35.1335433184649,151.968975482945,106.436231473511
34.8420264870615,152.039911232015,106.430250975925
34.5503737634941,152.110286172984,106.424270478338
34.2585862298171,152.180100058979,106.418289980751
33.966664968538,152.249352645214,106.412309483165
33.6746110625703,152.318043688999,106.406328985578
33.3824255952407,152.386172949738,106.400348487991
33.0901096502733,152.453740188932,106.394367990405
32.7976643118299,152.520745170173,106.388387492818
32.5050906644292,152.587187659157,106.382406995232
32.212389793019,152.653067423672,106.376426497645
31.9195627829395,152.718384233601,106.370446000058
31.6266107198872,152.783137860934,106.364465502472
31.3335346899751,152.847328079753,106.358485004885
31.0403357796968,152.91095466624,106.352504507298
30.7470150759002,152.97401739868,106.346524009712
30.4535736658054,153.03651605746,106.340543512125
30.1600126370332,153.098450425061,106.334563014538
29.8663330775361,153.159820286073,106.328582516952
29.5725360756478,153.220625427182,106.322602019365
29.2786227200367,153.280865637184,106.316621521779
28.9845940997444,153.340540706972,106.310641024192
28.6904513041279,153.399650429551,106.304660526605
28.3961954229419,153.458194600017,106.298680029019
28.1018275462269,153.516173015585,106.292699531432
27.8073487643911,153.573585475567,106.286719033845
27.5127601681525,153.630431781384,106.280738536259
27.2180628485785,153.686711736563,106.274758038672
26.9232578970491,153.742425146735,106.268777541085
26.6283464052627,153.797571819644,106.262797043499
26.3333294652449,153.852151565134,106.256816545912
26.0382081692988,153.906164195168,106.250836048326
25.742983610068,153.959609523808,106.244855550739
25.4476568804984,154.012487367228,106.238875053152
25.1522290738134,154.064797543713,106.232894555566
24.856701283542,154.116539873658,106.226914057979
24.561074603515,154.167714179567,106.220933560392
24.2653501278386,154.218320286053,106.214953062806
23.969528950891,154.268358019846,106.208972565219
23.6736121673615,154.31782720978,106.202992067632
23.3776008721591,154.36672768681,106.197011570046
23.081496160529,154.415059283994,106.191031072459
22.78529912795,154.462821836506,106.185050574873
22.4890108701406,154.510015181639,106.179070077286
22.1926324831217,154.556639158789,106.173089579699
21.8961650631351,154.602693609474,106.167109082113
21.5996097066837,154.648178377323,106.161128584526
21.3029675105273,154.693093308078,106.155148086939
21.0062395716563,154.737438249597,106.149167589353
20.709426987299,154.781213051853,106.143187091766
20.4125308549173,154.824417566935,106.137206594179
20.1155522722024,154.867051649047,106.131226096593
19.8184923370714,154.909115154509,106.125245599006
19.5213521476735,154.950607941756,106.11926510142
19.2241328023533,154.991529871341,106.113284603833
18.9268353996908,155.031880805933,106.107304106246
18.6294610384526,155.071660610318,106.10132360866
18.332010817644,155.110869151398,106.095343111073
18.0344858364269,155.149506298196,106.089362613486
17.7368871941934,155.18757192185,106.0833821159
17.4392159905279,155.225065895613,106.077401618313
17.1414733251934,155.261988094861,106.071421120726
16.8436602981257,155.298338397087,106.06544062314
16.5457780094526,155.334116681903,106.059460125553
16.2478275595002,155.369322831036,106.053479627967
15.9498100487345,155.403956728335,106.04749913038
15.6517265777889,155.438018259771,106.041518632793
15.3535782475063,155.471507313426,106.035538135207
15.0553661588337,155.504423779508,106.02955763762
14.7570914128965,155.536767550344,106.023577140033
14.4587551109834,155.568538520379,106.017596642447
14.1603583545196,155.599736586176,106.01161614486
13.8619022450856,155.630361646422,106.005635647274
13.5633878843794,155.660413601921,105.999655149687
13.2648163742455,155.689892355599,105.9936746521
12.9661888166715,155.718797812502,105.987694154514
12.667506313761,155.747129879794,105.981713656927
12.3687699677415,155.774888466763,105.97573315934
12.0699808809704,155.802073484815,105.969752661754
11.7711401558877,155.828684847478,105.963772164167
11.4722488950997,155.8547224704,105.95779166658
11.1733082012645,155.880186271349,105.951811168994
10.8743191771764,155.905076170216,105.945830671407
10.5752829257177,155.929392089011,105.939850173821
10.2762005498767,155.953133951865,105.933869676234
9.9770731527101,155.97630168503,105.927889178647
9.67790183738388,155.998895216879,105.921908681061
9.37868770713536,156.020914477907,105.915928183474
9.07943186528036,156.042359400727,105.909947685887
8.78013541522041,156.063229920077,105.903967188301
8.48079946040542,156.083525972812,105.897986690714
8.18142510437358,156.10324749791,105.892006193127
7.88201345071453,156.12239443647,105.886025695541
7.58256560307583,156.14096673171,105.880045197954
7.28308266517043,156.158964328971,105.874064700368
6.98356574073924,156.176387175714,105.868084202781
6.68401593359112,156.193235221519,105.862103705194
6.38443434757694,156.209508418088,105.856123207608
6.08482208655213,156.225206719244,105.850142710021
5.78518025446152,156.24033008093,105.844162212434
5.48550995522384,156.254878461209,105.838181714848
5.18581229281692,156.268851820263,105.832201217261
4.88608837122888,156.282250120398,105.826220719674
4.58633929447685,156.295073326035,105.820240222088
4.28656616656875,156.307321403719,105.814259724501
3.98677009155532,156.318994322113,105.808279226915
3.68695217345924,156.330092051999,105.802298729328
3.38711351631554,156.34061456628,105.796318231741
3.08725522416748,156.350561839977,105.790337734155
2.7873784010292,156.359933850231,105.784357236568
2.48748415094829,156.368730576301,105.778376738981
2.18757357789051,156.376951999567,105.772396241395
1.88764778586959,156.384598103524,105.766415743808
1.58770787881996,156.39166887379,105.760435246221
1.28775496068258,156.398164298098,105.754454748635
0.987790135366993,156.404084366299,105.748474251048
0.687814506736259,156.409429070363,105.742493753462
0.387829178613894,156.414198404378,105.736513255875
0.087835254791473,156.418392364547,105.730532758288
-0.212166161020855,156.422010949194,105.724552260702
-0.512173965108678,156.425054158756,105.718571763115
-0.812187053857401,156.427521995788,105.712591265528
-1.11220432370157,156.429414464963,105.706610767942
-1.41222467112795,156.430731573067,105.700630270355
-1.71224699270249,156.431473329005,105.694649772768
-2.01227018506273,156.431639743795,105.688669275182
-2.31229314491114,156.431230830572,105.682688777595
-2.6123147690525,156.430246604583,105.676708280009
-2.912333954342,156.428687083195,105.670727782422
-3.21234959775635,156.426552285884,105.664747284835
-3.51236059634227,156.423842234242,105.658766787249
-3.81236584725346,156.420556951975,105.652786289662
-4.11236424774413,156.416696464902,105.646805792075
-4.41235469516128,156.412260800956,105.640825294489
-4.71233608697149,156.40724999018,105.634844796902
-5.01230732075377,156.401664064731,105.628864299315
-5.31226729420338,156.395503058879,105.622883801729
-5.61221490511348,156.388767009002,105.616903304142
-5.91214905144679,156.381455953593,105.610922806556
-6.2120686312494,156.373569933254,105.604942308969
-6.51197254272241,156.365108990696,105.598961811382
-6.8118596842036,156.356073170742,105.592981313796
-7.11172895415996,156.346462520324,105.587000816209
-7.41157925122546,156.336277088482,105.581020318622
-7.71140947416077,156.325516926365,105.575039821036
-8.01121852187858,156.314182087232,105.569059323449
-8.31100529346004,156.302272626447,105.563078825863
-8.61076868815793,156.289788601483,105.557098328276
-8.9105076053563,156.27673007192,105.551117830689
-9.2102209446305,156.263097099443,105.545137333103
-9.5099076057284,156.248889747843,105.539156835516
-9.80956648857501,156.234108083019,105.533176337929
-10.1091964932537,156.218752172972,105.527195840343
-10.4087965200773,156.202822087807,105.521215342756
-10.7083654695032,156.186317899736,105.515234845169
-11.007902242204,156.169239683071,105.509254347583
-11.3074057390597,156.151587514229,105.503273849996
-11.6068748611076,156.13336147173,105.49729335241
-11.9063085096452,156.114561636193,105.491312854823
-12.2057055861345,156.095188090341,105.485332357236
-12.5050649922838,156.075240918994,105.47935185965
-12.8043856299851,156.054720209078,105.473371362063
-13.103666401396,156.033626049611,105.467390864476
-13.4029062088432,156.011958531717,105.46141036689
-13.7021039549382,155.989717748614,105.455429869303
-14.0012585424813,155.96690379562,105.449449371716
-14.3003688745316,155.943516770149,105.44346887413
-14.5994338543895,155.919556771712,105.437488376543
-14.8984523855891,155.895023901916,105.431507878957
-15.1974233719358,155.869918264462,105.42552738137
-15.496345717455,155.844239965148,105.419546883783
-15.7952183264507,155.817989111866,105.413566386197
-16.0940401034888,155.791165814598,105.40758588861
-16.3928099533879,155.763770185424,105.401605391023
-16.6915267812588,155.73580233851,105.395624893437
-16.9901894924514,155.70726239012,105.38964439585
-17.2887969926261,155.678150458603,105.383663898263
-17.5873481876909,155.648466664402,105.377683400677
-17.8858419838718,155.618211130047,105.37170290309
-18.1842772876618,155.587383980158,105.365722405504
-18.4826530058465,155.555985341444,105.359741907917
-18.7809680455307,155.524015342697,105.35376141033
-19.0792213140979,155.491474114801,105.347780912744
-19.3774117192363,155.458361790722,105.341800415157
-19.6755381689538,155.424678505513,105.33581991757
-19.9735995715715,155.390424396309,105.329839419984
-20.2715948357156,155.355599602333,105.323858922397
-20.5695228703332,155.320204264887,105.31787842481
-20.8673825847184,155.284238527354,105.311897927224
-21.1651728884715,155.247702535203,105.305917429637
-21.4628926915253,155.21059643598,105.299936932051
-21.7605409041713,155.172920379311,105.293956434464
-22.0581164370086,155.134674516903,105.287975936877
-22.3556182010025,155.095859002539,105.281995439291
-22.6530451074667,155.056473992079,105.276014941704
-22.9503960680565,155.016519643462,105.270034444117
-23.2476699947943,154.975996116699,105.264053946531
-23.5448658000626,154.934903573879,105.258073448944
-23.8419823965973,154.893242179164,105.252092951357
-24.1390186975023,154.85101209879,105.246112453771
-24.4359736162644,154.808213501063,105.240131956184
-24.7328460667361,154.764846556364,105.234151458598
-25.0296349631709,154.720911437137,105.228170961011
-25.3263392201848,154.676408317905,105.222190463424
-25.6229577527815,154.631337375254,105.216209965838
-25.9194894763672,154.58569878784,105.210229468251
-26.2159333067331,154.539492736386,105.204248970664
-26.5122881600807,154.49271940368,105.198268473078
-26.8085529530042,154.445378974577,105.192287975491
-27.1047266025163,154.397471635993,105.186307477904
-27.4008080260409,154.348997576909,105.180326980318
-27.6967961414061,154.29995698837,105.174346482731
-27.9926898668594,154.25035006348,105.168365985145
-28.2884881210826,154.200176997406,105.162385487558
-28.584189823184,154.149437987371,105.156404989971
-28.8797938926922,154.098133232658,105.150424492385
-29.1752992495705,154.046262934612,105.144443994798
-29.470704814243,153.993827296625,105.138463497211
-29.7660095075435,153.940826524154,105.132482999625
-30.0612122507742,153.887260824706,105.126502502038
-30.3563119656879,153.833130407841,105.120522004451
-30.6513075744808,153.778435485174,105.114541506865
-30.946197999818,153.723176270369,105.108561009278
-31.240982164816,153.667352979144,105.102580511692
-31.5356589930571,153.610965829264,105.096600014105
-31.830227408616,153.554015040541,105.090619516518
-32.1246863360076,153.496500834839,105.084639018932
-32.4190347002467,153.438423436064,105.078658521345
-32.7132714268299,153.379783070167,105.072678023758
-33.0073954417275,153.320579965148,105.066697526172
-33.3014056714111,153.260814351045,105.060717028585
-33.5953010428228,153.200486459944,105.054736530998
-33.8890804834346,153.139596525964,105.048756033412
-34.182742921209,153.078144785267,105.042775535825
-34.47628728458,153.01613147606,105.036795038239
-34.7697125025449,152.953556838577,105.030814540652
-35.06301750457,152.890421115098,105.024834043065
-35.3562012206599,152.826724549931,105.018853545479
-35.6492625813281,152.762467389425,105.012873047892
-35.9422005176231,152.697649881955,105.006892550305
-36.2350139611218,152.632272277931,105.000912052719
-36.5277018439107,152.566334829798,104.994931555132
-36.8202630986444,152.499837792023,104.988951057546
-37.1126966584737,152.432781421111,104.982970559959
-37.405001457158,152.36516597558,104.976990062372
-37.6971764289382,152.296991715988,104.971009564786
-37.9892205086281,152.228258904915,104.965029067199
-38.2811326316292,152.158967806955,104.959048569612
-38.5729117338468,152.089118688738,104.953068072026
-38.8645567517922,152.018711818904,104.947087574439
-39.1560666225106,151.947747468123,104.941107076852
-39.4474402836497,151.876225909074,104.935126579266
-39.7386766733984,151.804147416462,104.929146081679
-40.0297747305453,151.731512267003,104.923165584093
-40.3207333944711,151.658320739425,104.917185086506
-40.6115516050988,151.584573114482,104.911204588919
-40.9022283029726,151.510269674931,104.905224091333
-41.1927624292299,151.43541070554,104.899243593746
-41.483152925605,151.359996493089,104.893263096159
-41.7733987344108,151.28402732637,104.887282598573
-42.0634987985864,151.207503496177,104.881302100986
-42.3534520616788,151.130425295312,104.875321603399
-42.6432574678364,151.052793018583,104.869341105813
-42.9329139618231,150.974606962802,104.863360608226
-43.222420489033,150.895867426779,104.85738011064
-43.511775995473,150.81657471133,104.851399613053
-43.8009794277768,150.736729119269,104.845419115466
-44.0900297332308,150.656330955403,104.83943861788
-44.378925859723,150.575380526543,104.833458120293
-44.6676667557912,150.493878141495,104.827477622706
-44.9562513706368,150.41182411105,104.82149712512
-45.2446786540853,150.329218748001,104.815516627533
-45.5329475566012,150.246062367133,104.809536129946
-45.8210570293347,150.162355285212,104.80355563236
-46.109006024061,150.078097821004,104.797575134773
-46.3967934932481,149.993290295249,104.791594637187
-46.6844183899971,149.907933030685,104.7856141396
-46.9718796680983,149.822026352027,104.779633642013
-47.2591762820147,149.735570585972,104.773653144427
-47.5463071868634,149.648566061208,104.76767264684
-47.8332713384521,149.561013108396,104.761692149253
-48.1200676933037,149.472912060168,104.755711651667
-48.406695208575,149.384263251148,104.74973115408
-48.6931528421561,149.295067017925,104.743750656493
-48.9794395525892,149.205323699072,104.737770158907
-49.265554299168,149.115033635121,104.73178966132
-49.5514960418453,149.024197168586,104.725809163734
-49.8372637413013,148.932814643948,104.719828666147
-50.1228563589042,148.840886407658,104.71384816856
-50.4082728567672,148.748412808128,104.707867670974
-50.6935121976989,148.655394195738,104.701887173387
-50.978573345218,148.56183092284,104.6959066758
-51.2634552635992,148.467723343733,104.689926178214
-51.5481569178239,148.373071814687,104.683945680627
-51.832677273605,148.277876693929,104.67796518304
-52.1170152973909,148.182138341646,104.671984685454
-52.4011699563796,148.085857119975,104.666004187867
-52.6851402185009,147.989033393013,104.660023690281
-52.968925052431,147.891667526809,104.654043192694
-53.252523427607,147.79375988936,104.648062695107
-53.5359343142193,147.695310850612,104.642082197521
-53.8191566831946,147.596320782469,104.636101699934
-54.1021895062314,147.496790058775,104.630121202347
-54.3850317558139,147.396719055312,104.624140704761
-54.6676824051628,147.29610814982,104.618160207174
-54.9501404282814,147.194957721973,104.612179709587
-55.2324047999701,147.093268153379,104.606199212001
-55.5144744957763,146.991039827598,104.600218714414
-55.7963484920521,146.888273130117,104.594238216828
-56.0780257659251,146.784968448361,104.588257719241
-56.3595052953133,146.681126171693,104.582277221654
-56.6407860589394,146.5767466914,104.576296724068
-56.921867036302,146.47183040071,104.570316226481
-57.2027472077325,146.366377694765,104.564335728894
-57.4834255543463,146.260388970646,104.558355231308
-57.7639010580563,146.153864627359,104.552374733721
-58.0441727016087,146.04680506583,104.546394236135
-58.3242394685649,145.939210688902,104.540413738548
-58.6041003432846,145.831081901351,104.534433240961
-58.8837543109818,145.722419109857,104.528452743375
-59.1632003576658,145.613222723029,104.522472245788
-59.4424374701858,145.503493151389,104.516491748201
-59.7214646362353,145.393230807366,104.510511250615
-60.000280844345,145.282436105303,104.504530753028
-60.2788850838549,145.171109461462,104.498550255441
-60.5572763450017,145.059251293997,104.492569757855
-60.8354536188281,144.946862022981,104.486589260268
-61.1134158972286,144.833942070394,104.480608762682
-61.391162172994,144.720491860101,104.474628265095
-61.6686914397224,144.606511817892,104.468647767508
-61.9460026919044,144.492002371439,104.462667269922
-62.2230949248971,144.376963950315,104.456686772335
-62.4999671349058,144.261396985998,104.450706274748
-62.7766183190297,144.145301911848,104.444725777162
-63.0530474752337,144.028679163125,104.438745279575
-63.329253602363,143.911529176977,104.432764781988
-63.6052357001565,143.793852392438,104.426784284402
-63.8809927692401,143.675649250428,104.420803786815
-64.1565238110995,143.556920193764,104.414823289229
-64.4318278281456,143.437665667136,104.408842791642
-64.7069038236864,143.317886117111,104.402862294055
-64.9817508019213,143.197581992144,104.396881796469
-65.2563677679643,143.07675374256,104.390901298882
-65.5307537278074,142.955401820575,104.384920801295
-65.8049076883946,142.83352668026,104.378940303709
-66.0788286575651,142.711128777567,104.372959806122
-66.3525156440767,142.588208570319,104.366979308535
-66.6259676576096,142.464766518206,104.360998810949
-66.8991837087795,142.34080308278,104.355018313362
-67.1721628091216,142.216318727462,104.349037815776
-67.4449039710936,142.09131391754,104.343057318189
-67.7174062081194,141.96578912015,104.337076820602
-67.9896685345327,141.839744804298,104.331096323016
-68.2616899656304,141.71318144084,104.325115825429
-68.5334695176457,141.58609950249,104.319135327842
-68.8050062077621,141.458499463815,104.313154830256
-69.0762990541169,141.330381801232,104.307174332669
-69.3473470758038,141.20174699301,104.301193835082
-69.6181492928876,141.072595519257,104.295213337496
-69.8887047263867,140.942927861931,104.289232839909
-70.1590123982869,140.812744504836,104.283252342323
-70.4290713315548,140.682045933608,104.277271844736
-70.6988805501113,140.550832635735,104.271291347149
-70.968439078875,140.419105100532,104.265310849563
-71.2377459437255,140.286863819158,104.259330351976
-71.5068001715572,140.154109284589,104.253349854389
-71.7756007902221,140.020841991649,104.247369356803
-72.044146828574,139.887062436986,104.241388859216
-72.3124373164712,139.75277111907,104.235408361629
-72.5804712847603,139.617968538198,104.229427864043
-72.8482477652896,139.482655196495,104.223447366456
-73.1157657909122,139.346831597903,104.21746686887
-73.3830243955,139.21049824818,104.211486371283
-73.6500226139164,139.073655654909,104.205505873696
-73.91675948205,138.936304327484,104.19952537611
-74.1832340368281,138.798444777101,104.193544878523
-74.44944531617,138.660077516783,104.187564380936
-74.7153923590302,138.521203061355,104.18158388335
-74.9810742053921,138.38182192745,104.175603385763
-75.2464898962811,138.241934633497,104.169622888176
-75.511638473738,138.101541699741,104.16364239059
-75.7765189808724,137.960643648211,104.157661893003
-76.0411304617962,137.819241002753,104.151681395417
-76.3054719617066,137.677334288989,104.14570089783
-76.5695425268198,137.534924034352,104.139720400243
-76.8333412044145,137.392010768059,104.133739902657
-77.096867042844,137.248595021108,104.12775940507
-77.3601190914816,137.104677326303,104.121778907483
-77.6230964007825,136.960258218226,104.115798409897
-77.8857980222866,136.815338233229,104.10981791231
-78.1482230085737,136.669917909461,104.103837414724
-78.4103704133149,136.52399778684,104.097856917137
-78.672239291228,136.377578407077,104.09187641955
-78.9338286981578,136.230660313629,104.085895921964
-79.1951376909829,136.083244051753,104.079915424377
-79.4561653276963,135.935330168459,104.07393492679
-79.7169106673698,135.786919212533,104.067954429204
-79.9773727701674,135.638011734523,104.061973931617
-80.2375506973579,135.488608286737,104.05599343403
-80.4974435112799,135.338709423261,104.050012936444
-80.7570502754213,135.18831569991,104.044032438857
-81.0163700543182,135.037427674292,104.038051941271
-81.2754019136722,134.886045905734,104.032071443684
-81.5341449202486,134.734170955345,104.026090946097
-81.7925981419562,134.581803385965,104.020110448511
-82.0507606478126,134.428943762189,104.014129950924
-82.3086315079662,134.275592650351,104.008149453337
-82.5662097936609,134.121750618546,104.002168955751
-82.8234945773074,133.967418236587,103.996188458164
-83.0804849324183,133.812596076043,103.990207960577
-83.3371799336598,133.657284710207,103.984227462991
-83.5935786568164,133.50148471412,103.978246965404
-83.849680178842,133.345196664533,103.972266467818
-84.1054835777869,133.188421139962,103.966285970231
-84.3609879329055,133.031158720609,103.960305472644
-84.6161923245648,132.873409988428,103.954324975058
-84.8710958342944,132.715175527088,103.948344477471
-85.1256975447813,132.556455921981,103.942363979884
-85.379996539872,132.397251760214,103.936383482298
-85.6339919045763,132.23756363061,103.930402984711
-85.8876827250797,132.077392123701,103.924422487124
-86.1410680887185,131.916737831741,103.918441989538
-86.3941470840204,131.75560134868,103.912461491951
-86.6469188006699,131.593983270188,103.906480994365
-86.8993823295499,131.431884193624,103.900500496778
-87.1515367627154,131.269304718057,103.894519999191
-87.4033811933979,131.10624544426,103.888539501605
-87.6549147160358,130.942706974691,103.882559004018
-87.9061364262497,130.778689913509,103.876578506431
-88.1570454208552,130.614194866565,103.870598008845
-88.4076407978657,130.449222441397,103.864617511258
-88.6579216564953,130.283773247233,103.858637013671
-88.9078870971628,130.117847894986,103.852656516085
-89.1575362214938,129.951446997249,103.846676018498
-89.4068681323337,129.78457116829,103.840695520912
-89.6558819337136,129.617221024074,103.834715023325
-89.9045767309182,129.449397182214,103.828734525738
-90.1529516304243,129.281100262017,103.822754028152
-90.4010057399495,129.112330884445,103.816773530565
-90.6487381684191,128.943089672142,103.810793032978
-90.8961480259968,128.773377249411,103.804812535392
-91.1432344240872,128.603194242211,103.798832037805
-91.3899964753117,128.432541278174,103.792851540218
-91.6364332935391,128.261418986584,103.786871042632
-91.8825439938887,128.089827998373,103.780890545045
-92.1283276927148,127.917768946132,103.774910047459
-92.3737835076099,127.745242464112,103.768929549872
-92.6189105574351,127.572249188196,103.762949052285
-92.8637079622871,127.398789755925,103.756968554699
-93.1081748435368,127.224864806473,103.750988057112
-93.3523103237969,127.050474980665,103.745007559525
-93.5961135269604,126.875620920951,103.739027061939
-93.839583578177,126.700303271425,103.733046564352
-94.0827196038562,126.524522677816,103.727066066765
-94.3255207316967,126.348279787476,103.721085569179
-94.5679860906629,126.171575249386,103.715105071592
-94.8101148109882,125.994409714163,103.709124574006
-95.0519060242043,125.816783834031,103.703144076419
-95.2933588631086,125.638698262849,103.697163578832
-95.5344724618031,125.460153656077,103.691183081246
-95.7752459556614,125.281150670808,103.685202583659
-96.0156784813676,125.101689965732,103.679222086072
-96.2557691768924,124.921772201153,103.673241588486
-96.495517181496,124.741398038994,103.667261090899
-96.7349216357582,124.560568142765,103.661280593312
-96.973981681545,124.379283177593,103.655300095726
-97.2126964620478,124.197543810193,103.649319598139
-97.4510651217507,124.015350708887,103.643339100553
-97.6890868064595,123.832704543587,103.637358602966
-97.9267606633056,123.649605985789,103.631378105379
-98.1640858407215,123.466055708591,103.625397607793
-98.4010614884707,123.282054386673,103.619417110206
-98.6376867576505,123.097602696288,103.613436612619
-98.8739608006684,122.912701315288,103.607456115033
-99.1098827712716,122.727350923094,103.601475617446
-99.3454518245497,122.541552200697,103.59549511986
-99.5806671169029,122.355305830682,103.589514622273
-99.8155278061057,122.168612497176,103.583534124686
-100.05003305124,121.981472885904,103.5775536271
-100.284182012768,121.793887684125,103.571573129513
-100.517973852464,121.605857580691,103.565592631926
-100.751407733483,121.417383265993,103.55961213434
-100.98448282032,121.228465431984,103.553631636753
-101.217198278832,121.039104772173,103.547651139166
-101.449553276232,120.849301981622,103.54167064158
-101.681546981088,120.659057756948,103.535690143993
-101.913178563342,120.468372796306,103.529709646407
-102.144447194313,120.27724779939,103.52372914882
-102.375352046681,120.08568346744,103.517748651233
-102.605892294494,119.893680503244,103.511768153647
-102.836067113183,119.701239611116,103.50578765606
-103.065875679558,119.508361496904,103.499807158473
-103.295317171813,119.315046867986,103.493826660887
-103.524390769536,119.12129643326,103.4878461633
-103.753095653674,118.927110903171,103.481865665713
-103.981431006595,118.732490989662,103.475885168127
-104.209396012047,118.537437406206,103.46990467054
-104.436989855178,118.341950867788,103.463924172954
-104.664211722526,118.146032090918,103.457943675367
-104.891060802037,117.949681793606,103.45196317778
-105.117536283072,117.752900695367,103.445982680194
-105.34363735639,117.555689517223,103.440002182607
-105.569363214145,117.358048981718,103.43402168502
-105.794713049936,117.159979812864,103.428041187434
-106.019686058744,116.9614827362,103.422060689847
-106.244281436993,116.762558478737,103.41608019226
-106.46849838253,116.563207768977,103.410099694674
-106.692336094591,116.36343133694,103.404119197087
-106.915793773889,116.163229914087,103.398138699501
-107.138870622523,115.962604233401,103.392158201914
-107.361565844044,115.761555029327,103.386177704327
-107.583878643434,115.56008303779,103.380197206741
-107.805808227116,115.358188996187,103.374216709154
-108.027353802958,115.155873643382,103.368236211567
-108.248514580248,114.953137719727,103.362255713981
-108.469289769736,114.749981967026,103.356275216394
-108.689678583635,114.546407128532,103.350294718807
-108.909680235569,114.342413948996,103.344314221221
-109.129293940656,114.138003174585,103.338333723634
-109.348518915455,113.93317555294,103.332353226048
-109.567354377966,113.727931833167,103.326372728461
-109.785799547675,113.522272765796,103.320392230874
-110.003853645524,113.316199102814,103.314411733288
-110.221515893915,113.109711597655,103.308431235701
-110.438785516734,112.902811005179,103.302450738114
-110.655661739323,112.695498081701,103.296470240528
-110.872143788508,112.487773584958,103.290489742941
-111.088230892598,112.279638274114,103.284509245354
-111.303922281359,112.071092909783,103.278528747768
-111.519217186057,111.86213825399,103.272548250181
-111.734114839457,111.652775070165,103.266567752595
-111.948614475772,111.443004123199,103.260587255008
-112.162715330745,111.232826179359,103.254606757421
-112.376416641589,111.02224200635,103.248626259835
-112.58971764702,110.811252373281,103.242645762248
-112.802617587242,110.599858050674,103.236665264661
-113.015115703979,110.388059810443,103.230684767075
-113.227211240439,110.175858425918,103.224704269488
-113.438903441346,109.96325467182,103.218723771901
-113.650191552938,109.75024932426,103.212743274315
-113.861074822942,109.536843160765,103.206762776728
-114.071552500611,109.323036960235,103.200782279142
-114.281623836734,109.108831502942,103.194801781555
-114.491288083575,108.894227570584,103.188821283968
-114.700544494952,108.679225946205,103.182840786382
-114.909392326206,108.463827414229,103.176860288795
-115.117830834182,108.248032760479,103.170879791208
-115.325859277265,108.031842772135,103.164899293622
-115.533476915383,107.815258237737,103.158918796035
-115.740683009972,107.598279947215,103.152938298448
-115.947476824034,107.380908691832,103.146957800862
-116.153857622079,107.163145264241,103.140977303275
-116.359824670183,106.94499045843,103.134996805689
-116.565377235946,106.726445069756,103.129016308102
-116.770514588524,106.507509894919,103.123035810515
-116.975235998622,106.288185731969,103.117055312929
-117.179540738484,106.068473380306,103.111074815342
-117.383428081926,105.848373640659,103.105094317755
-117.586897304303,105.62788731511,103.099113820169
-117.789947682535,105.40701520707,103.093133322582
-117.992578495102,105.185758121281,103.087152824996
-118.194789022042,104.964116863826,103.081172327409
-118.396578544961,104.742092242105,103.075191829822
-118.597946347044,104.519685064832,103.069211332236
-118.798891713023,104.296896142068,103.063230834649
-118.999413929221,104.073726285167,103.057250337062
-119.199512283526,103.850176306813,103.051269839476
-119.399186065414,103.626247020986,103.045289341889
-119.59843456592,103.401939242998,103.039308844302
-119.797257077684,103.177253789441,103.033328346716
-119.995652894912,102.952191478228,103.027347849129
-120.193621313408,102.726753128559,103.021367351543
-120.39116163057,102.500939560925,103.015386853956
-120.588273145364,102.274751597133,103.009406356369
-120.784955158367,102.048190060264,103.003425858783
-120.981206971751,101.821255774684,102.997445361196
-121.177027889286,101.593949566044,102.991464863609
-121.372417216341,101.366272261275,102.985484366023
-121.567374259883,101.138224688593,102.979503868436
-121.761898328497,100.90980767747,102.973523370849
-121.955988732356,100.681022058678,102.967542873263
-122.149644783261,100.451868664227,102.961562375676
-122.342865794607,100.222348327421,102.95558187809
-122.53565108143,99.9924618827876,102.949601380503
-122.72799996036,99.7622101661416,102.943620882916
-122.919911749649,99.5315940145513,102.93764038533
-123.111385769176,99.3006142663286,102.931659887743
-123.302421340448,99.0692717610256,102.925679390156
-123.493017786573,98.8375673394752,102.91969889257
-123.683174432328,98.6055018436997,102.913718394983
-123.872890604076,98.3730761170138,102.907737897396
-124.062165629844,98.140291003933,102.90175739981
-124.250998839276,97.9071473502236,102.895776902223
-124.439389563669,97.6736460028636,102.889796404637
-124.627337135937,97.4397878100844,102.88381590705
-124.814840890658,97.2055736213139,102.877835409463
-125.001900164036,96.9710042872181,102.871854911877
-125.188514293939,96.7360806596622,102.86587441429
-125.374682619858,96.5008035917516,102.859893916703
-125.560404482949,96.2651739377847,102.853913419117
-125.745679226029,96.0291925532582,102.84793292153
-125.930506193546,95.7928602948997,102.841952423943
-126.114884731621,95.5561780206194,102.835971926357
-126.298814188037,95.3191465895169,102.82999142877
-126.482293912227,95.0817668619036,102.824010931184
-126.665323255285,94.8440396992822,102.818030433597
-126.84790156998,94.6059659643345,102.81204993601
-127.030028210744,94.3675465209269,102.806069438424
-127.211702533681,94.128782234107,102.800088940837
-127.392923896553,93.889673970119,102.79410844325
-127.573691658822,93.6502225963457,102.788127945664
-127.754005181598,93.410428981378,102.782147448077
-127.933863827689,93.1702939949475,102.77616695049
-128.113266961565,92.929818507979,102.770186452904
-128.292213949395,92.6890033925312,102.764205955317
-128.47070415902,92.4478495218399,102.758225457731
-128.648736959975,92.2063577702871,102.752244960144
-128.826311723474,91.9645290134162,102.746264462557
-129.003427822437,91.7223641279007,102.740283964971
-129.180084631454,91.4798639915873,102.734303467384
-129.356281526832,91.2370294834373,102.728322969797
-129.532017886558,90.9938614835694,102.722342472211
-129.707293090321,90.7503608732378,102.716361974624
-129.882106519519,90.5065285348106,102.710381477037
-130.056457557244,90.2623653518032,102.704400979451
-130.230345588297,90.0178722088479,102.698420481864
-130.403769999177,89.773049991708,102.692439984278
-130.576730178102,89.5278995872573,102.686459486691
-130.749225514997,89.2824218834847,102.680478989104
-130.921255401496,89.0366177695013,102.674498491518
-131.092819230951,88.7904881355176,102.668517993931
-131.263916398425,88.5440338728596,102.662537496344
-131.434546300708,88.2972558739462,102.656556998758
-131.604708336313,88.050155032286,102.650576501171
-131.774401905453,87.8027322425208,102.644596003584
-131.943626410096,87.5549884003381,102.638615505998
-132.112381253904,87.3069244025613,102.632635008411
-132.280665842304,87.0585411470432,102.626654510825
-132.448479582419,86.8098395327755,102.620674013238
-132.61582188312,86.5608204598003,102.614693515651
-132.782692155018,86.3114848292264,102.608713018065
-132.949089810442,86.0618335432629,102.602732520478
-133.115014263472,85.8118675051691,102.596752022891
-133.280464929926,85.5615876192698,102.590771525305
-133.445441227365,85.310994790952,102.584791027718
-133.60994257508,85.0600899266803,102.578810530132
-133.773968394132,84.8088739339371,102.572830032545
-133.9375181073,84.5573477213042,102.566849534958
-134.10059113914,84.3055121983644,102.560869037372
-134.263186915931,84.0533682757936,102.554888539785
-134.425304865734,83.8009168652616,102.548908042198
-134.586944418339,83.5481588795154,102.542927544612
-134.748105005314,83.2950952323078,102.536947047025
-134.908786059963,83.0417268384525,102.530966549438
-135.068987017372,82.7880546137625,102.524986051852
-135.228707314369,82.5340794751046,102.519005554265
-135.387946389564,82.2798023403379,102.513025056679
-135.546703683319,82.0252241283592,102.507044559092
-135.704978637773,81.7703457590702,102.501064061505
-135.862770696825,81.5151681533934,102.495083563919
-136.020079306145,81.2596922332592,102.489103066332
-136.17690391319,81.0039189215828,102.483122568745
-136.333243967178,80.7478491422998,102.477142071159
-136.489098919102,80.4914838203436,102.471161573572
-136.644468221742,80.2348238816316,102.465181075985
-136.799351329655,79.977870253072,102.459200578399
-136.953747699174,79.72062386257,102.453220080812
-137.107656788417,79.4630856390141,102.447239583226
-137.261078057297,79.2052565122543,102.441259085639
-137.414010967503,78.9471374131364,102.435278588052
-137.566454982506,78.6887292734898,102.429298090466
-137.71840956759,78.4300330260742,102.423317592879
-137.869874189809,78.1710496046556,102.417337095292
-138.02084831802,77.9117799439427,102.411356597706
-138.171331422878,77.6522249796044,102.405376100119
-138.321322976821,77.392385648285,102.399395602532
-138.470822454104,77.1322628875522,102.393415104946
-138.61982933077,76.871857635942,102.387434607359
-138.768343084671,76.6111708329266,102.381454109773
-138.91636319545,76.3502034189402,102.375473612186
-139.063889144578,76.0889563353161,102.369493114599
-139.210920415305,75.8274305243721,102.363512617013
-139.357456492717,75.5656269293086,102.357532119426
-139.503496863685,75.3035464943032,102.351551621839
-139.649041016909,75.0411901644194,102.345571124253
-139.794088442902,74.7785588856512,102.339590626666
-139.938638633977,74.5156536049306,102.333610129079
-140.082691084277,74.2524752700838,102.327629631493
-140.226245289762,73.9890248298478,102.321649133906
-140.369300748213,73.7253032338671,102.31566863632
-140.51185695922,73.4613114327093,102.309688138733
-140.653913424213,73.1970503778129,102.303707641146
-140.795469646432,72.9325210215428,102.29772714356
-140.93652513095,72.6677243171371,102.291746645973
-141.077079384677,72.4026612187137,102.285766148386
-141.217131916328,72.1373326813165,102.2797856508
-141.356682236477,71.8717396608222,102.273805153213
-141.495729857502,71.6058831140367,102.267824655626
-141.634274293645,71.3397639985908,102.26184415804
-141.772315060952,71.0733832730385,102.255863660453
-141.909851677331,70.8067418967613,102.249883162867
-142.046883662521,70.5398408300159,102.24390266528
-142.183410538091,70.272681033941,102.237922167693
-142.319431827461,70.0052634705124,102.231941670107
-142.454947055896,69.7375891025609,102.22596117252
-142.589955750492,69.4696588937877,102.219980674933
-142.724457440214,69.2014738087011,102.214000177347
-142.858451655848,68.9330348127037,102.20801967976
-142.991937930048,68.6643428719978,102.202039182173
-143.124915797309,68.3953989536422,102.196058684587
-143.257384793978,68.1262040255292,102.190078187
-143.389344458259,67.8567590563701,102.184097689414
-143.520794330212,67.5870650157021,102.178117191827
-143.651733951741,67.3171228739051,102.17213669424
-143.782162866625,67.0469336021475,102.166156196654
-143.912080620483,66.7764981724431,102.160175699067
-144.041486760809,66.505817557597,102.15419520148
-144.170380836955,66.2348927312224,102.148214703894
-144.298762400132,65.9637246677472,102.142234206307
-144.426631003416,65.6923143424001,102.136253708721
-144.553986201756,65.4206627311867,102.130273211134
-144.680827551954,65.1487708109473,102.124292713547
-144.807154612699,64.8766395592609,102.118312215961
-144.932966944533,64.6042699545342,102.112331718374
-145.058264109875,64.3316629759468,102.106351220787
-145.18304567302,64.0588196034469,102.100370723201
-145.307311200137,63.7857408177588,102.094390225614
-145.431060259266,63.5124276003891,102.088409728027
-145.554292420323,63.2388809336131,102.082429230441
-145.677007255106,62.9651018004604,102.076448732854
-145.799204337293,62.6910911847225,102.070468235268
-145.920883242434,62.4168500709687,102.064487737681
-146.042043547968,62.1423794445022,102.058507240094
-146.162684833215,61.8676802913868,102.052526742508
-146.282806679381,61.5927535984231,102.046546244921
-146.40240866956,61.3176003531545,102.040565747334
-146.521490388722,61.0422215438854,102.034585249748
-146.640051423736,60.7666181596352,102.028604752161
-146.758091363359,60.4907911901559,102.022624254574
-146.875609798234,60.2147416259383,102.016643756988
-146.992606320897,59.9384704581987,102.010663259401
-147.109080525782,59.6619786788645,102.004682761815
-147.22503200921,59.3852672805915,101.998702264228
-147.340460369401,59.1083372567497,101.992721766641
-147.455365206474,58.8311896014094,101.986741269055
-147.569746122446,58.5538253093477,101.980760771468
-147.683602721227,58.2762453760662,101.974780273881
-147.796934608633,57.9984507977454,101.968799776295
-147.909741392382,57.7204425712615,101.962819278708
-148.022022682089,57.4422216942046,101.956838781121
-148.133778089281,57.1637891648219,101.950858283535
-148.245007227382,56.8851459820773,101.944877785948
-148.355709711727,56.6062931455952,101.938897288362
-148.465885159561,56.3272316556778,101.932916790775
-148.575533190024,56.0479625133333,101.926936293188
-148.68465342419,55.768486720177,101.920955795602
-148.793245485015,55.4888052785651,101.914975298015
-148.901308997392,55.2089191914535,101.908994800428
-149.008843588107,54.9288294625108,101.903014302842
-149.115848885876,54.6485370960191,101.897033805255
-149.222324521322,54.3680430969339,101.891053307668
-149.328270126984,54.0873484708594,101.885072810082
-149.433685337318,53.8064542240445,101.879092312495
-149.538569788708,53.5253613633583,101.873111814909
-149.642923119445,53.2440708963394,101.867131317322
-149.746744969744,52.9625838311498,101.861150819735
-149.850034981747,52.6809011765707,101.855170322149
-149.952792799516,52.3990239420102,101.849189824562
-150.055018069035,52.1169531375098,101.843209326975
-150.156710438209,51.8346897737411,101.837228829389
-150.257869556881,51.5522348619591,101.831248331802
-150.358495076806,51.2695894140626,101.825267834215
-150.458586651679,50.9867544425371,101.819287336629
-150.55814393712,50.7037309604732,101.813306839042
-150.657166590675,50.4205199815828,101.807326341456
-150.755654271824,50.1371225201543,101.801345843869
-150.853606641983,49.8535395910692,101.795365346282
-150.951023364491,49.5697722098199,101.789384848696
-151.047904104629,49.285821392464,101.783404351109
-151.144248529613,49.0016881556409,101.777423853522
-151.240056308588,48.7173735165903,101.771443355936
-151.335327112637,48.4328784931166,101.765462858349
-151.430060614793,48.1482041035623,101.759482360762
-151.524256490007,47.8633513669027,101.753501863176
-151.61791441519,47.578321302612,101.747521365589
-151.711034069175,47.2931149307789,101.741540868003
-151.803615132752,47.0077332720048,101.735560370416
-151.895657288645,46.7221773474659,101.729579872829
-151.987160221521,46.4364481788871,101.723599375243
-152.078123617992,46.1505467885392,101.717618877656
-152.168547166618,45.864474199223,101.711638380069
-152.258430557899,45.5782314342994,101.705657882483
-152.34777348429,45.2918195176311,101.699677384896
-152.436575640188,45.0052394736326,101.693696887309
-152.524836721935,44.7184923272564,101.687716389723
-152.612556427832,44.431579103945,101.681735892136
-152.699734458117,44.1445008297042,101.67575539455
-152.786370514996,43.8572585310007,101.669774896963
-152.872464302609,43.569853234868,101.663794399376
-152.958015527064,43.2822859688035,101.65781390179
-153.04302389641,42.9945577608424,101.651833404203
-153.127489120656,42.7066696395094,101.645852906616
-153.21141091177,42.4186226338046,101.63987240903
-153.294788983669,42.1304177732538,101.633891911443
-153.377623052231,41.8420560878511,101.627911413857
-153.459912835286,41.5535386080977,101.62193091627
-153.541658052631,41.2648663649445,101.615950418683
-153.622858426014,40.9760403898534,101.609969921097
-153.703513679143,40.6870617147501,101.60398942351
-153.783623537696,40.3979313720092,101.598008925923
-153.863187729298,40.1086503945166,101.592028428337
-153.942205983549,39.8192198155774,101.58604793075
-154.020678032004,39.5296406689788,101.580067433163
-154.098603608182,39.2399139889743,101.574086935577
-154.175982447571,38.9500408102375,101.56810643799
-154.252814287618,38.660022167923,101.562125940404
-154.329098867737,38.3698590976191,101.556145442817
-154.404835929311,38.0795526353445,101.55016494523
-154.480025215691,37.7891038175547,101.544184447644
-154.55466647219,37.4985136811611,101.538203950057
-154.628759446091,37.207783263494,101.53222345247
-154.702303886649,36.9169136022984,101.526242954884
-154.775299545087,36.625905735753,101.520262457297
-154.847746174599,36.3347607024435,101.51428195971
-154.919643530348,36.0434795413929,101.508301462124
-154.990991369467,35.7520632920243,101.502320964537
-155.06178945107,35.4605129941457,101.496340466951
-155.132037536231,35.1688296880133,101.490359969364
-155.20173538801,34.8770144142386,101.484379471777
-155.270882771434,34.5850682138511,101.478398974191
-155.339479453503,34.2929921282842,101.472418476604
-155.407525203197,34.0007871993375,101.466437979017
-155.475019791472,33.7084544691952,101.460457481431
-155.541962991256,33.4159949804452,101.454476983844
-155.608354577456,33.1234097760411,101.448496486257
-155.674194326962,32.8306998992882,101.442515988671
-155.739482018631,32.537866393906,101.436535491084
-155.80421743331,32.2449103039355,101.430554993498
-155.868400353818,31.9518326738135,101.424574495911
-155.932030564955,31.6586345483237,101.418593998324
-155.995107853506,31.365316972583,101.412613500738
-156.057632008229,31.0718809921036,101.406633003151
-156.119602819872,30.7783276527,101.400652505564
-156.181020081157,30.4846580005643,101.394672007978
-156.241883586794,30.1908730822055,101.388691510391
-156.302193133472,29.896973944491,101.382711012804
-156.361948519866,29.6029616345982,101.376730515218
-156.421149546634,29.3088372000441,101.370750017631
-156.479796016421,29.0146016886592,101.364769520045
-156.53788773385,28.7202561486171,101.358789022458
-156.595424505536,28.4258016283863,101.352808524871
-156.652406140075,28.1312391767713,101.346828027285
-156.708832448055,27.8365698428521,101.340847529698
-156.764703242043,27.54179467606,101.334867032111
-156.820018336599,27.2469147260829,101.328886534525
-156.874777548267,26.9519310429412,101.322906036938
-156.928980695583,26.6568446769272,101.316925539351
-156.982627599067,26.3616566786351,101.310945041765
-157.035718081228,26.0663680989575,101.304964544178
-157.088251966568,25.7709799890367,101.298984046592
-157.140229081574,25.4754934003277,101.293003549005
-157.191649254725,25.1799093845505,101.287023051418
-157.242512316491,24.8842289936855,101.281042553832
-157.292818099332,24.5884532799925,101.275062056245
-157.342566437696,24.2925832960073,101.269081558658
-157.391757168027,23.9966200945031,101.263101061072
-157.44039012876,23.700564728511,101.257120563485
-157.488465160316,23.404418251348,101.251140065898
-157.535982105117,23.1081817165359,101.245159568312
-157.582940807574,22.8118561778644,101.239179070725
-157.629341114088,22.5154426893764,101.233198573139
-157.675182873057,22.2189423053299,101.227218075552
-157.720465934873,21.9223560802289,101.221237577965
-157.765190151918,21.6256850688074,101.215257080379
-157.809355378573,21.3289303260263,101.209276582792
-157.852961471209,21.0320929070695,101.203296085205
-157.896008288195,20.7351738673398,101.197315587619
-157.938495689894,20.4381742624443,101.191335090032
-157.980423538666,20.1410951482129,101.185354592445
-158.021791698863,19.8439375806832,101.179374094859
-158.062600036834,19.5467026161082,101.173393597272
-158.102848420925,19.2493913109187,101.167413099686
-158.142536721479,18.9520047217531,101.161432602099
-158.181664810834,18.6545439054315,101.155452104512
-158.220232563323,18.3570099189965,101.149471606926
-158.258239855283,18.0594038196196,101.143491109339
-158.295686565037,17.7617266647214,101.137510611752
-158.332572572916,17.4639795118437,101.131530114166
-158.368897761243,17.1661634187245,101.125549616579
-158.404662014337,16.8682794432837,101.119569118993
-158.439865218521,16.5703286435843,101.113588621406
-158.474507262112,16.2723120778524,101.107608123819
-158.508588035425,15.9742308045062,101.101627626233
-158.542107430773,15.6760858820853,101.095647128646
-158.575065342472,15.3778783692803,101.089666631059
-158.607461666829,15.0796093249637,101.083686133473
-158.639296302158,14.7812798081054,101.077705635886
-158.670569148767,14.482890877839,101.071725138299
-158.701280108963,14.1844435934445,101.065744640713
-158.731429087053,13.8859390143235,101.059764143126
-158.761015989344,13.5873781999946,101.05378364554
-158.790040724143,13.2887622101128,101.047803147953
-158.818503201754,12.9900921044536,101.041822650366
-158.846403334482,12.6913689429217,101.03584215278
-158.873741036631,12.392593785512,101.029861655193
-158.900516224505,12.0937676923295,101.023881157606
-158.926728816408,11.7948917236191,101.01790066002
-158.952378732644,11.4959669396937,101.011920162433
-158.977465895515,11.1969944009758,101.005939664846
-159.001990229325,10.8979751679717,100.99995916726
-159.025951660377,10.5989103013005,100.993978669673
-159.049350116974,10.2998008616691,100.987998172087
-159.07218552942,10.0006479098215,100.9820176745
-159.094457830015,9.70145250665008,100.976037176913
-159.116166953065,9.40221571306582,100.970056679327
-159.137312834872,9.10293859007456,100.96407618174
-159.157895413738,8.80362219876139,100.958095684153
-159.177914629967,8.50426760026496,100.952115186567
-159.19737042586,8.204875855773,100.94613468898
-159.216262745721,7.90544802655277,100.940154191393
-159.234591535852,7.60598517390221,100.934173693807
-159.252356744555,7.30648835917965,100.92819319622
-159.269558322132,7.00695864380092,100.922212698634
-159.286196220885,6.70739708920036,100.916232201047
-159.302270395116,6.40780475686213,100.91025170346
-159.317780801124,6.10818270831615,100.904271205874
-159.332727397211,5.8085320050997,100.898290708287
-159.347110143676,5.50885370878887,100.8923102107
-159.360929002818,5.20914888098207,100.886329713114
-159.374183938936,4.90941858330882,100.880349215527
-159.386874918326,4.60966387739126,100.87436871794
-159.399001909286,4.30988582487456,100.868388220354
-159.41056488211,4.01008548742331,100.862407722767
-159.421563809092,3.71026392667223,100.856427225181
-159.431998664525,3.4104222043019,100.850446727594
-159.4418694247,3.11056138195551,100.844466230007
-159.451176067905,2.8106825212806,100.838485732421
-159.459918574429,2.51078668392511,100.832505234834
-159.468096926556,2.21087493149973,100.826524737247
-159.47571110857,1.91094832560826,100.820544239661
-159.482761106751,1.61100792783228,100.814563742074
-159.489246909378,1.31105479972764,100.808583244487
-159.495168506726,1.01109000283179,100.802602746901
-159.500525891068,0.711114598626282,100.796622249314
-159.505319056673,0.411129648578072,100.790641751728
-159.509547999807,0.111136214090587,100.784661254141
-159.513212718732,-0.188864643465897,100.778680756554
-159.516313213707,-0.488871862769478,100.772700258968
-159.518849486987,-0.788884382527992,100.766719761381
-159.52082154282,-1.0889011415614,100.760739263794
-159.522229387455,-1.38892107869288,100.754758766208
-159.52307302913,-1.68894313283182,100.748778268621
-159.523352478082,-1.98896624296547,100.742797771034
-159.523067746542,-2.28898934814132,100.736817273448
-159.522218848733,-2.58901138745826,100.730836775861
-159.520805800876,-2.88903130013927,100.724856278275
-159.518828621182,-3.18904802545487,100.718875780688
-159.516287329858,-3.48906050278493,100.712895283101
-159.513181949104,-3.7890676715754,100.706914785515
-159.509512503112,-4.08906847136598,100.700934287928
-159.505279018067,-4.38906184182728,100.694953790341
-159.500481522146,-4.68904672269714,100.688973292755
-159.495120045517,-4.98902205382857,100.682992795168
-159.489194620343,-5.28898677518345,100.677012297581
-159.482705280774,-5.58893982682402,100.671031799995
-159.475652062954,-5.88888014896228,100.665051302408
-159.468035005016,-6.18880668188454,100.659070804822
-159.459854147083,-6.48871836602299,100.653090307235
-159.451109531269,-6.78861414194809,100.647109809648
-159.441801201676,-7.08849295034937,100.641129312062
-159.431929204396,-7.38835373203972,100.635148814475
-159.421493587508,-7.68819542799298,100.629168316888
-159.410494401083,-7.98801697930177,100.623187819302
-159.398931697175,-8.28781732721577,100.617207321715
-159.386805529829,-8.58759541313427,100.611226824129
-159.374115955074,-8.88735017860946,100.605246326542
-159.360863030929,-9.18708056536133,100.599265828955
-159.347046817396,-9.48678551523669,100.593285331369
-159.332667376464,-9.78646397026904,100.587304833782
-159.317724772107,-10.0861148726827,100.581324336195
-159.302219070285,-10.3857371648283,100.575343838609
-159.286150338938,-10.6853297892654,100.569363341022
-159.269518647996,-10.9848916887103,100.563382843435
-159.252324069368,-11.2844218060736,100.557402345849
-159.234566676947,-11.5839190844522,100.551421848262
-159.216246546607,-11.8833824671445,100.545441350676
-159.197363756207,-12.1828108976202,100.539460853089
-159.177918385585,-12.4822033195468,100.533480355502
-159.157910516559,-12.7815586768156,100.527499857916
-159.13734023293,-13.0808759135119,100.521519360329
-159.116207620477,-13.3801539739293,100.515538862742
-159.094512766959,-13.6793918025517,100.509558365156
-159.072255762111,-13.9785883441356,100.503577867569
-159.049436697651,-14.2777425435893,100.497597369982
-159.02605566727,-14.5768533461016,100.491616872396
-159.002112766641,-14.875919697043,100.485636374809
-158.977608093407,-15.1749405420489,100.479655877223
-158.952541747192,-15.4739148269785,100.473675379636
-158.926913829593,-15.7728414979288,100.467694882049
-158.900724444183,-16.0717195012279,100.461714384463
-158.873973696509,-16.3705477834606,100.455733886876
-158.84666169409,-16.6693252914616,100.449753389289
-158.818788546418,-16.96805097233,100.443772891703
-158.79035436496,-17.2667237733871,100.437792394116
-158.761359263151,-17.5653426422493,100.431811896529
-158.7318033564,-17.8639065267858,100.425831398943
-158.701686762085,-18.1624143751223,100.419850901356
-158.671009599553,-18.460865135667,100.41387040377
-158.639771990122,-18.7592577571152,100.407889906183
-158.607974057078,-19.0575911884067,100.401909408596
-158.575615925671,-19.3558643788096,100.39592891101
-158.542697723125,-19.6540762778323,100.389948413423
-158.509219578625,-19.9522258353078,100.383967915836
-158.475181623324,-20.2503120013397,100.37798741825
-158.440583990339,-20.5483337263404,100.372006920663
-158.405426814752,-20.8462899610227,100.366026423076
-158.369710233608,-21.1441796564048,100.36004592549
-158.333434385916,-21.4420017638124,100.354065427903
-158.296599412645,-21.7397552348839,100.348084930317
-158.259205456728,-22.0374390215611,100.34210443273
-158.221252663059,-22.3350520761172,100.336123935143
-158.182741178489,-22.6325933511477,100.330143437557
-158.14367115183,-22.930061799575,100.32416293997
-158.104042733855,-23.2274563746403,100.318182442383
-158.063856077288,-23.5247760299414,100.312201944797
-158.023111336816,-23.8220197194021,100.30622144721
-157.981808669082,-24.1191863972651,100.300240949623
-157.939948232682,-24.4162750181515,100.294260452037
-157.897530188164,-24.7132845370308,100.28827995445
-157.854554698038,-25.0102139091799,100.282299456864
-157.81102192676,-25.3070620902877,100.276318959277
-157.76693204074,-25.6038280363683,100.27033846169
-157.722285208339,-25.9005107038218,100.264357964104
-157.677081599874,-26.1971090493697,100.258377466517
-157.631321387601,-26.4936220301716,100.25239696893
-157.585004745737,-26.7900486036931,100.246416471344
-157.538131850436,-27.086387727834,100.240435973757
-157.490702879807,-27.3826383608413,100.23445547617
-157.442718013901,-27.6787994613583,100.228474978584
-157.394177434721,-27.9748699883939,100.222494480997
-157.345081326204,-28.2708489014059,100.216513983411
-157.29542987424,-28.5667351601796,100.210533485824
-157.245223266658,-28.8625277249451,100.204552988237
-157.194461693229,-29.1582255563239,100.198572490651
-157.143145345664,-29.4538276153443,100.192591993064
-157.091274417621,-29.7493328634221,100.186611495477
-157.038849104689,-30.0447402624206,100.180630997891
-156.985869604397,-30.3400487746093,100.174650500304
-156.932336116213,-30.6352573626784,100.168670002718
-156.878248841544,-30.9303649897321,100.162689505131
-156.823607983729,-31.2253706193133,100.156709007544
-156.768413748042,-31.5202732153969,100.150728509958
-156.712666341693,-31.8150717423824,100.144748012371
-156.656365973821,-32.1097651651303,100.138767514784
-156.599512855502,-32.40435244891,100.132787017198
-156.542107199734,-32.6988325594821,100.126806519611
-156.484149221457,-32.9932044630121,100.120826022024
-156.42563913753,-33.2874671261412,100.114845524438
-156.366577166745,-33.5816195159674,100.108865026851
-156.306963529814,-33.8756606000608,100.102884529265
-156.246798449386,-34.1695893464215,100.096904031678
-156.186082150027,-34.4634047235403,100.090923534091
-156.124814858228,-34.7571057003787,100.084943036505
-156.062996802403,-35.0506912463732,100.078962538918
-156.000628212891,-35.3441603314276,100.072982041331
-155.937709321945,-35.6375119259499,100.067001543745
-155.874240363743,-35.9307450008114,100.061021046158
-155.81022157438,-36.2238585273837,100.055040548571
-155.745653191871,-36.5168514775198,100.049060050985
-155.680535456145,-36.80972282358,100.043079553398
-155.614868609047,-37.1024715384246,100.037099055812
-155.548652894336,-37.395096595406,100.031118558225
-155.481888557681,-37.6875969684168,100.025138060638
-155.414575846673,-37.9799716318045,100.019157563052
-155.346715010804,-38.2722195604753,100.013177065465
-155.278306301483,-38.5643397298303,100.007196567878
-155.209349972022,-38.8563311158139,100.001216070292
-155.139846277647,-39.1481926948626,99.9952355727051
-155.069795475485,-39.4399234439732,99.9892550751185
-154.99919782457,-39.7315223406638,99.9832745775318
-154.928053585847,-40.0229883629658,99.9772940799452
-154.856363022151,-40.3143204894928,99.9713135823585
-154.784126398235,-40.6055176993462,99.9653330847719
-154.711343980739,-40.8965789722282,99.9593525871853
-154.638016038211,-41.187503288357,99.9533720895986
-154.564142841096,-41.4782896285042,99.947391592012
-154.489724661733,-41.7689369740192,99.9414110944254
-154.414761774366,-42.0594443067786,99.9354305968387
-154.339254455123,-42.3498106092557,99.9294500992521
-154.263202982031,-42.6400348644792,99.9234696016655
-154.186607635015,-42.9301160560267,99.9174891040788
-154.109468695883,-43.2200531680822,99.9115086064922
-154.031786448339,-43.5098451853859,99.9055281089056
-153.953561177972,-43.7994910932693,99.8995476113189
-153.874793172261,-44.0889898776489,99.8935671137323
-153.795482720571,-44.3783405250284,99.8875866161457
-153.715630114156,-44.6675420224817,99.881606118559
-153.635235646149,-44.9565933577103,99.8756256209724
-153.554299611566,-45.2454935190033,99.8696451233857
-153.472822307309,-45.5342414952402,99.8636646257991
-153.39080403216,-45.8228362759067,99.8576841282125
-153.308245086774,-46.1112768511185,99.8517036306258
-153.225145773694,-46.3995622115716,99.8457231330392
-153.141506397325,-46.6876913486208,99.8397426354526
-153.057327263962,-46.9756632541968,99.8337621378659
-152.972608681769,-47.2634769208644,99.8277816402793
-152.887350960776,-47.5511313418467,99.8218011426927
-152.801554412897,-47.8386255109421,99.815820645106
-152.715219351901,-48.1259584226373,99.8098401475194
-152.628346093437,-48.413129072022,99.8038596499327
-152.540934955023,-48.7001364548157,99.7978791523461
-152.452986256031,-48.9869795674247,99.7918986547595
-152.364500317712,-49.2736574068482,99.7859181571728
-152.275477463165,-49.5601689708004,99.7799376595862
-152.185918017366,-49.8465132575849,99.7739571619996
-152.095822307144,-50.1326892661947,99.7679766644129
-152.005190661189,-50.4186959962839,99.7619961668263
-151.914023410045,-50.7045324481704,99.7560156692397
-151.822320886116,-50.9901976228399,99.750035171653
-151.730083423666,-51.2756905219276,99.7440546740664
-151.6373113588,-51.5610101477861,99.7380741764798
-151.544005029492,-51.8461555033923,99.7320936788931
-151.450164775555,-52.1311255924474,99.7261131813065
-151.355790938656,-52.4159194193154,99.7201326837199
-151.260883862304,-52.7005359890706,99.7141521861332
-151.165443891866,-52.9849743074461,99.7081716885466
-151.069471374544,-53.2692333809026,99.70219119096
-150.972966659392,-53.5533122165666,99.6962106933733
-150.875930097299,-53.8372098222989,99.6902301957867
-150.778362041,-54.1209252066436,99.6842496982
-150.680262845068,-54.4044573788645,99.6782692006134
-150.581632865914,-54.6878053489264,99.6722887030268
-150.482472461787,-54.9709681275205,99.6663082054401
-150.38278199277,-55.2539447260454,99.6603277078535
-150.282561820775,-55.536734156644,99.6543472102669
-150.181812309558,-55.819335432152,99.6483667126802
-150.080533824692,-56.1017475661663,99.6423862150936
-149.978726733593,-56.3839695729842,99.636405717507
-149.876391405491,-56.6660004676702,99.6304252199203
-149.773528211447,-56.9478392660177,99.6244447223337
-149.670137524359,-57.2294849845301,99.6184642247471
-149.566219718928,-57.5109366405098,99.6124837271604
-149.461775171689,-57.7921932519765,99.6065032295738
-149.356804260996,-58.0732538377024,99.6005227319872
-149.251307367017,-58.354117417226,99.5945422344005
-149.14528487174,-58.634783010845,99.5885617368139
-149.038737158975,-58.9152496395983,99.5825812392273
-148.931664614327,-59.1955163253332,99.5766007416406
-148.824067625238,-59.4755820906131,99.570620244054
-148.715946580938,-59.755445958827,99.5646397464673
-148.607301872483,-60.035106954097,99.5586592488807
-148.498133892729,-60.3145641013464,99.5526787512941
-148.38844303634,-60.5938164262694,99.5466982537074
-148.278229699784,-60.8728629553572,99.5407177561208
-148.167494281327,-61.1517027158904,99.5347372585342
-148.056237181046,-61.4303347359307,99.5287567609475
-147.944458800808,-61.708758044347,99.5227762633609
-147.832159544282,-61.9869716708068,99.5167957657743
-147.719339816941,-62.264974645759,99.5108152681876
-147.606000026041,-62.5427660004793,99.504834770601
-147.492140580636,-62.8203447670527,99.4988542730144
-147.377761891568,-63.0977099783758,99.4928737754277
-147.262864371475,-63.3748606681512,99.4868932778411
-147.147448434782,-63.6517958708997,99.4809127802544
-147.031514497697,-63.9285146219751,99.4749322826678
-146.915062978212,-64.2050159575565,99.4689517850812
-146.798094296106,-64.4812989146413,99.4629712874945
-146.680608872938,-64.7573625310696,99.4569907899079
-146.562607132048,-65.0332058455062,99.4510102923213
-146.444089498556,-65.3088278974542,99.4450297947346
-146.325056399348,-65.58422772728,99.439049297148
-146.205508263095,-65.8594043761735,99.4330687995614
-146.08544552024,-66.1343568861737,99.4270883019747
-145.964868602994,-66.4090843001811,99.4211078043881
-145.843777945341,-66.6835856619408,99.4151273068015
-145.72217398303,-66.9578600160665,99.4091468092148
-145.600057153577,-67.2319064080228,99.4031663116282
-145.477427896262,-67.5057238841493,99.3971858140416
-145.354286652129,-67.7793114916431,99.3912053164549
-145.230633863975,-68.0526682785929,99.3852248188683
-145.106469976372,-68.325793293931,99.3792443212816
-144.98179543564,-68.5986855874772,99.373263823695
-144.85661068985,-68.8713442099529,99.3672833261084
-144.730916188834,-69.143768212943,99.3613028285217
-144.604712384175,-69.4159566489193,99.3553223309351
-144.477999729204,-69.6879085712544,99.3493418333485
-144.350778678998,-69.9596230342145,99.3433613357618
-144.223049690392,-70.2310990929424,99.3373808381752
-144.094813221951,-70.5023358035111,99.3314003405886
-143.966069733993,-70.7733322228767,99.3254198430019
-143.836819688576,-71.0440874089018,99.3194393454153
-143.707063549498,-71.3146004203583,99.3134588478287
-143.576801782287,-71.5848703169518,99.307478350242
-143.446034854212,-71.8548961592828,99.3014978526554
-143.314763234281,-72.1246770088716,99.2955173550688
-143.18298739323,-72.3942119281604,99.2895368574821
-143.050707803518,-72.6634999805374,99.2835563598955
-142.917924939346,-72.9325402302892,99.2775758623089
-142.784639276626,-73.2013317426643,99.2715953647222
-142.650851293012,-73.4698735838161,99.2656148671356
-142.516561467863,-73.7381648208665,99.2596343695489
-142.381770282282,-74.0062045218378,99.2536538719623
-142.246478219062,-74.2739917557482,99.2476733743757
-142.110685762737,-74.5415255925222,99.241692876789
-141.974393399544,-74.8088051030558,99.2357123792024
-141.837601617439,-75.0758293591886,99.2297318816158
-141.700310906079,-75.3425974337373,99.2237513840291
-141.562521756852,-75.6091084004387,99.2177708864425
-141.424234662832,-75.8753613340331,99.2117903888559
-141.285450118809,-76.1413553102067,99.2058098912692
-141.146168621272,-76.407089405626,99.1998293936826
-141.006390668416,-76.6725626979194,99.193848896096
-140.866116760139,-76.9377742656913,99.1878683985093
-140.725347398028,-77.2027231885352,99.1818879009227
-140.584083085367,-77.4674085470262,99.1759074033361
-140.442324327146,-77.7318294227047,99.1699269057494
-140.30007163003,-77.9959848981292,99.1639464081628
-140.15732550239,-78.2598740568193,99.1579659105762
-140.014086454275,-78.5234959833092,99.1519854129895
-139.87035499742,-78.7868497631303,99.1460049154029
-139.726131645249,-79.0499344828045,99.1400244178162
-139.58141691287,-79.3127492298574,99.1340439202296
-139.436211317062,-79.5752930928314,99.128063422643
-139.290515376291,-79.837565161268,99.1220829250563
-139.144329610699,-80.0995645257222,99.1161024274697
-138.997654542089,-80.3612902777843,99.1101219298831
-138.850490693955,-80.6227415100338,99.1041414322964
-138.702838591449,-80.8839173160919,99.0981609347098
-138.554698761396,-81.1448167905951,99.0921804371232
-138.406071732283,-81.4054390292176,99.0861999395365
-138.256958034265,-81.6657831286551,99.0802194419499
-138.10735819916,-81.9258481866368,99.0742389443633
-137.95727276044,-82.1856333019397,99.0682584467766
-137.806702253234,-82.4451375743802,99.06227794919
-137.655647214341,-82.7043601047986,99.0562974516033
-137.504108182199,-82.9632999951012,99.0503169540167
-137.3520856969,-83.2219563482431,99.0443364564301
-137.199580300194,-83.4803282682124,99.0383559588434
-137.046592535466,-83.7384148600817,99.0323754612568
-136.893122947759,-83.9962152299522,99.0263949636702
-136.739172083751,-84.2537284850064,99.0204144660835
-136.584740491759,-84.5109537334906,99.0144339684969
-136.429828721746,-84.7678900847088,99.0084534709103
-136.274437325319,-85.0245366490252,99.0024729733236
-136.118566855694,-85.2808925379165,98.996492475737
-135.962217867751,-85.5369568638865,98.9905119781504
-135.805390917981,-85.7927287405478,98.9845314805637
-135.648086564506,-86.0482072825946,98.9785509829771
-135.49030536708,-86.3033916057967,98.9725704853904
-135.332047887078,-86.5582808270118,98.9665899878038
-135.173314687489,-86.8128740642082,98.9606094902172
-135.014106332943,-87.0671704364091,98.9546289926305
-134.854423389673,-87.321169063764,98.9486484950439
-134.694266425518,-87.5748690675312,98.9426679974573
-134.533636009951,-87.8282695700435,98.9366874998706
-134.372532714049,-88.0813696947487,98.930707002284
-134.210957110493,-88.3341685662129,98.9247265046974
-134.048909773569,-88.5866653101137,98.9187460071107
-133.886391279189,-88.8388590532143,98.9127655095241
-133.723402204834,-89.0907489234435,98.9067850119375
-133.559943129605,-89.3423340498214,98.9008045143508
-133.396014634207,-89.5936135624817,98.8948240167642
-133.231617300929,-89.8445865927036,98.8888435191776
-133.066751713667,-90.0952522728759,98.8828630215909
-132.90141845788,-90.3456097365577,98.8768825240043
-132.735618120645,-90.5956581184046,98.8709020264177
-132.569351290618,-90.8453965542193,98.864921528831
-132.402618558034,-91.0948241809549,98.8589410312444
-132.235420514715,-91.3439401366982,98.8529605336578
-132.067757754067,-91.5927435606822,98.8469800360711
-131.899630871063,-91.8412335932988,98.8409995384845
-131.73104046227,-92.0894093760728,98.8350190408978
-131.561987125803,-92.3372700517124,98.8290385433112
-131.392471461367,-92.5848147640644,98.8230580457246
-131.222494070231,-92.8320426581366,98.8170775481379
-131.052055555241,-93.0789528800906,98.8110970505513
-130.88115652078,-93.3255445772918,98.8051165529647
-130.709797572824,-93.5718168982278,98.799136055378
-130.537979318891,-93.8177689925866,98.7931555577914
-130.365702368058,-94.0634000112304,98.7871750602048
-130.192967330966,-94.3087091061808,98.7811945626181
-130.019774819794,-94.5536954306676,98.7752140650315
-129.846125448287,-94.7983581390758,98.7692335674449
-129.672019831728,-95.0426963869953,98.7632530698582
-129.497458586952,-95.2867093311954,98.7572725722716
-129.322442332337,-95.5303961296368,98.751292074685
-129.146971687802,-95.7737559414752,98.7453115770983
-128.971047274793,-96.0167879270814,98.7393310795117
-128.794669716311,-96.2594912479989,98.733350581925
-128.617839636886,-96.5018650669833,98.7273700843384
-128.440557662572,-96.7439085480044,98.7213895867518
-128.262824420967,-96.9856208562228,98.7154090891651
-128.084640541168,-97.2270011580461,98.7094285915785
-127.906006653838,-97.4680486210414,98.7034480939919
-127.726923391123,-97.7087624140469,98.6974675964052
-127.547391386714,-97.9491417070838,98.6914870988186
-127.367411275814,-98.1891856714048,98.685506601232
-127.186983695134,-98.4288934794961,98.6795261036453
-127.006109282906,-98.6682643050628,98.6735456060587
-126.824788678871,-98.9072973230402,98.6675651084721
-126.643022524278,-99.1459917095966,98.6615846108854
-126.46081146187,-99.3843466421543,98.6556041132988
-126.278156135918,-99.6223612993381,98.6496236157122
-126.095057192169,-99.8600348610498,98.6436431181255
-125.911515277886,-100.097366508408,98.6376626205389
-125.727531041818,-100.334355423797,98.6316821229522
-125.54310513421,-100.571000790841,98.6257016253656
-125.358238206803,-100.807301794415,98.619721127779
-125.172930912815,-101.043257620658,98.6137406301923
-124.987183906962,-101.27886745696,98.6077601326057
-124.800997845446,-101.514130491959,98.6017796350191
-124.614373385925,-101.749045915594,98.5957991374324
-124.427311187579,-101.983612919014,98.5898186398458
-124.239811911026,-102.217830694681,98.5838381422592
-124.051876218368,-102.451698436319,98.5778576446725
-123.863504773198,-102.685215338901,98.5718771470859
-123.674698240543,-102.918380598717,98.5658966494993
-123.485457286939,-103.151193413284,98.5599161519126
-123.295782580344,-103.383652981455,98.553935654326
-123.105674790205,-103.615758503329,98.5479551567394
-122.915134587422,-103.847509180302,98.5419746591527
-122.724162644343,-104.078904215069,98.5359941615661
-122.532759634777,-104.309942811605,98.5300136639794
-122.340926233988,-104.540624175183,98.5240331663928
-122.148663118683,-104.770947512372,98.5180526688062
-121.955970967015,-105.000912031047,98.5120721712195
-121.762850458582,-105.230516940381,98.5060916736329
-121.569302274435,-105.459761450841,98.5001111760463
-121.37532709704,-105.688644774226,98.4941306784596
-121.180925610321,-105.917166123621,98.488150180873
-120.986098499631,-106.145324713434,98.4821696832864
-120.790846451736,-106.373119759402,98.4761891856997
-120.595170154862,-106.600550478547,98.4702086881131
-120.399070298632,-106.827616089247,98.4642281905265
-120.202547574113,-107.054315811176,98.4582476929398
-120.005602673789,-107.280648865341,98.4522671953532
-119.80823629155,-107.506614474089,98.4462866977666
-119.610449122706,-107.732211861094,98.4403062001799
-119.412241864002,-107.95744025134,98.4343257025933
-119.213615213561,-108.18229887118,98.4283452050067
-119.01456987094,-108.40678694828,98.42236470742
-118.815106537084,-108.630903711663,98.4163842098334
-118.615225914351,-108.854648391688,98.4104037122467
-118.414928706496,-109.07802022006,98.4044232146601
-118.214215618673,-109.30101842983,98.3984427170735
-118.013087357426,-109.523642255412,98.3924622194868
-117.811544630696,-109.745890932561,98.3864817219002
-117.609588147821,-109.967763698382,98.3805012243136
-117.407218619514,-110.189259791356,98.3745207267269
-117.204436757878,-110.410378451313,98.3685402291403
-117.001243276391,-110.631118919459,98.3625597315537
-116.797638889925,-110.851480438344,98.356579233967
-116.593624314714,-111.071462251908,98.3505987363804
-116.389200268382,-111.291063605442,98.3446182387938
-116.184367469899,-111.510283745637,98.3386377412071
-115.979126639636,-111.729121920524,98.3326572436205
-115.7734784993,-111.947577379548,98.3266767460339
-115.567423771975,-112.165649373516,98.3206962484472
-115.360963182116,-112.383337154611,98.3147157508606
-115.154097455525,-112.600639976409,98.3087352532739
-114.946827319346,-112.817557093891,98.3027547556873
-114.739153502107,-113.034087763394,98.2967742581007
-114.531076733654,-113.250231242683,98.290793760514
-114.322597745203,-113.465986790891,98.2848132629274
-114.113717269301,-113.681353668567,98.2788327653408
-113.90443603985,-113.896331137641,98.2728522677541
-113.694754792078,-114.110918461465,98.2668717701675
-113.484674262555,-114.325114904784,98.2608912725809
-113.274195189188,-114.538919733754,98.2549107749942
-113.063318311212,-114.752332215937,98.2489302774076
-112.852044369192,-114.96535162031,98.2429497798209
-112.640374105009,-115.177977217269,98.2369692822343
-112.428308261885,-115.390208278612,98.2309887846477
-112.215847584346,-115.602044077575,98.225008287061
-112.002992818249,-115.813483888794,98.2190277894744
-111.789744710744,-116.024526988356,98.2130472918878
-111.576104010324,-116.235172653742,98.2070667943011
-111.36207146676,-116.445420163893,98.2010862967145
-111.147647831161,-116.655268799147,98.1951057991279
-110.932833855907,-116.864717841311,98.1891253015412
-110.717630294696,-117.073766573606,98.1831448039546
-110.502037902531,-117.282414280688,98.177164306368
-110.286057435696,-117.490660248666,98.1711838087813
-110.069689651782,-117.698503765076,98.1652033111947
-109.852935309647,-117.905944118922,98.1592228136081
-109.635795169467,-118.112980600624,98.1532423160214
-109.418269992672,-118.319612502083,98.1472618184348
-109.200360542003,-118.52583911662,98.1412813208482
-108.98206758145,-118.731659739039,98.1353008232615
-108.763391876303,-118.93707366558,98.1293203256749
-108.544334193105,-119.142080193954,98.1233398280882
-108.324895299691,-119.346678623319,98.1173593305016
-108.105075965144,-119.550868254311,98.111378832915
-107.88487695982,-119.754648389023,98.1053983353283
-107.664299055347,-119.958018331006,98.0994178377417
-107.443343024592,-120.1609773853,98.0934373401551
-107.22200964169,-120.363524858406,98.0874568425684
-107.000299682029,-120.5656600583,98.0814763449818
-106.778213922244,-120.767382294435,98.0754958473952
-106.555753140214,-120.968690877747,98.0695153498085
-106.332918115085,-121.169585120635,98.0635348522219
-106.109709627212,-121.370064337008,98.0575543546353
-105.886128458215,-121.570127842237,98.0515738570486
-105.662175390934,-121.769774953198,98.045593359462
-105.437851209458,-121.969004988239,98.0396128618754
-105.21315669909,-122.167817267216,98.0336323642887
-104.988092646378,-122.366211111464,98.0276518667021
-104.762659839078,-122.564185843829,98.0216713691154
-104.536859066176,-122.761740788648,98.0156908715288
-104.310691117887,-122.95887527175,98.0097103739422
-104.084156785623,-123.155588620482,98.0037298763555
-103.857256862011,-123.351880163696,97.9977493787689
-103.629992140914,-123.547749231729,97.9917688811823
-103.402363417376,-123.743195156448,97.9857883835956
-103.174371487656,-123.938217271226,97.979807886009
-102.946017149213,-124.132814910947,97.9738273884224
-102.717301200705,-124.326987412011,97.9678468908357
-102.488224441979,-124.520734112344,97.9618663932491
-102.2587876741,-124.714054351369,97.9558858956625
-102.028991699287,-124.906947470061,97.9499053980758
-101.798837320976,-125.099412810894,97.9439249004892
-101.568325343775,-125.291449717879,97.9379444029026
-101.337456573475,-125.483057536553,97.9319639053159
-101.106231817037,-125.674235613991,97.9259834077293
-100.874651882615,-125.864983298786,97.9200029101426
-100.642717579517,-126.05529994108,97.914022412556
-100.41042971824,-126.245184892535,97.9080419149694
-100.177789110438,-126.434637506362,97.9020614173827
-99.9447965689195,-126.623657137317,97.8960809197961
-99.7114529076722,-126.812243141685,97.8901004222095
-99.4777589418332,-127.000394877304,97.8841199246228
-99.2437154876846,-127.188111703565,97.8781394270362
-99.0093233626704,-127.375392981399,97.8721589294496
-98.7745833853919,-127.562238073284,97.8661784318629
-98.5394963755881,-127.748646343255,97.8601979342763
-98.3040631541316,-127.934617156911,97.8542174366897
-98.0682845430536,-128.120149881391,97.848236939103
-97.8321613655039,-128.30524388541,97.8422564415164
-97.595694445785,-128.489898539228,97.8362759439298
-97.3588846093122,-128.674113214682,97.8302954463431
-97.1217326826472,-128.85788728516,97.8243149487565
-96.8842394934681,-129.041220125624,97.8183344511698
-96.6464058705658,-129.224111112612,97.8123539535832
-96.4082326438595,-129.406559624225,97.8063734559966
-96.1697206444032,-129.588565040124,97.8003929584099
-95.930870704318,-129.770126741578,97.7944124608233
-95.6916836568907,-129.951244111392,97.7884319632367
-95.452160336469,-130.131916533984,97.78245146565
-95.2123015785325,-130.312143395332,97.7764709680634
-94.9721082196436,-130.491924083009,97.7704904704768
-94.7315810974905,-130.671257986155,97.7645099728901
-94.4907210508196,-130.85014449552,97.7585294753035
-94.2495289194971,-131.028583003424,97.7525489777169
-94.0080055444597,-131.20657290379,97.7465684801302
-93.7661517677582,-131.384113592114,97.7405879825436
-93.5239684324891,-131.56120446551,97.734607484957
-93.2814563828567,-131.737844922673,97.7286269873703
-93.0386164641425,-131.91403436389,97.7226464897837
-92.7954495226735,-132.089772191071,97.7166659921971
-92.5519564058854,-132.2650578077,97.7106854946104
-92.3081379622438,-132.439890618893,97.7047049970238
-92.0639950413165,-132.614270031342,97.6987244994371
-91.8195284937054,-132.788195453366,97.6927440018505
-91.5747391710796,-132.96166629489,97.6867635042639
-91.3296279261643,-133.134681967445,97.6807830066772
-91.0841956127466,-133.307241884173,97.6748025090906
-90.8384430856435,-133.47934545984,97.668822011504
-90.5923712007381,-133.650992110817,97.6628415139173
-90.345980814937,-133.822181255106,97.6568610163307
-90.0992727862065,-133.992912312316,97.6508805187441
-89.8522479735405,-134.163184703684,97.6449000211574
-89.6049072369568,-134.332997852079,97.6389195235708
-89.3572514375334,-134.502351181974,97.6329390259842
-89.1092814373373,-134.671244119495,97.6269585283975
-88.8609980994893,-134.83967609238,97.6209780308109
-88.6124022881221,-135.007646530002,97.6149975332243
-88.3634948683869,-135.175154863369,97.6090170356376
-88.1142767064505,-135.34220052512,97.603036538051
-87.8647486695014,-135.508782949527,97.5970560404644
-87.614911625718,-135.674901572512,97.5910755428777
-87.3647664443042,-135.840555831623,97.5850950452911
-87.1143139954378,-136.00574516607,97.5791145477044
-86.8635551503448,-136.170469016672,97.5731340501178
-86.6124907812093,-136.334726825922,97.5671535525312
-86.3611217612088,-136.498518037956,97.5611730549445
-86.1094489645307,-136.661842098549,97.5551925573579
-85.8574732663403,-136.82469845513,97.5492120597713
-85.6051955427866,-136.987086556781,97.5432315621846
-85.3526166710097,-137.149005854232,97.537251064598
-85.0997375290984,-137.310455799885,97.5312705670114
-84.8465589961551,-137.471435847776,97.5252900694247
-84.5930819522345,-137.631945453611,97.5193095718381
-84.3393072783499,-137.791984074763,97.5133290742515
-84.0852358564994,-137.951551170255,97.5073485766648
-83.8308685696336,-138.110646200779,97.5013680790782
-83.5762063016621,-138.269268628694,97.4953875814915
-83.3212499374403,-138.42741791803,97.4894070839049
-83.0660003628062,-138.585093534468,97.4834265863183
-82.8104584645274,-138.742294945374,97.4774460887316
-82.554625130298,-138.899021619794,97.471465591145
-82.298501248805,-139.055273028421,97.4654850935584
-82.0420877096255,-139.211048643651,97.4595045959717
-81.7853854033036,-139.366347939541,97.4535240983851
-81.5283952212968,-139.521170391836,97.4475436007985
-81.2711180560232,-139.675515477945,97.4415631032118
-81.0135548007981,-139.829382676976,97.4355826056252
-80.755706349881,-139.982771469709,97.4296021080386
-80.4975735984321,-140.135681338621,97.4236216104519
-80.2391574425396,-140.288111767868,97.4176411128653
-79.9804587792161,-140.440062243289,97.4116606152786
-79.7214785063755,-140.591532252419,97.405680117692
-79.4622175228495,-140.74252128448,97.3996996201054
-79.2026767283453,-140.8930288304,97.3937191225187
-78.9428570235114,-141.043054382781,97.3877386249321
-78.682759309865,-141.19259743594,97.3817581273455
-78.4223844898382,-141.341657485875,97.3757776297588
-78.1617334667459,-141.490234030294,97.3697971321722
-77.9008071447808,-141.638326568609,97.3638166345856
-77.6396064290525,-141.785934601915,97.3578361369989
-77.3781322255218,-141.933057633031,97.3518556394123
-77.1163854410496,-142.079695166468,97.3458751418257
-76.8543669833523,-142.225846708456,97.339894644239
-76.5920777610288,-142.371511766926,97.3339141466524
-76.3295186835682,-142.516689851508,97.3279336490658
-76.0666906612956,-142.661380473561,97.3219531514791
-75.8035946054189,-142.805583146145,97.3159726538925
-75.5402314279755,-142.949297384049,97.3099921563059
-75.2766020419002,-143.092522703758,97.3040116587192
-75.0127073609709,-143.235258623478,97.2980311611326
-74.7485482997847,-143.37750466315,97.292050663546
-74.4841257738163,-143.519260344419,97.2860701659593
-74.2194406993842,-143.660525190652,97.2800896683727
-73.9544939936263,-143.801298726948,97.274109170786
-73.6892865745384,-143.941580480121,97.2681286731994
-73.4238193609396,-144.081369978716,97.2621481756128
-73.1580932724797,-144.220666753004,97.2561676780261
-72.8921092296356,-144.359470334986,97.2501871804395
-72.6258681537186,-144.497780258386,97.2442066828529
-72.35937096684,-144.635596058671,97.2382261852662
-72.0926185919599,-144.772917273025,97.2322456876796
-71.8256119528106,-144.909743440388,97.226265190093
-71.5583519739774,-145.046074101412,97.2202846925063
-71.2908395808218,-145.181908798503,97.2143041949197
-71.0230756995304,-145.317247075797,97.2083236973331
-70.7550612570804,-145.452088479172,97.2023431997464
-70.4867971812472,-145.586432556247,97.1963627021598
-70.2182844006107,-145.720278856381,97.1903822045732
-69.9495238445215,-145.853626930684,97.1844017069865
-69.6805164431283,-145.986476332007,97.1784212093999
-69.4112631273855,-146.118826614938,97.1724407118132
-69.1417648289973,-146.250677335828,97.1664602142266
-68.8720224804673,-146.382028052765,97.16047971664
-68.6020370150522,-146.512878325601,97.1544992190533
-68.331809366802,-146.643227715925,97.1485187214667
-68.0613404705235,-146.773075787087,97.1425382238801
-67.7906312617889,-146.902422104193,97.1365577262934
-67.5196826769422,-147.031266234095,97.1305772287068
-67.2484956530753,-147.159607745411,97.1245967311202
-66.9770711280348,-147.287446208514,97.1186162335335
-66.7054100404189,-147.41478119554,97.1126357359469
-66.4335133295851,-147.541612280377,97.1066552383603
-66.161381935614,-147.667939038687,97.1006747407736
-65.8890167993599,-147.793761047881,97.094694243187
-65.6164188623735,-147.919077887152,97.0887137456003
-65.343589066993,-148.043889137436,97.0827332480137
-65.0705283562352,-148.16819438146,97.0767527504271
-64.7972376738775,-148.291993203704,97.0707722528404
-64.5237179644113,-148.415285190423,97.0647917552538
-64.2499701730605,-148.538069929638,97.0588112576672
-63.9759952457463,-148.66034701115,97.0528307600805
-63.7017941291362,-148.78211602652,97.0468502624939
-63.4273677705781,-148.903376569098,97.0408697649073
-63.1527171181388,-149.024128234003,97.0348892673206
-62.877843120611,-149.144370618123,97.028908769734
-62.6027467274468,-149.264103320141,97.0229282721474
-62.3274288888393,-149.383325940501,97.0169477745607
-62.0518905556442,-149.502038081442,97.0109672769741
-61.7761326794306,-149.620239346974,97.0049867793875
-61.5001562124556,-149.737929342889,96.9990062818008
-61.22396210764,-149.855107676774,96.9930257842142
-60.9475513185966,-149.971773957993,96.9870452866275
-60.6709247996381,-150.08792779769,96.9810647890409
-60.3940835057198,-150.203568808808,96.9750842914543
-60.1170283924793,-150.318696606073,96.9691037938676
-59.8397604162327,-150.433310805996,96.963123296281
-59.5622805339615,-150.547411026881,96.9571427986944
-59.2845897032866,-150.66099688883,96.9511623011077
-59.0066888824979,-150.774068013732,96.9451818035211
-58.7285790305614,-150.886624025264,96.9392013059345
-58.4502611070622,-150.998664548909,96.9332208083478
-58.1717360722439,-151.110189211941,96.9272403107612
-57.8930048870166,-151.221197643424,96.9212598131746
-57.6140685128988,-151.331689474232,96.9152793155879
-57.3349279120578,-151.441664337033,96.9092988180013
-57.0555840473063,-151.551121866293,96.9033183204147
-56.7760378820767,-151.66006169828,96.897337822828
-56.4962903804404,-151.768483471064,96.8913573252414
-56.2163425070712,-151.876386824524,96.8853768276548
-55.9361952272857,-151.983771400335,96.8793963300681
-55.6558495070175,-152.090636841978,96.8734158324815
-55.3753063128042,-152.196982794744,96.8674353348949
-55.0945666117825,-152.302808905736,96.8614548373082
-54.8136313717297,-152.408114823853,96.8554743397216
-54.5325015610049,-152.512900199811,96.8494938421349
-54.251178148557,-152.61716468614,96.8435133445483
-53.9696621039646,-152.720907937169,96.8375328469617
-53.6879543973677,-152.824129609053,96.831552349375
-53.4060559995181,-152.926829359751,96.8255718517884
-53.123967881755,-153.029006849037,96.8195913542018
-52.8416910159787,-153.130661738506,96.8136108566151
-52.5592263747029,-153.231793691559,96.8076303590285
-52.2765749309745,-153.33240237343,96.8016498614419
-51.993737658457,-153.432487451155,96.7956693638552
-51.7107155313622,-153.532048593596,96.7896888662686
-51.4275095244795,-153.631085471431,96.783708368682
-51.1441206131392,-153.729597757167,96.7777278710953
-50.8605497732535,-153.827585125126,96.7717473735087
-50.576797981291,-153.925047251451,96.7657668759221
-50.2928662142508,-154.021983814117,96.7597863783354
-50.0087554497037,-154.118394492914,96.7538058807488
-49.7244666657669,-154.21427896946,96.7478253831621
-49.4400008410776,-154.309636927205,96.7418448855755
-49.1553589548455,-154.404468051415,96.7358643879889
-48.8705419867834,-154.498772029195,96.7298838904022
-48.5855509171579,-154.592548549472,96.7239033928156
-48.3003867267651,-154.685797303002,96.717922895229
-48.0150503968931,-154.778517982382,96.7119423976423
-47.7295429094076,-154.870710282025,96.7059619000557
-47.4438652466486,-154.962373898185,96.6999814024691
-47.1580183914936,-155.053508528948,96.6940009048824
-46.8720033273209,-155.144113874232,96.6880204072958
-46.5858210380279,-155.234189635791,96.6820399097091
-46.2994725079951,-155.323735517217,96.6760594121225
-46.012958722127,-155.412751223934,96.6700789145359
-45.7262806658254,-155.501236463203,96.6640984169492
-45.4394393249761,-155.589190944124,96.6581179193626
-45.1524356859674,-155.676614377635,96.652137421776
-44.8652707356529,-155.763506476518,96.6461569241893
-44.5779454613929,-155.84986695539,96.6401764266027
-44.2904608510285,-155.935695530708,96.6341959290161
-44.0028178928559,-156.020991920777,96.6282154314294
-43.715017575679,-156.105755845736,96.6222349338428
-43.4270608887497,-156.189987027572,96.6162544362562
-43.1389488217873,-156.273685190117,96.6102739386695
-42.8506823649748,-156.356850059047,96.6042934410829
-42.5622625089662,-156.439481361881,96.5983129434963
-42.2736902448726,-156.521578827983,96.5923324459096
-41.9849665642363,-156.603142188572,96.586351948323
-41.6960924590824,-156.684171176703,96.5803714507364
-41.4070689218495,-156.764665527289,96.5743909531497
-41.1178969454414,-156.844624977088,96.5684104555631
-40.8285775231902,-156.924049264706,96.5624299579764
-40.5391116488751,-157.002938130602,96.5564494603898
-40.2495003167082,-157.081291317081,96.5504689628032
-39.9597445212971,-157.159108568312,96.5444884652165
-39.6698452577312,-157.236389630299,96.5385079676299
-39.3798035214883,-157.31313425091,96.5325274700433
-39.089620308454,-157.389342179868,96.5265469724566
-38.799296614963,-157.465013168741,96.52056647487
-38.5088334377279,-157.540146970963,96.5145859772834
-38.2182317739039,-157.614743341813,96.5086054796967
-37.9274926210169,-157.688802038435,96.5026249821101
-37.6366169770171,-157.762322819824,96.4966444845235
-37.3456058402529,-157.835305446833,96.4906639869368
-37.0544602094555,-157.907749682175,96.4846834893502
-36.7631810837479,-157.979655290422,96.4787029917636
-36.4717694626516,-158.051022038002,96.4727224941769
-36.1802263460608,-158.121849693207,96.4667419965903
-35.8885527342621,-158.192138026184,96.4607614990036
-35.5967496279082,-158.261886808945,96.454781001417
-35.304818028025,-158.331095815365,96.4488005038304
-35.0127589360317,-158.399764821172,96.4428200062437
-34.7205733536805,-158.467893603968,96.4368395086571
-34.4282622831095,-158.535481943212,96.4308590110705
-34.1358267268164,-158.602529620225,96.4248785134838
-33.8432676876332,-158.6690364182,96.4188980158972
-33.5505861687785,-158.735002122183,96.4129175183106
-33.2577831737978,-158.800426519096,96.4069370207239
-32.9648597065714,-158.865309397724,96.4009565231373
-32.6718167713673,-158.929650548712,96.3949760255507
-32.3786553727473,-158.993449764579,96.388995527964
-32.0853765156201,-159.05670683971,96.3830150303774
-31.7919812052493,-159.119421570354,96.3770345327908
-31.498470447193,-159.181593754633,96.3710540352041
-31.204845247357,-159.243223192535,96.3650735376175
-30.9111066119694,-159.304309685915,96.3590930400308
-30.6172555475643,-159.364853038504,96.3531125424442
-30.3232930610023,-159.424853055895,96.3471320448576
-30.0292201594329,-159.484309545562,96.3411515472709
-29.7350378503466,-159.543222316839,96.3351710496843
-29.4407471415277,-159.601591180935,96.3291905520977
-29.1463490410265,-159.659415950939,96.323210054511
-28.8518445572478,-159.716696441798,96.3172295569244
-28.5572346988449,-159.773432470344,96.3112490593378
-28.2625204747838,-159.829623855275,96.3052685617511
-27.9677028943065,-159.885270417166,96.2992880641645
-27.6727829669607,-159.940371978462,96.2933075665779
-27.3777617025399,-159.994928363488,96.2873270689912
-27.0826401111373,-160.048939398438,96.2813465714046
-26.787419203107,-160.102404911386,96.275366073818
-26.4920999890959,-160.155324732276,96.2693855762313
-26.1966834799707,-160.207698692935,96.2634050786447
-25.9011706869184,-160.259526627058,96.257424581058
-25.6055626213498,-160.310808370221,96.2514440834714
-25.3098602949206,-160.361543759879,96.2454635858848
-25.0140647195723,-160.411732635359,96.2394830882981
-24.7181769074725,-160.461374837869,96.2335025907115
-24.4221978710451,-160.510470210493,96.2275220931249
-24.1261286229438,-160.559018598195,96.2215415955382
-23.8299701760612,-160.607019847817,96.2155610979516
-23.5337235435465,-160.654473808077,96.209580600365
-23.2373897387461,-160.701380329578,96.2036001027783
-22.9409697752683,-160.747739264795,96.1976196051917
-22.6444646669228,-160.793550468087,96.1916391076051
-22.3478754277282,-160.838813795696,96.1856586100184
-22.0512030719663,-160.883529105736,96.1796781124318
-21.7544486140752,-160.927696258211,96.1736976148452
-21.4576130687603,-160.971315114995,96.1677171172585
-21.1606974508882,-161.014385539854,96.1617366196719
-20.8637027755628,-161.056907398426,96.1557561220853
-20.5666300580419,-161.098880558238,96.1497756244986
-20.269480313837,-161.140304888694,96.143795126912
-19.9722545586177,-161.18118026108,96.1378146293253
-19.6749538082315,-161.221506548568,96.1318341317387
-19.3775790787463,-161.261283626209,96.1258536341521
-19.0801313864001,-161.300511370937,96.1198731365654
-18.782611747599,-161.339189661568,96.1138926389788
-18.4850211789239,-161.377318378806,96.1079121413922
-18.1873606971391,-161.414897405231,96.1019316438055
-17.8896313191657,-161.451926625313,96.0959511462189
-17.5918340621009,-161.488405925401,96.0899706486323
-17.2939699432153,-161.524335193728,96.0839901510456
-16.9960399798905,-161.559714320414,96.078009653459
-16.6980451897093,-161.594543197461,96.0720291558724
-16.3999865903931,-161.628821718755,96.0660486582857
-16.1018651997883,-161.662549780067,96.0600681606991
-15.8036820359192,-161.695727279052,96.0540876631125
-15.5054381169391,-161.728354115249,96.0481071655258
-15.2071344611039,-161.760430190086,96.0421266679392
-14.90877208686,-161.79195540687,96.0361461703525
-14.6103520127496,-161.822929670795,96.0301656727659
-14.3118752574528,-161.853352888942,96.0241851751793
-14.0133428397494,-161.883224970275,96.0182046775926
-13.7147557785731,-161.912545825645,96.012224180006
-13.4161150929508,-161.941315367788,96.0062436824194
-13.1174218020331,-161.969533511323,96.0002631848327
-12.8186769250687,-161.997200172758,95.9942826872461
-12.5198814814222,-162.024315270484,95.9883021896595
-12.2210364905615,-162.05087872478,95.9823216920728
-11.9221429720402,-162.076890457808,95.9763411944862
-11.6232019455195,-162.102350393618,95.9703606968996
-11.3242144307399,-162.127258458146,95.9643801993129
-11.0251814475419,-162.151614579212,95.9583997017263
-10.7261040158505,-162.175418686522,95.9524192041397
-10.42698315566,-162.19867071167,95.946438706553
-10.127819887054,-162.221370588134,95.9404582089664
-9.82861523017878,-162.243518251278,95.9344777113797
-9.5293702052625,-162.265113638353,95.9284972137931
-9.23008583260049,-162.286156688495,95.9225167162065
-8.93076313254061,-162.306647342727,95.9165362186198
-8.63140312551335,-162.326585543955,95.9105557210332
-8.33200683196019,-162.345971236976,95.9045752234466
-8.03257527243317,-162.364804368468,95.8985947258599
-7.73310946748805,-162.383084886997,95.8926142282733
-7.4336104377614,-162.400812743014,95.8866337306867
-7.1340792039095,-162.417987888857,95.8806532331
-6.83451678663938,-162.434610278748,95.8746727355134
-6.53492420668234,-162.450679868796,95.8686922379268
-6.23530248481336,-162.466196616995,95.8627117403401
-5.93565264182482,-162.481160483224,95.8567312427535
-5.63597569855768,-162.495571429248,95.8507507451668
-5.33627267583983,-162.509429418718,95.8447702475802
-5.03654459455215,-162.522734417167,95.8387897499936
-4.73679247556778,-162.535486392017,95.8328092524069
-4.43701733979377,-162.547685312573,95.8268287548203
-4.13722020809935,-162.559331150027,95.8208482572337
-3.83740210140412,-162.570423877451,95.814867759647
-3.5375640406288,-162.580963469807,95.8088872620604
-3.23770704664554,-162.590949903938,95.8029067644738
-2.93783214037787,-162.600383158573,95.7969262668871
-2.63794034269409,-162.609263214326,95.7909457693005
-2.3380326744842,-162.617590053692,95.7849652717139
-2.03811015659816,-162.625363661052,95.7789847741272
-1.73817380986677,-162.632584022672,95.7730042765406
-1.43822465512029,-162.6392511267,95.767023778954
-1.13826371313891,-162.645364963166,95.7610432813673
-0.838292004684259,-162.650925523986,95.7550627837807
-0.538310550472467,-162.655932802958,95.7490822861941
-0.238320371194443,-162.660386795763,95.7431017886074
0.0616775125001841,-162.664287499963,95.7371212910208
0.361682080017083,-162.667634915005,95.7311407934342
0.66169231079829,-162.670429042217,95.7251602958475
0.961707184336661,-162.672669884808,95.7191797982609
1.26172568017991,-162.674357447871,95.7131993006742
1.56174677795677,-162.675491738379,95.7072188030876
1.86176945731123,-162.676072765186,95.701238305501
2.16179269799865,-162.676100539028,95.6952578079143
2.4618154798194,-162.675575072523,95.6892773103277
2.7618367826459,-162.674496380166,95.6832968127411
3.06185558642592,-162.672864478335,95.6773163151544
3.3618708711979,-162.670679385288,95.6713358175678
3.66188161707044,-162.667941121161,95.6653553199812
3.96188680424985,-162.664649707971,95.6593748223945
4.26188541300841,-162.660805169614,95.6533943248079
4.56187642373428,-162.656407531865,95.6474138272212
4.86185881689977,-162.651456822375,95.6414333296346
5.1618315730889,-162.645953070678,95.635452832048
5.4617936729653,-162.639896308182,95.6294723344613
5.76174409733362,-162.633286568173,95.6234918368747
6.0616818270625,-162.626123885817,95.6175113392881
6.36160584319162,-162.618408298153,95.6115308417014
6.66151512681969,-162.610139844101,95.6055503441148
6.96140865921197,-162.601318564453,95.5995698465282
7.26128542172277,-162.59194450188,95.5935893489415
7.56114439585673,-162.582017700926,95.5876088513549
7.86098456323767,-162.571538208013,95.5816283537683
8.1608049056234,-162.560506071436,95.5756478561816
8.46060440492064,-162.548921341365,95.569667358595
8.76038204316598,-162.536784069843,95.5636868610084
9.06013680253984,-162.524094310788,95.5577063634217
9.35986766537096,-162.51085211999,95.5517258658351
9.65957361415076,-162.497057555113,95.5457453682484
9.95925363150233,-162.482710675694,95.5397648706618
10.2589067002417,-162.46781154314,95.5337843730752
10.5585318033234,-162.452360220729,95.5278038754885
10.8581279238551,-162.436356773614,95.5218233779019
11.1576940451364,-162.419801268816,95.5158428803153
11.4572291506392,-162.402693775225,95.5098623827286
11.7567322239752,-162.385034363605,95.503881885142
12.0562022489935,-162.366823106585,95.4979013875554
12.3556382096672,-162.348060078666,95.4919208899687
12.6550390902015,-162.328745356215,95.4859403923821
12.9544038749557,-162.30887901747,95.4799598947955
13.2537315484936,-162.288461142533,95.4739793972088
13.553021095598,-162.267491813375,95.4679988996222
13.8522715012161,-162.245971113834,95.4620184020356
14.1514817505095,-162.223899129613,95.4560379044489
14.450650828858,-162.201275948281,95.4500574068623
14.7497777218274,-162.178101659271,95.4440769092757
15.0488614152317,-162.154376353881,95.438096411689
15.3479008950663,-162.130100125275,95.4321159141024
15.6468951475697,-162.105273068475,95.4261354165157
15.945843159181,-162.079895280374,95.4201549189291
16.2447439166001,-162.053966859719,95.4141744213425
16.5435964067114,-162.027487907126,95.4081939237558
16.8423996166785,-162.000458525066,95.4022134261692
17.1411525338794,-161.972878817875,95.3962329285826
17.4398541459206,-161.944748891748,95.3902524309959
17.7385034406872,-161.916068854737,95.3842719334093
18.0370994062766,-161.886838816757,95.3782914358227
18.3356410310605,-161.857058889579,95.372310938236
18.6341273036407,-161.826729186833,95.3663304406494
18.9325572129001,-161.795849824005,95.3603499430628
19.2309297479708,-161.764420918438,95.3543694454761
19.5292438982487,-161.732442589332,95.3483889478895
19.8274986534094,-161.699914957739,95.3424084503029
20.1256930033877,-161.666838146569,95.3364279527162
20.4238259383926,-161.633212280586,95.3304474551296
20.7218964489116,-161.599037486406,95.324466957543
21.0199035257126,-161.564313892499,95.3184864599563
21.3178461598484,-161.529041629188,95.3125059623697
21.6157233426832,-161.493220828642,95.306525464783
21.9135340658257,-161.456851624888,95.3005449671964
22.2112773212147,-161.419934153801,95.2945644696098
22.5089521010751,-161.382468553102,95.2885839720231
22.8065573979452,-161.344454962365,95.2826034744365
23.1040922046562,-161.305893523009,95.2766229768499
23.4015555143364,-161.266784378305,95.2706424792632
23.6989463204491,-161.227127673367,95.2646619816766
23.9962636167605,-161.186923555155,95.25868148409
24.2935063973671,-161.146172172474,95.2527009865033
24.5906736566642,-161.104873675977,95.2467204889167
24.8877643893951,-161.063028218158,95.2407399913301
25.1847775906088,-161.020635953356,95.2347594937434
25.4817122557206,-160.977697037749,95.2287789961568
25.7785673804463,-160.934211629361,95.2227984985702
26.0753419608526,-160.890179888055,95.2168180009835
26.3720349933477,-160.845601975534,95.2108375033969
26.6686454746965,-160.800478055341,95.2048570058103
26.9651724020014,-160.754808292856,95.1988765082236
27.2616147727172,-160.708592855299,95.192896010637
27.5579715846531,-160.661831911727,95.1869155130503
27.8542418359787,-160.614525633032,95.1809350154637
28.150424525224,-160.566674191944,95.1749545178771
28.446518651297,-160.518277763024,95.1689740202904
28.7425232134637,-160.469336522669,95.1629935227038
29.0384372113491,-160.419850649111,95.1570130251172
29.3342596449896,-160.369820322409,95.1510325275305
29.6299895147542,-160.319245724462,95.1450520299439
29.9256258214283,-160.268127038993,95.1390715323573
30.2211675661946,-160.216464451551,95.1330910347706
30.5166137505674,-160.164258149528,95.127110537184
30.8119633765109,-160.111508322131,95.1211300395973
31.107215446361,-160.0582151604,95.1151495420107
31.4023689628532,-160.004378857199,95.1091690444241
31.6974229291257,-159.949999607222,95.1031885468374
31.9923763487214,-159.895077606983,95.0972080492508
32.287228225593,-159.839613054822,95.0912275516642
32.5819775641043,-159.783606150904,95.0852470540775
32.8766233690587,-159.727057097207,95.0792665564909
33.1711646456207,-159.669966097546,95.0732860589043
33.4656003994459,-159.61233335754,95.0673055613176
33.7599296365583,-159.55415908464,95.061325063731
34.0541513634445,-159.495443488107,95.0553445661444
34.3482645870125,-159.436186779023,95.0493640685577
34.6422683146054,-159.376389170288,95.0433835709711
34.9361615540169,-159.316050876614,95.0374030733845
35.2299433134594,-159.255172114531,95.0314225757978
35.5236126016024,-159.193753102383,95.0254420782112
35.8171684275758,-159.131794060322,95.0194615806246
36.1106098009499,-159.069295210318,95.0134810830379
36.4039357317498,-159.006256776149,95.0075005854513
36.6971452304487,-158.942678983405,95.0015200878646
36.9902373080042,-158.878562059483,94.995539590278
37.2832109758272,-158.813906233588,94.9895590926914
37.5760652458089,-158.748711736731,94.9835785951047
37.8687991302897,-158.682978801732,94.9775980975181
38.1614116420852,-158.61670766322,94.9716175999315
38.453901794534,-158.549898557614,94.9656371023448
38.7462686013886,-158.482551723154,94.9596566047582
39.0385110769551,-158.414667399865,94.9536761071716
39.3306282359705,-158.346245829587,94.9476956095849
39.6226190936859,-158.277287255955,94.9417151119983
39.91448266587,-158.207791924396,94.9357346144117
40.2062179687444,-158.137760082147,94.929754116825
40.4978240190654,-158.067191978235,94.9237736192384
40.7892998340835,-157.996087863484,94.9177931216518
41.080644431556,-157.924447990513,94.9118126240651
41.3718568297634,-157.852272613731,94.9058321264785
41.6629360474661,-157.77956198935,94.8998516288918
41.9538811039874,-157.706316375362,94.8938711313052
42.2446910191383,-157.632536031557,94.8878906337186
42.535364813264,-157.558221219513,94.8819101361319
42.8259015072495,-157.483372202591,94.8759296385453
43.1163001224869,-157.407989245949,94.8699491409587
43.4065596809259,-157.332072616522,94.863968643372
43.6966792050295,-157.255622583038,94.8579881457854
43.9866577178245,-157.178639416001,94.8520076481988
44.2764942428587,-157.101123387705,94.8460271506121
44.5661878042485,-157.02307477222,94.8400466530255
44.8557374266504,-156.944493845399,94.8340661554389
45.1451421352728,-156.865380884876,94.8280856578522
45.4344009558707,-156.785736170063,94.8221051602656
45.7235129147913,-156.705559982144,94.816124662679
46.0124770389015,-156.624852604088,94.8101441650923
46.3012923556668,-156.543614320631,94.8041636675057
46.5899578931111,-156.461845418287,94.798183169919
46.8784726798316,-156.37954618534,94.7922026723324
47.1668357450007,-156.296716911846,94.7862221747458
47.4550461183705,-156.213357889633,94.7802416771591
47.7431028302747,-156.129469412297,94.7742611795725
48.0310049116333,-156.045051775199,94.7682806819859
48.3187513939657,-155.960105275468,94.7623001843992
48.6063413093499,-155.874630212006,94.7563196868126
48.8937736904922,-155.788626885467,94.750339189226
49.1810475706982,-155.702095598272,94.7443586916393
49.4681619838514,-155.615036654609,94.7383781940527
49.7551159644522,-155.52745036042,94.7323976964661
50.0419085476082,-155.439337023411,94.7264171988794
50.3285387690391,-155.350696953044,94.7204367012928
50.6150056650887,-155.261530460533,94.7144562037062
50.901308272686,-155.171837858859,94.7084757061195
51.1874456294242,-155.081619462744,94.7024952085329
51.4734167734884,-154.990875588673,94.6965147109462
51.7592207437001,-154.899606554879,94.6905342133596
52.0448565795235,-154.807812681341,94.684553715773
52.3303233210219,-154.7154942898,94.6785732181863
52.6156200089401,-154.622651703729,94.6725927205997
52.9007456846294,-154.529285248358,94.6666122230131
53.1856993900942,-154.43539525066,94.6606317254264
53.4704801679856,-154.340982039352,94.6546512278398
53.7550870616041,-154.246045944892,94.6486707302532
54.0395191149018,-154.15058729948,94.6426902326665
54.3237753724979,-154.054606437054,94.6367097350799
54.6078548796372,-153.9581036933,94.6307292374933
54.8917566822694,-153.861079405627,94.6247487399066
55.1754798269665,-153.763533913195,94.61876824232
55.4590233610111,-153.665467556883,94.6127877447334
55.7423863323145,-153.566880679321,94.6068072471467
56.0255677894942,-153.467773624856,94.6008267495601
56.3085667818345,-153.368146739572,94.5948462519735
56.5913823593004,-153.268000371281,94.5888657543868
56.8740135725408,-153.167334869524,94.5828852568002
57.156459472891,-153.066150585568,94.5769047592135
57.4387191123654,-152.964447872408,94.5709242616269
57.7207915437046,-152.862227084752,94.5649437640403
58.0026758202909,-152.75948857905,94.5589632664536
58.2843709962707,-152.65623271345,94.552982768867
58.565876126428,-152.552459847842,94.5470022712804
58.8471902663175,-152.448170343811,94.5410217736937
59.1283124721483,-152.343364564677,94.5350412761071
59.4092418008631,-152.238042875471,94.5290607785205
59.6899773101292,-152.132205642931,94.5230802809338
59.9705180583118,-152.025853235515,94.5170997833472
60.250863104507,-151.918986023391,94.5111192857606
60.5310115085348,-151.811604378432,94.5051387881739
60.8109623309541,-151.70370867422,94.4991582905873
61.0907146330208,-151.595299286053,94.4931777930007
61.3702674767682,-151.486376590918,94.487197295414
61.6496199249218,-151.376940967523,94.4812167978274
61.9287710409804,-151.266992796265,94.4752363002407
62.207719889173,-151.156532459247,94.4692558026541
62.4864655344756,-151.04556034027,94.4632753050675
62.7650070426125,-150.934076824833,94.4572948074808
63.0433434800486,-150.822082300138,94.4513143098942
63.3214739140152,-150.709577155074,94.4453338123076
63.5993974125115,-150.596561780221,94.4393533147209
63.8771130442769,-150.483036567859,94.4333728171343
64.1546198788249,-150.369001911954,94.4273923195477
64.4319169864472,-150.254458208156,94.421411821961
64.709003438184,-150.139405853813,94.4154313243744
64.9858783058487,-150.023845247956,94.4094508267878
65.2625406620524,-149.907776791292,94.4034703292011
65.5389895801851,-149.791200886212,94.3974898316145
65.8152241343875,-149.6741179368,94.3915093340279
66.0912433996069,-149.556528348811,94.3855288364412
66.367046451589,-149.438432529675,94.3795483388546
66.64263236685,-149.319830888504,94.3735678412679
66.9180002227217,-149.200723836079,94.3675873436813
67.1931490973118,-149.081111784862,94.3616068460947
67.4680780695393,-148.960995148982,94.355626348508
67.7427862191266,-148.840374344239,94.3496458509214
68.0172726266023,-148.7192497881,94.3436653533348
68.2915363732937,-148.597621899705,94.3376848557481
68.5655765413621,-148.475491099849,94.3317043581615
68.8393922137736,-148.352857810997,94.3257238605749
69.1129824743013,-148.229722457278,94.3197433629882
69.3863464075516,-148.10608546448,94.3137628654016
69.6594830989651,-147.981947260041,94.307782367815
69.9323916347777,-147.857308273076,94.3018018702283
70.2050711020987,-147.73216893433,94.2958213726417
70.477520588828,-147.606529676228,94.289840875055
70.7497391837336,-147.480390932827,94.2838603774684
71.0217259764019,-147.353753139848,94.2778798798818
71.2934800572822,-147.226616734648,94.2718993822951
71.565000517648,-147.098982156246,94.2659188847085
71.8362864496319,-146.970849845297,94.2599383871219
72.1073369462278,-146.842220244097,94.2539578895352
72.3781511012523,-146.713093796599,94.2479773919486
72.6487280094103,-146.583470948383,94.241996894362
72.9190667662462,-146.453352146675,94.2360163967753
73.1891664681877,-146.322737840331,94.2300358991887
73.4590262125077,-146.191628479852,94.2240554016021
73.7286450973586,-146.060024517367,94.2180749040154
73.9980222217639,-145.927926406637,94.2120944064288
74.2671566856228,-145.795334603055,94.2061139088422
74.5360475897109,-145.662249563641,94.2001334112555
74.8046940356747,-145.528671747048,94.1941529136689
75.0730951260545,-145.394601613549,94.1881724160823
75.3412499642868,-145.260039625036,94.1821919184956
75.6091576546775,-145.124986245032,94.176211420909
75.8768173024239,-144.98944193868,94.1702309233224
76.1442280136498,-144.853407172727,94.1642504257357
76.4113888953254,-144.716882415562,94.1582699281491
76.6782990553835,-144.579868137156,94.1522894305624
76.9449576025992,-144.442364809128,94.1463089329758
77.2113636467049,-144.304372904678,94.1403284353892
77.4775162983027,-144.165892898639,94.1343479378025
77.7434146689374,-144.026925267435,94.1283674402159
78.0090578710478,-143.887470489107,94.1223869426293
78.2744450180131,-143.747529043288,94.1164064450426
78.5395752241119,-143.607101411227,94.110425947456
78.8044476045571,-143.466188075765,94.1044454498694
79.0690612754889,-143.324789521344,94.0984649522827
79.3334153539668,-143.182906234006,94.0924844546961
79.5975089580033,-143.04053870138,94.0865039571094
79.8613412065256,-142.897687412698,94.0805234595228
80.1249112194001,-142.754352858782,94.0745429619362
80.3882181174636,-142.610535532029,94.0685624643495
80.6512610224673,-142.466235926439,94.0625819667629
80.9140390570988,-142.321454537606,94.0566014691763
81.1765513450357,-142.176191862683,94.0506209715896
81.4387970108782,-142.030448400422,94.044640474003
81.7007751801917,-141.884224651153,94.0386599764164
81.9624849794896,-141.737521116786,94.0326794788297
82.2239255362665,-141.590338300799,94.0266989812431
82.4850959789604,-141.442676708256,94.0207184836565
82.7459954369865,-141.294536845787,94.0147379860698
83.0066230407293,-141.145919221594,94.0087574884832
83.2669779215352,-140.996824345454,94.0027769908966
83.5270592117457,-140.847252728699,93.9967964933099
83.7868660446507,-140.697204884243,93.9908159957233
84.0463975545603,-140.546681326543,93.9848354981366
84.3056528767279,-140.395682571639,93.97885500055
84.5646311474238,-140.244209137111,93.9728745029634
84.8233315038865,-140.092261542113,93.9668940053767
85.0817530843567,-139.939840307346,93.9609135077901
85.33989502807,-139.786945955066,93.9549330102035
85.5977564752491,-139.633579009085,93.9489525126168
85.8553365671368,-139.479739994754,93.9429720150302
86.1126344459486,-139.325429438993,93.9369915174436
86.3696492549462,-139.17064787024,93.9310110198569
86.6263801383595,-139.015395818502,93.9250305222703
86.8828262414592,-138.859673815312,93.9190500246837
87.1389867105007,-138.703482393761,93.913069527097
87.3948606927953,-138.546822088452,93.9070890295104
87.6504473366346,-138.389693435551,93.9011085319238
87.9057457913519,-138.232096972744,93.8951280343371
88.160755207315,-138.074033239245,93.8891475367505
88.4154747358905,-137.915502775817,93.8831670391639
88.6699035295042,-137.756506124731,93.8771865415772
88.9240407416057,-137.597043829792,93.8712060439906
89.1778855266605,-137.437116436342,93.8652255464039
89.4314370402118,-137.27672449122,93.8592450488173
89.6846944388055,-137.115868542809,93.8532645512307
89.9376568800504,-136.954549141001,93.847284053644
90.1903235226021,-136.792766837202,93.8413035560574
90.442693526166,-136.630522184333,93.8353230584708
90.694766051499,-136.467815736826,93.8293425608841
90.9465402604037,-136.304648050633,93.8233620632975
91.1980153157491,-136.141019683204,93.8173815657109
91.4491903814654,-135.976931193497,93.8114010681242
91.7000646225348,-135.812383141982,93.8054205705376
91.9506372050158,-135.647376090621,93.799440072951
92.2009072960339,-135.481910602881,93.7934595753643
92.4508740637871,-135.315987243721,93.7874790777777
92.7005366775354,-135.149606579608,93.7814985801911
92.9498943076263,-134.982769178493,93.7755180826044
93.1989461254851,-134.815475609819,93.7695375850178
93.4476913036192,-134.647726444521,93.7635570874312
93.6961290156002,-134.479522255032,93.7575765898445
93.9442584361165,-134.310863615253,93.7515960922579
94.1920787409355,-134.141751100572,93.7456155946712
94.4395891069165,-133.972185287862,93.7396350970846
94.6867887119954,-133.802166755486,93.733654599498
94.9336767352331,-133.631696083265,93.7276741019113
95.1802523567719,-133.460773852509,93.7216936043247
95.4265147578758,-133.289400645986,93.7157131067381
95.6724631208854,-133.117577047955,93.7097326091514
95.9180966292773,-132.945303644126,93.7037521115648
96.1634144676203,-132.772581021686,93.6977716139782
96.4084158215957,-132.599409769288,93.6917911163915
96.653099878029,-132.425790477026,93.6858106188049
96.8974658248164,-132.251723736489,93.6798301212183
97.1415128510229,-132.077210140689,93.6738496236316
97.3852401467987,-131.902250284122,93.667869126045
97.6286469034387,-131.726844762723,93.6618886284584
97.8717323133763,-131.550994173872,93.6559081308717
98.1144955701475,-131.37469911642,93.6499276332851
98.356935868441,-131.197960190649,93.6439471356984
98.5990524040817,-131.020777998288,93.6379666381118
98.8408443740335,-130.843153142509,93.6319861405252
99.0823109764018,-130.665086227922,93.6260056429385
99.3234514104171,-130.486577860593,93.6200251453519
99.5642648764846,-130.307628648,93.6140446477653
99.8047505761401,-130.12823919907,93.6080641501786
100.044907712089,-129.948410124149,93.602083652592
100.284735488164,-129.768142035033,93.5961031550054
100.524233109373,-129.587435544931,93.5901226574187
100.763399781882,-129.406291268477,93.5841421598321
101.002234713019,-129.224709821729,93.5781616622455
101.240737111269,-129.042691822171,93.5721811646588
101.47890618629,-128.8602378887,93.5662006670722
101.716741148912,-128.677348641629,93.5602201694855
101.954241211126,-128.494024702692,93.5542396718989
102.191405586106,-128.310266695028,93.5482591743123
102.428233488197,-128.126075243191,93.5422786767256
102.664724132938,-127.941450973131,93.536298179139
102.900876737024,-127.756394512221,93.5303176815524
103.136690518361,-127.570906489219,93.5243371839657
103.372164696024,-127.384987534294,93.5183566863791
103.607298490278,-127.198638279017,93.5123761887925
103.842091122596,-127.011859356339,93.5063956912058
104.07654181563,-126.824651400617,93.5004151936192
104.310649793234,-126.637015047595,93.4944346960326
104.544414280455,-126.448950934413,93.4884541984459
104.77783450354,-126.260459699597,93.4824737008593
105.010909689968,-126.071541983036,93.4764932032727
105.24363906838,-125.882198426038,93.470512705686
105.476021868661,-125.692429671261,93.4645322080994
105.708057321888,-125.502236362757,93.4585517105128
105.939744660373,-125.311619145936,93.4525712129261
106.171083117614,-125.120578667605,93.4465907153395
106.402071928349,-124.929115575927,93.4406102177528
106.632710328524,-124.737230520441,93.4346297201662
106.86299755534,-124.544924152027,93.4286492225796
107.092932847175,-124.352197122969,93.4226687249929
107.322515443673,-124.159050086881,93.4166882274063
107.5517445857,-123.965483698745,93.4107077298197
107.780619515338,-123.771498614912,93.404727232233
108.009139475921,-123.577095493076,93.3987467346464
108.237303712028,-123.382274992273,93.3927662370598
108.465111469456,-123.18703777291,93.3867857394731
108.692561995267,-122.991384496722,93.3808052418865
108.919654537745,-122.79531582681,93.3748247442999
109.146388346446,-122.598832427594,93.3688442467132
109.372762672158,-122.40193496485,93.3628637491266
109.598776766922,-122.204624105693,93.35688325154
109.82442988405,-122.006900518555,93.3509027539533
110.049721278086,-121.808764873228,93.3449222563667
110.274650204858,-121.610217840809,93.33894175878
110.49921592144,-121.411260093738,93.3329612611934
110.723417686167,-121.211892305783,93.3269807636068
110.947254758651,-121.012115152027,93.3210002660201
111.170726399772,-120.811929308874,93.3150197684335
111.393831871673,-120.611335454053,93.3090392708469
111.616570437786,-120.410334266595,93.3030587732602
111.838941362785,-120.208926426877,93.2970782756736
112.060943912655,-120.007112616553,93.291097778087
112.282577354655,-119.804893518597,93.2851172805003
112.503840957315,-119.602269817295,93.2791367829137
112.724733990461,-119.399242198231,93.2731562853271
112.945255725195,-119.195811348298,93.2671757877404
113.165405433909,-118.991977955686,93.2611952901538
113.385182390305,-118.78774270987,93.2552147925672
113.604585869361,-118.583106301632,93.2492342949805
113.823615147349,-118.378069423046,93.2432537973939
114.042269501852,-118.172632767469,93.2372732998072
114.260548211751,-117.966797029544,93.2312928022206
114.478450557221,-117.760562905207,93.225312304634
114.695975819744,-117.553931091675,93.2193318070473
114.913123282125,-117.346902287428,93.2133513094607
115.129892228455,-117.13947719225,93.2073708118741
115.346281944159,-116.931656507173,93.2013903142874
115.562291715955,-116.723440934525,93.1954098167008
115.777920831899,-116.514831177881,93.1894293191142
115.993168581351,-116.305827942098,93.1834488215275
116.208034254991,-116.096431933298,93.1774683239409
116.422517144831,-115.886643858856,93.1714878263543
116.6366165442,-115.676464427417,93.1655073287676
116.850331747769,-115.465894348866,93.159526831181
117.063662051509,-115.254934334373,93.1535463335943
117.276606752761,-115.043585096321,93.1475658360077
117.489165150177,-114.831847348368,93.1415853384211
117.701336543745,-114.619721805417,93.1356048408344
117.913120234792,-114.407209183616,93.1296243432478
118.124515525992,-114.194310200349,93.1236438456612
118.335521721365,-113.981025574235,93.1176633480745
118.546138126271,-113.767356025134,93.1116828504879
118.756364047398,-113.553302274163,93.1057023529013
118.96619879282,-113.33886504363,93.0997218553146
119.175641671941,-113.124045057097,93.093741357728
119.384691995516,-112.908843039352,93.0877608601414
119.593349075666,-112.693259716401,93.0817803625547
119.801612225852,-112.477295815485,93.0757998649681
120.009480760928,-112.260952065033,93.0698193673815
120.216953997079,-112.044229194723,93.0638388697948
120.42403125186,-111.827127935439,93.0578583722082
120.630711844211,-111.609649019259,93.0518778746216
120.836995094414,-111.391793179495,93.0458973770349
121.042880324139,-111.173561150649,93.0399168794483
121.248366856437,-110.954953668417,93.0339363818617
121.453454015701,-110.735971469729,93.027955884275
121.658141127733,-110.516615292682,93.0219753866884
121.862427519698,-110.296885876585,93.0159948891017
122.06631252015,-110.07678396193,93.0100143915151
122.269795459012,-109.856310290418,93.0040338939285
122.472875667622,-109.635465604903,92.9980533963418
122.675552478666,-109.414250649468,92.9920728987552
122.87782522625,-109.192666169344,92.9860924011686
123.079693245859,-108.970712910959,92.9801119035819
123.281155874368,-108.748391621919,92.9741314059953
123.482212450065,-108.525703050987,92.9681509084087
123.682862312613,-108.302647948125,92.962170410822
123.883104803079,-108.079227064455,92.9561899132354
124.082939263951,-107.85544115225,92.9502094156488
124.282365039103,-107.631290964962,92.9442289180621
124.481381473816,-107.406777257208,92.9382484204755
124.679987914785,-107.181900784753,92.9322679228889
124.878183710109,-106.956662304528,92.9262874253022
125.075968209304,-106.731062574608,92.9203069277156
125.273340763288,-106.505102354238,92.9143264301289
125.470300724421,-106.278782403776,92.9083459325423
125.666847446445,-106.05210348477,92.9023654349557
125.862980284554,-105.825066359874,92.896384937369
126.058698595345,-105.597671792901,92.8904044397824
126.254001736834,-105.369920548812,92.8844239421958
126.44888906849,-105.141813393667,92.8784434446091
126.643359951183,-104.913351094691,92.8724629470225
126.837413747226,-104.684534420226,92.8664824494359
127.031049820355,-104.455364139746,92.8605019518492
127.224267535742,-104.22584102385,92.8545214542626
127.417066259999,-103.995965844251,92.848540956676
127.609445361179,-103.76573937378,92.8425604590893
127.801404208757,-103.535162386402,92.8365799615027
127.992942173672,-103.30423565717,92.8305994639161
128.184058628292,-103.072959962263,92.8246189663294
128.374752946423,-102.841336078981,92.8186384687428
128.565024503339,-102.609364785698,92.8126579711561
128.754872675757,-102.377046861903,92.8066774735695
128.944296841823,-102.14438308821,92.8006969759829
129.133296381172,-101.911374246287,92.7947164783962
129.321870674855,-101.678021118941,92.7887359808096
129.510019105413,-101.444324490033,92.782755483223
129.697741056829,-101.210285144534,92.7767749856363
129.885035914553,-100.975903868489,92.7707944880497
130.07190306549,-100.741181449039,92.7648139904631
130.258341898004,-100.506118674412,92.7588334928764
130.444351801951,-100.27071633388,92.7528529952898
130.629932168629,-100.034975217824,92.7468724977032
130.815082390803,-99.7988961177014,92.7408920001165
130.999801862741,-99.5624798259998,92.7349115025299
131.184089980161,-99.3257271363025,92.7289310049432
131.367946140249,-99.0886388432661,92.7229505073566
131.551369741685,-98.8512157425908,92.71697000977
131.734360184618,-98.6134586310438,92.7109895121833
131.916916870686,-98.3753683064403,92.7050090145967
132.099039203009,-98.1369455676476,92.6990285170101
132.280726586179,-97.8981912146028,92.6930480194234
132.461978426294,-97.6591060482623,92.6870675218368
132.642794130912,-97.4196908706654,92.6810870242502
132.823173109117,-97.1799464848461,92.6751065266635
133.003114771447,-96.9398736949246,92.6691260290769
133.182618529964,-96.6994733060206,92.6631455314903
133.361683798212,-96.4587461243057,92.6571650339036
133.540309991235,-96.2176929569734,92.651184536317
133.718496525566,-95.9763146122645,92.6452040387304
133.89624281925,-95.7346118994256,92.6392235411437
134.073548291829,-95.4925856287356,92.6332430435571
134.25041236436,-95.2502366114743,92.6272625459705
134.426834459383,-95.0075656599764,92.6212820483838
134.602814000969,-94.7645735875522,92.6153015507972
134.778350414685,-94.5212612085427,92.6093210532106
134.953443127612,-94.2776293382978,92.6033405556239
135.128091568341,-94.0336787931719,92.5973600580373
135.302295166992,-93.7894103905042,92.5913795604506
135.47605335518,-93.5448249486618,92.585399062864
135.649365566046,-93.2999232870001,92.5794185652774
135.822231234265,-93.0547062258488,92.5734380676907
135.99464979601,-92.8091745865585,92.5674575701041
136.166620688987,-92.5633291914588,92.5614770725175
136.338143352438,-92.3171708638453,92.5554965749308
136.509217227112,-92.070700428026,92.5495160773442
136.679841755301,-91.8239187092695,92.5435355797576
136.850016380818,-91.5768265338311,92.5375550821709
137.019740549008,-91.3294247289411,92.5315745845843
137.189013706764,-91.0817141227814,92.5255940869976
137.357835302485,-90.8336955445412,92.519613589411
137.526204786128,-90.585369824347,92.5136330918244
137.694121609194,-90.3367377932779,92.5076525942377
137.861585224698,-90.0878002834127,92.5016720966511
138.028595087221,-89.8385581277475,92.4956915990645
138.19515065287,-89.5890121602631,92.4897111014778
138.361251379315,-89.3391632158611,92.4837306038912
138.526896725753,-89.089012130422,92.4777501063046
138.692086152941,-88.8385597407522,92.4717696087179
138.856819123179,-88.5878068846108,92.4657891111313
139.02109510032,-88.3367544006963,92.4598086135447
139.184913549776,-88.0854031286348,92.453828115958
139.348273938504,-87.8337539089963,92.4478476183714
139.51117573502,-87.581807583282,92.4418671207848
139.673618409403,-87.3295649939113,92.4358866231981
139.835601433279,-87.0770269842497,92.4299061256115
139.997124279852,-86.8241943985544,92.4239256280248
140.158186423871,-86.5710680820324,92.4179451304382
140.31878734166,-86.3176488807877,92.4119646328516
140.47892651111,-86.0639376418378,92.4059841352649
140.638603411666,-85.8099352131317,92.4000036376783
140.797817524346,-85.5556424435152,92.3940231400917
140.956568331752,-85.3010601827202,92.388042642505
141.114855318034,-85.0461892814204,92.3820621449184
141.272677968944,-84.7910305911386,92.3760816473318
141.430035771778,-84.5355849643438,92.3701011497451
141.586928215433,-84.2798532543586,92.3641206521585
141.743354790367,-84.0238363154258,92.3581401545719
141.89931498862,-83.7675350026657,92.3521596569852
142.054808303828,-83.5109501720632,92.3461791593986
142.209834231189,-83.2540826805151,92.340198661812
142.364392267497,-82.9969333857762,92.3342181642253
142.518481911127,-82.7395031464874,92.3282376666387
142.672102662033,-82.4817928221725,92.3222571690521
142.82525402178,-82.2238032731847,92.3162766714654
142.977935493496,-81.9655353607946,92.3102961738788
143.130146581908,-81.7069899471167,92.3043156762921
143.281886793352,-81.4481678951053,92.2983351787055
143.433155635742,-81.1890700685944,92.2923546811189
143.583952618589,-80.9296973322716,92.2863741835322
143.734277252996,-80.6700505516878,92.2803936859456
143.884129051681,-80.410130593212,92.274413188359
144.033507528944,-80.1499383240902,92.2684326907723
144.182412200699,-79.8894746123906,92.2624521931857
144.330842584455,-79.6287403270322,92.2564716955991
144.478798199332,-79.3677363377614,92.2504911980124
144.626278566044,-79.1064635151784,92.2445107004258
144.773283206923,-78.8449227306951,92.2385302028392
144.919811645904,-78.583114856561,92.2325497052525
145.065863408536,-78.3210407658412,92.2265692076659
145.21143802197,-78.0587013324439,92.2205887100793
145.356535014978,-77.7960974310756,92.2146082124926
145.501153917942,-77.5332299372696,92.208627714906
145.645294262859,-77.2700997273726,92.2026472173194
145.788955583348,-77.0067076785307,92.1966667197327
145.932137414635,-76.7430546687193,92.1906862221461
146.07483929358,-76.4791415766859,92.1847057245594
146.21706075865,-76.2149692820106,92.1787252269728
146.358801349938,-75.9505386650625,92.1727447293862
146.500060609165,-75.6858506069941,92.1667642317995
146.640838079673,-75.4209059897619,92.1607837342129
146.781133306428,-75.1557056961112,92.1548032366263
146.92094583603,-74.8902506095628,92.1488227390396
147.060275216696,-74.6245416144421,92.142842241453
147.199120998286,-74.3585795958344,92.1368617438664
147.337482732281,-74.0923654396114,92.1308812462797
147.475359971806,-73.8259000324096,92.1249007486931
147.612752271603,-73.5591842616575,92.1189202511065
147.74965918806,-73.292219015541,92.1129397535198
147.886080279208,-73.0250051829901,92.1069592559332
148.022015104696,-72.7575436537394,92.1009787583465
148.157463225834,-72.4898353182402,92.0949982607599
148.292424205559,-72.2218810677206,92.0890177631733
148.426897608446,-71.9536817941732,92.0830372655866
148.560883000725,-71.6852383903185,92.077056768
148.694379950266,-71.4165517496245,92.0710762704134
148.827388026576,-71.1476227663242,92.0650957728267
148.959906800814,-70.8784523353804,92.0591152752401
149.091935845791,-70.609041352484,92.0531347776535
149.223474735963,-70.3393907140703,92.0471542800668
149.354523047433,-70.0695013173069,92.0411737824802
149.48508035796,-69.7993740600903,92.0351932848936
149.615146246956,-69.5290098410311,92.0292127873069
149.744720295485,-69.2584095594735,92.0232322897203
149.873802086265,-68.9875741154819,92.0172517921337
150.002391203664,-68.7165044098469,92.011271294547
150.130487233724,-68.4452013440404,92.0052907969604
150.258089764134,-68.1736658202669,91.9993102993737
150.385198384239,-67.901898741448,91.9933298017871
150.511812685051,-67.6299010111991,91.9873493042005
150.637932259249,-67.357673533815,91.9813688066138
150.763556701166,-67.0852172143214,91.9753883090272
150.888685606802,-66.8125329584272,91.9694078114406
151.013318573822,-66.5396216725345,91.9634273138539
151.137455201567,-66.2664842637114,91.9574468162673
151.261095091027,-65.9931216397556,91.9514663186807
151.384237844878,-65.7195347091151,91.945485821094
151.506883067456,-65.4457243809278,91.9395053235074
151.629030364777,-65.1716915649978,91.9335248259208
151.750679344514,-64.8974371718346,91.9275443283341
151.871829616036,-64.6229621125647,91.9215638307475
151.992480790364,-64.3482672990349,91.9155833331609
152.112632480208,-64.0733536437244,91.9096028355742
152.232284299955,-63.7982220597733,91.9036223379876
152.351435865656,-63.5228734610121,91.897641840401
152.470086795058,-63.2473087618831,91.8916613428143
152.588236707581,-62.9715288775011,91.8856808452277
152.70588522432,-62.6955347236419,91.879700347641
152.82303196806,-62.4193272167043,91.8737198500544
152.939676563262,-62.142907273751,91.8677393524678
153.055818636085,-61.8662758124522,91.8617588548811
153.171457814361,-61.5894337511358,91.8557783572945
153.286593727602,-61.3123820087842,91.8497978597079
153.401226007025,-61.0351215049671,91.8438173621212
153.515354285526,-60.7576531599026,91.8378368645346
153.628978197684,-60.4799778944431,91.831856366948
153.742097379781,-60.2020966300406,91.8258758693613
153.854711469786,-59.9240102887643,91.8198953717747
153.966820107351,-59.6457197933307,91.8139148741881
154.078422933836,-59.3672260670236,91.8079343766014
154.189519592284,-59.088530033769,91.8019538790148
154.300109727436,-58.8096326180859,91.7959733814282
154.410192985736,-58.5305347450847,91.7899928838415
154.519769015318,-58.2512373404861,91.7840123862549
154.628837466016,-57.9717413306056,91.7780318886682
154.737397989364,-57.6920476423526,91.7720513910816
154.845450238591,-57.4121572032359,91.766070893495
154.952993868638,-57.1320709413182,91.7600903959083
155.060028536137,-56.8517897852786,91.7541098983217
155.166553899434,-56.5713146643539,91.7481294007351
155.272569618565,-56.2906465083797,91.7421489031484
155.378075355284,-56.0097862477444,91.7361684055618
155.48307077304,-55.7287348134283,91.7301879079752
155.587555536998,-55.4474931369572,91.7242074103885
155.691529314029,-55.1660621504221,91.7182269128019
155.794991772703,-54.8844427865073,91.7122464152152
155.89794258331,-54.6026359784233,91.7062659176286
156.000381417846,-54.3206426599455,91.700285420042
156.102307950022,-54.0384637653911,91.6943049224553
156.203721855254,-53.7561002296477,91.6883244248687
156.304622810674,-53.4735529881372,91.6823439272821
156.405010495134,-53.190822976813,91.6763634296954
156.504884589195,-52.907911132179,91.6703829321088
156.604244775128,-52.6248183912864,91.6644024345222
156.703090736931,-52.3415456916969,91.6584219369355
156.801422160311,-52.0580939715243,91.6524414393489
156.899238732704,-51.7744641693753,91.6464609417623
156.996540143252,-51.4906572244146,91.6404804441756
157.093326082825,-51.2066740763152,91.634499946589
157.189596244009,-50.9225156652671,91.6285194490024
157.285350321113,-50.6381829319751,91.6225389514157
157.380588010169,-50.3536768176545,91.6165584538291
157.475309008936,-50.0689982640169,91.6105779562425
157.569513016887,-49.7841482133012,91.6045974586558
157.663199735226,-49.4991276082363,91.5986169610692
157.756368866885,-49.2139373920381,91.5926364634825
157.849020116519,-48.9285785084287,91.5866559658959
157.941153190505,-48.6430519016333,91.5806754683093
158.032767796956,-48.3573585163437,91.5746949707226
158.12386364571,-48.0714992977476,91.568714473136
158.214440448331,-47.7854751915277,91.5627339755494
158.30449791812,-47.4992871438221,91.5567534779627
158.394035770108,-47.2129361012451,91.5507729803761
158.483053721047,-46.9264230109184,91.5447924827895
158.571551489434,-46.6397488203992,91.5388119852028
158.659528795492,-46.3529144777219,91.5328314876162
158.746985361181,-46.0659209313848,91.5268509900296
158.833920910193,-45.7787691303466,91.5208704924429
158.920335167957,-45.4914600240221,91.5148899948563
159.006227861639,-45.2039945622692,91.5089094972697
159.091598720135,-44.9163736954301,91.502928999683
159.176447474089,-44.6285983742492,91.4969485020964
159.260773855875,-44.3406695499378,91.4909680045098
159.344577599604,-44.052588174171,91.4849875069231
159.427858441134,-43.7643551990158,91.4790070093365
159.510616118057,-43.4759715770091,91.4730265117499
159.592850369707,-43.1874382611068,91.4670460141632
159.674560937164,-42.8987562046821,91.4610655165766
159.755747563241,-42.6099263615564,91.4550850189899
159.836409992503,-42.3209496859496,91.4491045214033
159.916547971251,-42.0318271325237,91.4431240238167
159.996161247532,-41.7425596563443,91.43714352623
160.075249571141,-41.4531482128784,91.4311630286434
160.153812693614,-41.1635937580249,91.4251825310568
160.231850368236,-40.8738972480655,91.4192020334701
160.309362350037,-40.5840596396961,91.4132215358835
160.386348395791,-40.2940818900244,91.4072410382969
160.462808264023,-40.0039649565418,91.4012605407102
160.538741715005,-39.7137097971337,91.3952800431236
160.614148510764,-39.4233173700525,91.389299545537
160.689028415065,-39.1327886339826,91.3833190479503
160.76338119343,-38.8421245479697,91.3773385503637
160.83720661313,-38.5513260714397,91.3713580527771
160.910504443193,-38.2603941641723,91.3653775551904
160.983274454384,-37.9693297863792,91.3593970576038
161.055516419237,-37.6781338985852,91.3534165600171
161.12723011203,-37.3868074617053,91.3474360624305
161.198415308793,-37.0953514370309,91.3414555648439
161.269071787313,-36.8037667862025,91.3354750672572
161.339199327131,-36.5120544712189,91.3294945696706
161.408797709548,-36.2202154544107,91.323514072084
161.477866717607,-35.928250698517,91.3175335744973
161.546406136122,-35.6361611665682,91.3115530769107
161.614415751652,-35.3439478219746,91.3055725793241
161.681895352521,-35.0516116284761,91.2995920817374
161.748844728805,-34.7591535501516,91.2936115841508
161.815263672343,-34.4665745514041,91.2876310865642
161.881151976728,-34.1738755969921,91.2816505889775
161.946509437314,-33.881057651991,91.2756700913909
162.011335851214,-33.588121681803,91.2696895938043
162.075631017301,-33.2950686521517,91.2637090962176
162.139394736208,-33.0018995290812,91.257728598631
162.202626810331,-32.7086152789512,91.2517481010443
162.265327043823,-32.415216868435,91.2457676034577
162.327495242603,-32.1217052645148,91.2397871058711
162.38913121435,-31.8280814344798,91.2338066082844
162.450234768506,-31.5343463459228,91.2278261106978
162.510805716274,-31.2405009667479,91.2218456131112
162.570843870624,-30.9465462651332,91.2158651155245
162.630349046289,-30.6524832095621,91.2098846179379
162.689321059766,-30.3583127688086,91.2039041203513
162.74775972931,-30.0640359119563,91.1979236227646
162.805664874956,-29.7696536083157,91.191943125178
162.863036318488,-29.4751668275479,91.1859626275914
162.91987388347,-29.1805765395214,91.1799821300047
162.97617739522,-28.8858837144488,91.1740016324181
163.031946680832,-28.5910893227556,91.1680211348314
163.087181569162,-28.2961943351713,91.1620406372448
163.141881890835,-28.0011997226767,91.1560601396582
163.196047478242,-27.7061064565158,91.1500796420715
163.249678165543,-27.4109155082012,91.1440991444849
163.302773788669,-27.1156278494663,91.1381186468983
163.355334185315,-26.8202444523426,91.1321381493116
163.407359194951,-26.5247662890642,91.126157651725
163.45884865881,-26.2291943321566,91.1201771541384
163.509802419896,-25.9335295543642,91.1141966565517
163.560220322988,-25.6377729286589,91.1082161589651
163.61010221463,-25.3419254282719,91.1022356613785
163.65944794314,-25.0459880266426,91.0962551637918
163.708257358603,-24.7499616974643,91.0902746662052
163.756530312878,-24.4538474146551,91.0842941686186
163.804266659598,-24.157646152322,91.0783136710319
163.851466254163,-23.8613588848256,91.0723331734453
163.898128953747,-23.5649865867321,91.0663526758587
163.944254617296,-23.2685302328318,91.060372178272
163.98984310553,-22.9719907981022,91.0543916806854
164.034894280942,-22.6753692577386,91.0484111830988
164.079408007794,-22.3786665871517,91.0424306855121
164.123384152125,-22.0818837619406,91.0364501879255
164.166822581749,-21.7850217578903,91.0304696903388
164.20972316625,-21.4880815510024,91.0244891927522
164.252085776988,-21.1910641174573,91.0185086951656
164.293910287096,-20.8939704336347,91.0125281975789
164.335196571485,-20.5968014760635,91.0065476999923
164.375944506836,-20.2995582214997,91.0005672024057
164.41615397161,-20.0022416468426,90.994586704819
164.455824846037,-19.7048527291882,90.9886062072324
164.494957012126,-19.4073924457934,90.9826257096458
164.533550353664,-19.1098617740705,90.9766452120591
164.571604756209,-18.8122616916202,90.9706647144725
164.609120107094,-18.5145931762041,90.9646842168858
164.646096295434,-18.2168572057197,90.9587037192992
164.682533212118,-17.9190547582193,90.9527232217126
164.718430749805,-17.621186811953,90.9467427241259
164.753788802941,-17.3232543452504,90.9407622265393
164.788607267739,-17.025258336656,90.9347817289527
164.822886042196,-16.7271997647984,90.928801231366
164.856625026081,-16.4290796084916,90.9228207337794
164.889824120943,-16.1308988466383,90.9168402361928
164.922483230106,-15.8326584583213,90.9108597386061
164.954602258674,-15.5343594227164,90.9048792410195
164.986181113526,-15.23600271915,90.8988987434329
165.017219703319,-14.9375893270469,90.8929182458462
165.047717938487,-14.6391202259874,90.8869377482596
165.077675731245,-14.3405963956205,90.880957250673
165.107092995583,-14.042018815744,90.8749767530863
165.135969647266,-13.7433884662655,90.8689962554997
165.164305603843,-13.4447063271758,90.863015757913
165.192100784637,-13.1459733785923,90.8570352603264
165.219355110752,-12.8471906007095,90.8510547627398
165.246068505065,-12.5483589738538,90.8450742651531
165.272240892237,-12.249479478399,90.8390937675665
165.297872198704,-11.9505530948557,90.8331132699799
165.32296235268,-11.6515808037867,90.8271327723932
165.34751128416,-11.3525635858629,90.8211522748066
165.371518924914,-11.0535024218235,90.81517177722
165.394985208493,-10.7543982924743,90.8091912796333
165.417910070224,-10.4552521787301,90.8032107820467
165.440293447216,-10.1560650615309,90.7972302844601
165.462135278351,-9.85683792194193,90.7912497868734
165.483435504295,-9.55757174103596,90.7852692892868
165.504194067488,-9.25826749998133,90.7792887917002
165.524410912151,-8.95892617998201,90.7733082941135
165.544085984282,-8.65954876233146,90.7673277965269
165.563219231659,-8.36013622834058,90.7613472989403
165.581810603836,-8.06068955939154,90.7553668013536
165.599860052146,-7.76120973690132,90.749386303767
165.617367529701,-7.46169774231614,90.7434058061803
165.634332991392,-7.16215455715709,90.7374253085937
165.650756393885,-6.86258116294538,90.7314448110071
165.666637695628,-6.56297854124712,90.7254643134204
165.681976856842,-6.26334767366887,90.7194838158338
165.696773839532,-5.96368954183155,90.7135033182472
165.711028607476,-5.66400512737919,90.7075228206605
165.724741126231,-5.36429541197552,90.7015423230739
165.737911363134,-5.06456137731242,90.6955618254873
165.750539287296,-4.76480400508295,90.6895813279006
165.762624869608,-4.46502427697838,90.683600830314
165.774168082737,-4.16522317473266,90.6776203327274
165.785168901129,-3.8654016800474,90.6716398351407
165.795627301005,-3.56556077464812,90.6656593375541
165.805543260365,-3.26570144023448,90.6596788399675
165.814916758984,-2.96582465852275,90.6536983423808
165.823747778415,-2.665931411209,90.6477178447942
165.832036301988,-2.36602267998799,90.6417373472075
165.839782314808,-2.06609944652728,90.6357568496209
165.846985803758,-1.76616269246369,90.6297763520343
165.853646757496,-1.46621339944667,90.6237958544476
165.859765166456,-1.16625254906613,90.617815356861
165.865341022849,-0.866281122893747,90.6118348592744
165.87037432066,-0.566300102482654,90.6058543616877
165.874865055651,-0.266310469338046,90.5998738641011
165.878813225359,0.0336867950724875,90.5938933665145
165.882218829094,0.33369070931068,90.5879128689278
165.885081867945,0.633700291995545,90.5819323713412
165.887402344773,0.933714561805109,90.5759518737546
165.889180264213,1.23373253743306,90.5699713761679
165.890415632675,1.53375323766268,90.5639908785813
165.891108458344,1.8337756813117,90.5580103809947
165.891258751179,2.13379888726937,90.552029883408
165.89086652291,2.43382187450088,90.5460493858214
165.889931787042,2.73384366199162,90.5400688882347
165.888454558855,3.03386326885613,90.5340883906481
165.886434855399,3.33387971424646,90.5281078930615
165.883872695498,3.63389201740369,90.5221273954748
165.880768099747,3.93389919764873,90.5161468978882
165.877121090515,4.23390027437316,90.5101664003016
165.872931691943,4.5338942670557,90.5041859027149
165.86819992994,4.83388019529897,90.4982054051283
165.862925832191,5.13385707875168,90.4922249075417
165.85710942815,5.43382393718163,90.486244409955
165.850750749039,5.73377979046775,90.4802639123684
165.843849827854,6.03372365855523,90.4742834147818
165.83640669936,6.33365456153092,90.4683029171951
165.828421400092,6.63357151956582,90.4623224196085
165.819893968353,6.93347355294331,90.4563419220219
165.810824444217,7.23335968208534,90.4503614244352
165.801212869525,7.53322892751965,90.4443809268486
165.791059287888,7.83308030988445,90.4384004292619
165.780363744684,8.13291284994163,90.4324199316753
165.76912628706,8.43272556860466,90.4264394340887
165.757346963928,8.73251748690678,90.420458936502
165.745025825969,9.03228762599085,90.4144784389154
165.732162925632,9.33203500716123,90.4084979413288
165.718758317129,9.63175865188597,90.4025174437421
165.704812056439,9.93145758171792,90.3965369461555
165.690324201309,10.2311308184042,90.3905564485689
165.675294811247,10.5307773838301,90.3845759509822
165.65972394753,10.8303963000101,90.3785954533956
165.643611673195,11.1299865891625,90.372614955809
165.626958053047,11.4295472736185,90.3666344582223
165.609763153653,11.7290773759063,90.3606539606357
165.592027043342,12.0285759186856,90.3546734630491
165.573749792206,12.3280419248317,90.3486929654624
165.554931472102,12.627474417334,90.3427124678758
165.535572156645,12.9268724194155,90.3367319702892
165.515671921215,13.2262349544308,90.3307514727025
165.49523084295,13.5255610459524,90.3247709751159
165.474249000749,13.8248497177128,90.3187904775292
165.452726475274,14.1240999936335,90.3128099799426
165.430663348942,14.423310897863,90.306829482356
165.408059705933,14.7224814546844,90.3008489847693
165.384915632183,15.0216106886375,90.2948684871827
165.361231215388,15.3206976244164,90.2888879895961
165.337006545001,15.619741286942,90.2829074920094
165.312241712233,15.9187407013424,90.2769269944228
165.286936810051,16.2176948929449,90.2709464968362
165.261091933176,16.5166028873127,90.2649659992495
165.234707178088,16.8154637102025,90.2589855016629
165.207782643023,17.1142763875907,90.2530050040763
165.180318427968,17.4130399456888,90.2470245064896
165.152314634664,17.7117534109451,90.241044008903
165.123771366611,18.0104158100026,90.2350635113164
165.094688729057,18.3090261697602,90.2290830137297
165.065066829005,18.6075835173514,90.2231025161431
165.034905775208,18.9060868801376,90.2171220185564
165.004205678172,19.2045352857447,90.2111415209698
164.972966650152,19.5029277620208,90.2051610233832
164.941188805158,19.8012633370618,90.1991805257965
164.908872258944,20.0995410392257,90.1932000282099
164.876017129017,20.3977598971264,90.1872195306233
164.84262353463,20.6959189396337,90.1812390330366
164.808691596788,20.994017195856,90.17525853545
164.774221438237,21.2920536952115,90.1692780378634
164.739213183478,21.5900274673266,90.1632975402767
164.70366695875,21.8879375421575,90.1573170426901
164.667582892043,22.1857829498853,90.1513365451034
164.63096111309,22.4835627210031,90.1453560475168
164.593801753371,22.7812758862488,90.1393755499302
164.556104946104,23.0789214766772,90.1333950523435
164.517870826255,23.3764985236178,90.1274145547569
164.479099530532,23.6740060586649,90.1214340571703
164.439791197386,23.9714431137287,90.1154535595836
164.399945967002,24.2688087210262,90.109473061997
164.359563981316,24.5661019130367,90.1034925644104
164.318645383995,24.8633217225768,90.0975120668237
164.277190320451,25.1604671827321,90.0915315692371
164.235198937832,25.4575373269307,90.0855510716505
164.192671385023,25.7545311889004,90.0795705740638
164.149607812652,26.0514478026469,90.0735900764772
164.106008373073,26.348286202563,90.0676095788906
164.061873220386,26.645045423292,90.0616290813039
164.017202510421,26.9417244998469,90.0556485837173
163.971996400741,27.2383224675546,90.0496680861307
163.926255050649,27.5348383620491,90.043687588544
163.879978621177,27.8312712193189,90.0377070909574
163.833167275086,28.1276200757009,90.0317265933707
163.785821176875,28.4238839678351,90.0257460957841
163.737940492768,28.7200619327386,90.0197655981975
163.689525390725,29.0161530077377,90.0137851006108
163.640576040431,29.3121562305423,90.0078046030242
163.591092613302,29.6080706391785,90.0018241054376
163.541075282477,29.9038952720722,89.9958436078509
163.490524222828,30.199629167961,89.9898631102643
163.439439610953,30.4952713659542,89.9838826126777
163.387821625171,30.7908209055473,89.977902115091
163.33567044553,31.0862768265797,89.9719216175044
163.2829862538,31.3816381692603,89.9659411199178
163.229769233475,31.6769039741819,89.9599606223311
163.176019569767,31.9720732823253,89.9539801247445
163.121737449621,32.2671451350031,89.9479996271579
163.066923061689,32.562118573968,89.9420191295712
163.011576596352,32.8569926413119,89.9360386319846
162.955698245709,33.1517663795372,89.930058134398
162.899288203576,33.4464388315262,89.9240776368113
162.842346665484,33.7410090405789,89.9180971392247
162.784873828684,34.035476050369,89.9121166416381
162.726869892146,34.3298389049592,89.9061361440514
162.668335056547,34.6240966488619,89.9001556464648
162.609269524284,34.9182483269496,89.8941751488781
162.549673499466,35.2122929845278,89.8881946512915
162.489547187914,35.5062296673145,89.8822141537049
162.428890797163,35.8000574214205,89.8762336561182
162.367704536453,36.0937752934208,89.8702531585316
162.305988616739,36.3873823302671,89.864272660945
162.243743250688,36.6808775793463,89.8582921633583
162.180968652664,36.9742600884977,89.8523116657717
162.117665038749,37.2675289059672,89.8463311681851
162.053832626728,37.5606830804357,89.8403506705984
161.989471636089,37.8537216610322,89.8343701730118
161.924582288026,38.1466436973255,89.8283896754252
161.859164805438,38.4394482393173,89.8224091778385
161.793219412927,38.7321343374535,89.8164286802519
161.726746336792,39.0247010426543,89.8104481826653
161.659745805041,39.3171474062563,89.8044676850786
161.592218047375,39.6094724800751,89.798487187492
161.524163295196,39.9016753163842,89.7925066899053
161.455581781602,40.1937549679191,89.7865261923187
161.386473741395,40.4857104878557,89.7805456947321
161.316839411065,40.7775409298727,89.7745651971454
161.246679028802,41.0692453480961,89.7685846995588
161.175992834494,41.3608227971136,89.7626042019722
161.104781069708,41.6522723320355,89.7566237043855
161.033043977716,41.9435930084175,89.7506432067989
160.960781803482,42.2347838822858,89.7446627092123
160.887994793651,42.5258440101871,89.7386822116256
160.814683196565,42.816772449133,89.732701714039
160.740847262251,43.1075682566279,89.7267212164524
160.666487242426,43.3982304906807,89.7207407188657
160.591603390487,43.6887582097992,89.7147602212791
160.516195961523,43.9791504729801,89.7087797236925
160.440265212304,44.2694063397343,89.7027992261058
160.363811401286,44.5595248700691,89.6968187285192
160.286834788605,44.8495051245003,89.6908382309325
160.209335636079,45.1393461640685,89.6848577333459
160.131314207204,45.4290470503298,89.6788772357593
160.052770767157,45.718606845347,89.6728967381726
159.973705582792,46.0080246117163,89.666916240586
159.894118922646,46.2972994125355,89.6609357429994
159.814011056922,46.5864303114644,89.6549552454127
159.7333822575,46.8754163726817,89.6489747478261
159.652232797942,47.1642566608767,89.6429942502395
159.570562953476,47.4529502412986,89.6370137526528
159.488373001003,47.7414961797241,89.6310332550662
159.405663219095,48.0298935424834,89.6250527574796
159.322433887988,48.3181413964535,89.6190722598929
159.238685289595,48.6062388090469,89.6130917623063
159.15441770749,48.8941848482396,89.6071112647196
159.069631426921,49.1819785825395,89.601130767133
158.98432673479,49.4696190810451,89.5951502695464
158.89850391967,49.7571054133928,89.5891697719597
158.812163271797,50.0444366497823,89.5831892743731
158.725305083065,50.3316118609908,89.5772087767865
158.637929647033,50.6186301183535,89.5712282791998
158.550037258914,50.905490493788,89.5652477816132
158.46162821558,51.1921920597884,89.5592672840266
158.372702815569,51.4787338894031,89.5532867864399
158.283261359065,51.7651150562844,89.5473062888533
158.193304147908,52.0513346346684,89.5413257912667
158.102831485596,52.3373916993664,89.53534529368
158.011843677277,52.6232853257807,89.5293647960934
157.920341029747,52.9090145899271,89.5233842985068
157.828323851459,53.194578568384,89.5174038009201
157.735792452509,53.4799763383515,89.5114233033335
157.642747144645,53.7652069776188,89.5054428057469
157.549188241254,54.0502695646026,89.4994623081602
157.455116057383,54.3351631782818,89.4934818105736
157.360530909703,54.6198868983019,89.487501312987
157.265433116549,54.9044398048653,89.4815208154003
157.169822997881,55.1888209788352,89.4755403178137
157.073700875309,55.4730295016714,89.469559820227
156.977067072074,55.7570644554674,89.4635793226404
156.879921913064,56.0409249229292,89.4575988250538
156.7822657248,56.324609987392,89.4516183274671
156.684098835441,56.6081187328201,89.4456378298805
156.585421574772,56.8914502438344,89.4396573322939
156.486234274216,57.1746036056703,89.4336768347072
156.386537266832,57.4575779042015,89.4276963371206
156.286330887306,57.7403722259451,89.421715839534
156.185615471947,58.0229856580845,89.4157353419473
156.084391358708,58.3054172884072,89.4097548443607
155.982658887148,58.5876662054071,89.403774346774
155.880418398472,58.8697314981762,89.3977938491874
155.777670235488,59.1516122565186,89.3918133516008
155.674414742648,59.4333075708428,89.3858328540141
155.570652266009,59.7148165322635,89.3798523564275
155.466383153255,59.996138232539,89.3738718588409
155.361607753691,60.2772717640957,89.3678913612542
155.256326418234,60.5582162200416,89.3619108636676
155.150539499422,60.8389706941483,89.355930366081
155.044247351404,61.1195342808744,89.3499498684943
154.93745032995,61.3999060753365,89.3439693709077
154.830148792431,61.6800851733666,89.3379888733211
154.722343097835,61.9600706714602,89.3320083757344
154.614033606767,62.2398616667894,89.3260278781478
154.505220681421,62.519457257262,89.3200473805612
154.395904685619,62.7988565414244,89.3140668829745
154.286085984772,63.0780586185632,89.3080863853879
154.175764945909,63.3570625886328,89.3021058878012
154.064941937653,63.6358675523103,89.2961253902146
153.953617330226,63.9144726109796,89.290144892628
153.841791495457,64.192876866721,89.2841643950413
153.729464806772,64.471079422325,89.2781838974547
153.616637639191,64.7490793813083,89.2722033998681
153.503310369333,65.0268758478921,89.2662229022814
153.389483375414,65.3044679270168,89.2602424046948
153.275157037235,65.5818547243569,89.2542619071082
153.160331736191,65.859035346311,89.2482814095215
153.045007855275,66.1360088999841,89.2423009119349
152.929185779062,66.4127744932336,89.2363204143483
152.812865893716,66.6893312346396,89.2303399167616
152.696048586985,66.9656782335285,89.224359419175
152.578734248203,67.2418145999563,89.2183789215884
152.46092326829,67.5177394447194,89.2123984240017
152.342616039741,67.7934518793707,89.2064179264151
152.223812956633,68.0689510162101,89.2004374288285
152.10451441463,68.3442359682661,89.1944569312418
151.984720810964,68.6193058493418,89.1884764336552
151.864432544447,68.8941597739851,89.1824959360685
151.743650015466,69.1687968575035,89.1765154384819
151.622373625971,69.4432162159858,89.1705349408953
151.500603779499,69.7174169662544,89.1645544433086
151.378340881145,69.9913982259185,89.158573945722
151.255585337584,70.2651591133365,89.1525934481354
151.132337557042,70.538698747671,89.1466129505487
151.008597949322,70.8120162488391,89.1406324529621
150.884366925788,71.0851107375346,89.1346519553755
150.75964489937,71.3579813352333,89.1286714577888
150.634432284552,71.6306271642043,89.1226909602022
150.508729497381,71.9030473474931,89.1167104626156
150.382536955459,72.1752410089439,89.1107299650289
150.255855077955,72.4472072731719,89.1047494674423
150.12868428558,72.718945265608,89.0987689698557
150.0010250006,72.9904541124807,89.092788472269
149.872877646839,73.2617329408071,89.0868079746824
149.744242649668,73.5327808784072,89.0808274770957
149.615120436008,73.8035970539071,89.0748469795091
149.485511434324,74.0741805967509,89.0688664819225
149.35541607463,74.3445306371834,89.0628859843358
149.224834788483,74.6146463062628,89.0569054867492
149.093768008978,74.8845267358746,89.0509249891626
148.962216170752,75.1541710587228,89.0449444915759
148.830179709996,75.4235784083017,89.0389639939893
148.697659064416,75.6927479189723,89.0329834964027
148.564654673263,75.9616787259125,89.027002998816
148.431166977335,76.2303699650984,89.0210225012294
148.297196418943,76.4988207733801,89.0150420036428
148.162743441934,76.767030288434,89.0090615060561
148.027808491702,77.0349976487408,89.0030810084695
147.892392015147,77.3027219936661,88.9971005108829
147.756494460706,77.5702024633963,88.9911200132962
147.62011627834,77.8374381989647,88.9851395157096
147.483257919534,78.104428342253,88.9791590181229
147.34591983729,78.3711720360048,88.9731785205363
147.208102486129,78.6376684238176,88.9671980229497
147.069806322106,78.9039166501151,88.961217525363
146.931031802767,79.1699158602316,88.9552370277764
146.791779387198,79.4356652003121,88.9492565301898
146.652049535985,79.7011638173973,88.9432760326031
146.511842711222,79.9664108593955,88.9372955350165
146.371159376522,80.2314054750743,88.9313150374299
146.229999997004,80.4961468140746,88.9253345398432
146.088365039296,80.7606340269121,88.9193540422566
145.946254971522,81.0248662649916,88.91337354467
145.803670263318,81.2888426805878,88.9073930470833
145.66061138582,81.5525624268583,88.9014125494967
145.517078811659,81.8160246578579,88.8954320519101
145.373073014975,82.0792285285087,88.8894515543234
145.228594471388,82.3421731946555,88.8834710567368
145.083643658031,82.6048578130051,88.8774905591501
144.938221053522,82.8672815411721,88.8715100615635
144.79232713796,83.1294435376902,88.8655295639769
144.645962392957,83.3913429619542,88.8595490663902
144.49912730159,83.6529789743033,88.8535685688036
144.351822348434,83.9143507359643,88.847588071217
144.204048019554,84.1754574090628,88.8416075736303
144.05580480248,84.436298156667,88.8356270760437
143.90709318624,84.6968721427295,88.8296465784571
143.757913661331,84.9571785321407,88.8236660808704
143.608266719734,85.2172164907007,88.8176855832838
143.458152854902,85.4769851851322,88.8117050856972
143.307572561768,85.7364837830823,88.8057245881105
143.156526336719,85.9957114531476,88.7997440905239
143.005014677641,86.2546673648131,88.7937635929373
142.853038083869,86.5133506885275,88.7877830953506
142.700597056205,86.7717605956752,88.781802597764
142.547692096922,87.0298962585683,88.7758221001774
142.394323709763,87.2877568504491,88.7698416025907
142.240492399915,87.5453415455339,88.7638611050041
142.086198674041,87.8026495189541,88.7578806074174
141.931443040251,88.0596799468094,88.7519001098308
141.776226008119,88.3164320061403,88.7459196122442
141.62054808867,88.5729048749411,88.7399391146575
141.464409794384,88.8290977321618,88.7339586170709
141.307811639186,89.0850097577201,88.7279781194843
141.150754138453,89.3406401324863,88.7219976218976
140.993237809012,89.5959880382924,88.716017124311
140.835263169135,89.8510526579378,88.7100366267244
140.67683073853,90.1058331752,88.7040561291377
140.517941038361,90.3603287748077,88.6980756315511
140.358594591216,90.6145386424832,88.6920951339645
140.198791921125,90.8684619649247,88.6861146363778
140.038533553564,91.1220979297896,88.6801341387912
139.877820015437,91.3754457257262,88.6741536412046
139.716651835076,91.6285045423765,88.6681731436179
139.55502954224,91.8812735703686,88.6621926460313
139.392953668139,92.1337520012897,88.6562121484446
139.230424745383,92.3859390277573,88.650231650858
139.06744330802,92.6378338433637,88.6442511532714
138.904009891526,92.8894356426869,88.6382706556847
138.740125032781,93.1407436213332,88.6322901580981
138.575789270102,93.3917569758806,88.6263096605115
138.411003143218,93.6424749039205,88.6203291629248
138.245767193265,93.8928966040602,88.6143486653382
138.080081962801,94.1430212759061,88.6083681677516
137.913947995802,94.3928481200651,88.6023876701649
137.747365837626,94.6423763381977,88.5964071725783
137.58033603508,94.8916051329206,88.5904266749916
137.412859136343,95.140533707919,88.584446177405
137.24493569101,95.3891612678787,88.5784656798184
137.07656625008,95.6374870185087,88.5724851822317
136.907751365952,95.8855101665442,88.5665046846451
136.738491592414,96.1332299197582,88.5605241870585
136.568787484667,96.3806454869345,88.5545436894718
136.398639599291,96.6277560779105,88.5485631918852
136.228048494265,96.8745609035482,88.5425826942986
136.057014728958,97.1210591757481,88.5366021967119
135.885538864128,97.3672501074513,88.5306216991253
135.71362146192,97.613132912641,88.5246412015387
135.541263085856,97.8587068063561,88.518660703952
135.368464300848,98.1039710046728,88.5126802063654
135.195225673186,98.3489247247178,88.5066997087788
135.021547770541,98.5935671846698,88.5007192111921
134.847431161961,98.8378976037626,88.4947387136055
134.672876417861,99.0819152022968,88.4887582160189
134.49788411004,99.3256192016134,88.4827777184322
134.322454811657,99.5690088241348,88.4767972208456
134.146589097245,99.8120832933378,88.4708167232589
133.970287542704,100.054841833766,88.4648362256723
133.793550725299,100.297283671033,88.4588557280857
133.616379223656,100.539408031823,88.452875230499
133.438773617756,100.781214143904,88.4468947329124
133.260734488945,101.022701236111,88.4409142353258
133.082262419925,101.263868538356,88.4349337377391
132.903357994762,101.504715281626,88.4289532401525
132.724021798849,101.745240698016,88.4229727425659
132.544254418954,101.985444020681,88.4169922449792
132.364056443185,102.225324483871,88.4110117473926
132.18342846099,102.464881322939,88.405031249806
132.002371063167,102.704113774318,88.3990507522193
131.820884841865,102.94302107553,88.3930702546327
131.63897039055,103.181602465219,88.3870897570461
131.456628304057,103.419857183094,88.3811092594594
131.273859178533,103.657784469994,88.3751287618728
131.090663611461,103.895383567861,88.3691482642862
130.907042201661,104.132653719734,88.3631677666995
130.722995549292,104.369594169754,88.3571872691129
130.538524255833,104.606204163181,88.3512067715263
130.353628924073,104.842482946406,88.3452262739396
130.168310158155,105.078429766903,88.339245776353
129.982568563515,105.314043873296,88.3332652787663
129.796404746927,105.549324515306,88.3272847811797
129.609819316479,105.784270943783,88.3213042835931
129.422812881572,106.018882410704,88.3153237860064
129.235386052913,106.253158169183,88.3093432884198
129.047539442526,106.487097473452,88.3033627908332
128.859273663754,106.720699578868,88.2973822932465
128.670589331222,106.953963741949,88.2914017956599
128.481487060892,107.186889220312,88.2854212980733
128.291967470003,107.419475272741,88.2794408004866
128.102031177096,107.651721159162,88.2734603029
127.911678802034,107.883626140614,88.2674798053133
127.720910965935,108.11518947933,88.2614993077267
127.529728291259,108.346410438634,88.2555188101401
127.33813140172,108.577288283047,88.2495383125534
127.146120922335,108.807822278222,88.2435578149668
126.953697479409,109.038011690969,88.2375773173802
126.760861700541,109.267855789244,88.2315968197935
126.567614214598,109.49735384218,88.2256163222069
126.373955651726,109.726505120071,88.2196358246203
126.179886643374,109.955308894348,88.2136553270336
125.985407822238,110.183764437643,88.207674829447
125.790519822309,110.41187102373,88.2016943318604
125.595223278846,110.639627927559,88.1957138342737
125.399518828366,110.867034425264,88.1897333366871
125.203407108675,111.094089794135,88.1837528391005
125.006888758823,111.320793312654,88.1777723415138
124.809964419145,111.547144260468,88.1717918439272
124.612634731208,111.773141918427,88.1658113463405
124.414900337875,111.998785568532,88.1598308487539
124.216761883248,112.224074493985,88.1538503511673
124.018220012665,112.449007979195,88.1478698535806
123.819275372746,112.673585309733,88.141889355994
123.619928611348,112.89780577237,88.1359088584074
123.420180377579,113.121668655071,88.1299283608207
123.220031321793,113.345173246998,88.1239478632341
123.019482095586,113.568318838512,88.1179673656475
122.818533351788,113.79110472118,88.1119868680608
122.617185744484,114.013530187757,88.1060063704742
122.41543992899,114.235594532211,88.1000258728876
122.213296561845,114.457297049723,88.0940453753009
122.010756300839,114.678637036668,88.0880648777143
121.807819804975,114.89961379065,88.0820843801277
121.604487734492,115.120226610474,88.076103882541
121.400760750864,115.340474796156,88.0701233849544
121.196639516771,115.560357648942,88.0641428873678
120.992124696122,115.779874471294,88.0581623897811
120.787216954055,115.999024566883,88.0521818921945
120.581916956904,116.217807240621,88.0462013946078
120.37622537223,116.436221798641,88.0402208970212
120.170142868804,116.654267548299,88.0342403994346
119.963670116607,116.871943798185,88.0282599018479
119.756807786828,117.089249858118,88.0222794042613
119.549556551867,117.306185039145,88.0162989066747
119.341917085306,117.522748653572,88.010318409088
119.133890061949,117.738940014922,88.0043379115014
118.925476157793,117.954758437962,87.9983574139148
118.716676050027,118.170203238704,87.9923769163281
118.507490417037,118.385273734404,87.9863964187415
118.2979199384,118.599969243566,87.9804159211549
118.087965294881,118.81428908594,87.9744354235682
117.877627168424,119.028232582536,87.9684549259816
117.666906242181,119.241799055593,87.962474428395
117.455803200455,119.454987828635,87.9564939308083
117.244318728753,119.667798226421,87.9505134332217
117.03245351375,119.880229574974,87.944532935635
116.820208243288,120.092281201588,87.9385524380484
116.607583606409,120.303952434795,87.9325719404618
116.39458029329,120.515242604425,87.9265914428752
116.181198995299,120.726151041548,87.9206109452885
115.967440404959,120.93667707852,87.9146304477019
115.753305215975,121.146820048946,87.9086499501152
115.538794123184,121.356579287733,87.9026694525286
115.323907822605,121.56595413104,87.896688954942
115.108647011405,121.774943916311,87.8907084573553
114.893012387896,121.983547982275,87.8847279597687
114.677004651568,122.191765668919,87.8787474621821
114.460624503026,122.399596317547,87.8727669645954
114.243872644047,122.607039270719,87.8667864670088
114.026749777544,122.814093872293,87.8608059694222
113.809256607563,123.020759467423,87.8548254718355
113.591393839317,123.227035402529,87.8488449742489
113.373162179119,123.432921025355,87.8428644766622
113.154562334455,123.638415684909,87.8368839790756
112.935595013907,123.843518731526,87.830903481489
112.716260927212,124.048229516816,87.8249229839023
112.496560785227,124.252547393698,87.8189424863157
112.276495299935,124.456471716391,87.8129619887291
112.056065184442,124.660001840421,87.8069814911424
111.835271152982,124.863137122609,87.8010009935558
111.614113920881,125.065876921111,87.7950204959692
111.392594204616,125.268220595358,87.7890399983825
111.170712721742,125.470167506127,87.7830595007959
110.948470190961,125.671717015475,87.7770790032093
110.725867332056,125.872868486801,87.7710985056226
110.502904865923,126.07362128481,87.765118008036
110.279583514574,126.273974775521,87.7591375104494
110.055904001102,126.473928326291,87.7531570128627
109.831867049708,126.673481305788,87.7471765152761
109.607473385698,126.872633084001,87.7411960176894
109.382723735453,127.07138303226,87.7352155201028
109.157618826475,127.269730523201,87.7292350225162
108.932159387307,127.467674930829,87.7232545249295
108.706346147624,127.665215630442,87.7172740273429
108.480179838167,127.86235199869,87.7112935297563
108.253661190761,128.059083413557,87.7053130321696
108.026790938296,128.255409254372,87.699332534583
107.79956981477,128.451328901785,87.6933520369964
107.571998555217,128.646841737813,87.6873715394097
107.34407789577,128.841947145797,87.6813910418231
107.115808573631,129.036644510423,87.6754105442365
106.887191327042,129.230933217746,87.6694300466498
106.658226895344,129.42481265514,87.6634495490632
106.428916018914,129.618282211351,87.6574690514766
106.199259439206,129.811341276466,87.6514885538899
105.969257898711,130.003989241939,87.6455080563033
105.738912140986,130.196225500572,87.6395275587167
105.508222910647,130.38804944652,87.63354706113
105.27719095334,130.579460475309,87.6275665635434
105.045817015788,130.770457983809,87.6215860659567
104.81410184572,130.961041370279,87.6156055683701
104.582046191933,131.151210034322,87.6096250707835
104.349650804255,131.340963376916,87.6036445731968
104.116916433551,131.530300800408,87.5976640756102
103.88384383173,131.719221708506,87.5916835780236
103.650433751703,131.907725506315,87.5857030804369
103.416686947448,132.095811600281,87.5797225828503
103.182604173951,132.283479398243,87.5737420852637
102.948186187213,132.470728309425,87.567761587677
102.713433744265,132.65755774442,87.5617810900904
102.478347603177,132.843967115191,87.5558005925038
102.242928522997,133.029955835109,87.5498200949171
102.007177263815,133.21552331891,87.5438395973305
101.771094586722,133.400668982723,87.5378590997439
101.534681253821,133.585392244063,87.5318786021572
101.297938028226,133.76969252183,87.5258981045706
101.060865674041,133.953569236326,87.5199176069839
100.823464956375,134.137021809243,87.5139371093973
100.58573664135,134.320049663656,87.5079566118107
100.347681496072,134.502652224047,87.501976114224
100.109300288631,134.684828916301,87.4959956166374
99.8705937881367,134.866579167681,87.4900151190508
99.631562764649,135.047902406881,87.4840346214641
99.3922079892519,135.228798063969,87.4780541238775
99.1525302339836,135.409265570439,87.4720736262909
98.9125302718724,135.589304359183,87.4660931287042
98.6722088769345,135.768913864496,87.4601126311176
98.4315668241422,135.948093522096,87.4541321335309
98.1906048894692,136.126842769089,87.4481516359443
97.949323849821,136.305161044025,87.4421711383577
97.7077244831,136.483047786845,87.4361906407711
97.4658075681734,136.660502438908,87.4302101431844
97.2235738848514,136.837524443005,87.4242296455978
96.9810242139141,137.014113243336,87.4182491480111
96.7381593371079,137.190268285519,87.4122686504245
96.4949800371247,137.365989016599,87.4062881528379
96.2514870975988,137.541274885054,87.4003076552512
96.0076813031424,137.716125340767,87.3943271576646
95.7635634392764,137.890539835073,87.388346660078
95.5191342925142,138.064517820706,87.3823661624913
95.2743946502521,138.238058751869,87.3763856649047
95.0293453008743,138.411162084163,87.3704051673181
94.7839870336821,138.583827274637,87.3644246697314
94.5383206389103,138.756053781776,87.3584441721448
94.2923469077247,138.927841065502,87.3524636745582
94.0460666322193,139.099188587174,87.3464831769715
93.7994806054245,139.270095809585,87.3405026793849
93.5525896212735,139.440562196984,87.3345221817982
93.3053944746399,139.610587215048,87.3285416842116
93.0578959612957,139.780170330913,87.322561186625
92.8100948779574,139.949311013142,87.3165806890383
92.5619920222252,140.118008731764,87.3106001914517
92.3135881926181,140.286262958253,87.3046196938651
92.064884188573,140.454073165525,87.2986391962784
91.8158808104218,140.621438827956,87.2926586986918
91.5665788593874,140.788359421382,87.2866782011052
91.3169791376233,140.954834423075,87.2806977035185
91.0670824481483,141.120863311784,87.2747172059319
90.8168895948865,141.286445567709,87.2687367083453
90.5664013826625,141.451580672504,87.2627562107586
90.3156186171799,141.616268109291,87.256775713172
90.0645421050183,141.780507362659,87.2507952155854
89.8131726536706,141.944297918646,87.2448147179987
89.5615110714805,142.107639264773,87.2388342204121
89.3095581676894,142.270530890014,87.2328537228255
89.0573147523941,142.432972284828,87.2268732252388
88.8047816365844,142.594962941128,87.2208927276522
88.5519596321197,142.756502352302,87.2149122300656
88.2988495516961,142.917590013227,87.2089317324789
88.0454522089256,143.078225420225,87.2029512348923
87.7917684182208,143.238408071131,87.1969707373056
87.5377989949141,143.398137465221,87.190990239719
87.2835447551545,143.557413103273,87.1850097421324
87.029006515954,143.71623448754,87.1790292445457
86.7741850951866,143.874601121752,87.1730487469591
86.5190813115543,144.032512511132,87.1670682493725
86.2636959846346,144.189968162371,87.1610877517858
86.0080299348079,144.346967583669,87.1551072541992
85.7520839833355,144.503510284691,87.1491267566126
85.4958589522853,144.659595776607,87.1431462590259
85.2393556645808,144.815223572067,87.1371657614393
84.9825749439673,144.970393185216,87.1311852638527
84.7255176150295,145.125104131689,87.125204766266
84.4681845031483,145.27935592863,87.1192242686794
84.2105764345795,145.433148094653,87.1132437710928
83.9526942363493,145.586480149896,87.1072632735061
83.6945387363326,145.739351615977,87.1012827759195
83.4361107632203,145.891762016016,87.0953022783328
83.1774111464961,146.043710874644,87.0893217807462
82.918440716474,146.195197717985,87.0833412831596
82.6592003042654,146.346222073671,87.0773607855729
82.3996907417868,146.496783470839,87.0713802879863
82.1399128617667,146.646881440129,87.0653997903997
81.8798674977122,146.796515513696,87.059419292813
81.6195554839485,146.945685225198,87.0534387952264
81.3589776555936,147.0943901098,87.0474582976398
81.0981348485365,147.242629704191,87.0414778000531
80.8370278994746,147.390403546562,87.0354973024665
80.5756576458711,147.53771117663,87.0295168048798
80.3140249260023,147.68455213561,87.0235363072932
80.0521305788935,147.830925966251,87.0175558097066
79.7899754443688,147.976832212811,87.0115753121199
79.527560363005,148.122270421075,87.0055948145333
79.264886176183,148.267240138336,86.9996143169467
79.0019537260202,148.411740913424,86.99363381936
78.7387638554222,148.55577229668,86.9876533217734
78.4753174080471,148.699333839979,86.9816728241868
78.2116152283138,148.842425096718,86.9756923266001
77.9476581614094,148.985045621817,86.9697118290135
77.6834470532555,149.127194971737,86.9637313314269
77.4189827505469,149.268872704455,86.9577508338402
77.1542661007279,149.410078379481,86.9517703362536
76.8892979519577,149.550811557874,86.945789838667
76.6240791531933,149.691071802196,86.9398093410803
76.3586105540896,149.830858676568,86.9338288434937
76.092893005051,149.970171746641,86.9278483459071
75.8269273572279,150.109010579596,86.9218678483204
75.5607144624937,150.247374744161,86.9158873507338
75.2942551734399,150.385263810606,86.9099068531471
75.0275503434186,150.522677350725,86.9039263555605
74.7606008264839,150.659614937867,86.8979458579739
74.4934074774126,150.796076146923,86.8919653603872
74.2259711516992,150.932060554327,86.8859848628006
73.9582927055662,151.067567738054,86.880004365214
73.6903729959379,151.202597277632,86.8740238676273
73.4222128804383,151.33714875414,86.8680433700407
73.1538132174424,151.471221750186,86.8620628724541
72.8851748659759,151.604815849954,86.8560823748674
72.6162986857995,151.737930639162,86.8501018772808
72.3471855373611,151.870565705089,86.8441213796942
72.077836281817,152.00272063656,86.8381408821075
71.8082517809948,152.134395023964,86.8321603845209
71.5384328974453,152.265588459231,86.8261798869343
71.2683804943864,152.39630053586,86.8201993893476
70.9980954357089,152.526530848911,86.814218891761
70.7275785860088,152.656278994994,86.8082383941744
70.4568308105609,152.785544572277,86.8022578965877
70.1858529753058,152.914327180498,86.7962773990011
69.9146459468475,153.04262642096,86.7902969014145
69.6432105925038,153.17044189651,86.7843164038278
69.371547780196,153.297773211589,86.7783359062412
69.0996583785757,153.424619972175,86.7723554086545
68.8275432569132,153.550981785831,86.7663749110679
68.5552032851499,153.676858261684,86.7603944134813
68.2826393339053,153.802249010421,86.7544139158946
68.0098522744199,153.927153644311,86.748433418308
67.7368429785971,154.051571777192,86.7424529207214
67.4636123190097,154.175503024462,86.7364724231347
67.1901611688322,154.298947003113,86.7304919255481
66.9164904019259,154.42190333169,86.7245114279615
66.6426008927693,154.544371630327,86.7185309303748
66.3684935164893,154.666351520724,86.7125504327882
66.0941691488244,154.787842626171,86.7065699352015
65.8196286661557,154.908844571531,86.7005894376149
65.5448729455137,155.029356983238,86.6946089400283
65.2699028645336,155.149379489313,86.6886284424417
64.9947193014723,155.268911719361,86.682647944855
64.7193231351957,155.387953304571,86.6766674472684
64.4437152452304,155.5065038777,86.6706869496817
64.1678965116621,155.624563073111,86.6647064520951
63.8918678152209,155.742130526738,86.6587259545085
63.6156300372556,155.859205876098,86.6527454569218
63.3391840596768,155.975788760311,86.6467649593352
63.0625307650416,156.09187882007,86.6407844617486
62.7856710364737,156.207475697669,86.6348039641619
62.5086057577152,156.322579036984,86.6288234665753
62.2313358131031,156.437188483481,86.6228429689887
61.9538620875534,156.551303684224,86.616862471402
61.6761854665593,156.664924287873,86.6108819738154
61.3983068362331,156.77804994467,86.6049014762287
61.1202270832582,156.890680306455,86.5989209786421
60.8419470948638,157.002815026678,86.5929404810555
60.5634677589008,157.114453760367,86.5869599834688
60.2847899637595,157.225596164163,86.5809794858822
60.0059145984357,157.33624189629,86.5749989882956
59.7268425524702,157.446390616581,86.5690184907089
59.4475747159687,157.55604198647,86.5630379931223
59.1681119795994,157.665195668992,86.5570574955357
58.8884552346013,157.773851328779,86.551076997949
58.6086053727693,157.882008632067,86.5450965003624
58.3285632864184,157.989667246709,86.5391160027758
58.0483298684701,158.09682684214,86.5331355051891
57.7679060123492,158.203487089418,86.5271550076025
57.4872926120474,158.309647661202,86.5211745100159
57.2064905620869,158.415308231759,86.5151940124292
56.9255007575411,158.52046847696,86.5092135148426
56.6443240939961,158.625128074297,86.503233017256
56.3629614676051,158.729286702857,86.4972525196693
56.0814137750186,158.832944043349,86.4912720220827
55.7996819134472,158.936099778084,86.485291524496
55.517766780582,159.038753591,86.4793110269094
55.2356692746912,159.140905167629,86.4733305293228
54.9533902945174,159.242554195132,86.4673500317361
54.670930739341,159.343700362278,86.4613695341495
54.3882915089328,159.44434335946,86.4553890365629
54.1054735036073,159.544482878675,86.4494085389762
53.822477624164,159.644118613544,86.4434280413896
53.5393047719058,159.743250259309,86.437447543803
53.255955848649,159.841877512824,86.4314670462163
52.9724317566963,159.940000072568,86.4254865486297
52.6887333988572,160.037617638637,86.4195060510431
52.4048616784106,160.134729912755,86.4135255534564
52.1208174991604,160.231336598257,86.4075450558698
51.8366017653725,160.327437400109,86.4015645582832
51.5522153817863,160.423032024903,86.3955840606965
51.2676592536678,160.518120180841,86.3896035631099
50.9829342867026,160.612701577768,86.3836230655232
50.6980413870982,160.706775927141,86.3776425679366
50.4129814614993,160.800342942053,86.37166207035
50.1277554170538,160.893402337215,86.3656815727634
49.8423641613528,160.985953828973,86.3597010751767
49.5568086024511,161.0779971353,86.3537205775901
49.2710896488637,161.1695319758,86.3477400800034
48.9852082095739,161.260558071703,86.3417595824168
48.6991651940201,161.351075145869,86.3357790848302
48.4129615120804,161.441082922795,86.3297985872435
48.1265980740813,161.530581128608,86.3238180896569
47.840075790807,161.619569491065,86.3178375920703
47.5533955734718,161.708047739561,86.3118570944836
47.2665583337306,161.796015605124,86.305876596897
46.9795649836986,161.883472820411,86.2998960993104
46.6924164358888,161.970419119724,86.2939156017237
46.4051136032812,162.056854238991,86.2879351041371
46.117657399237,162.142777915792,86.2819546065504
45.8300487375997,162.228189889326,86.2759741089638
45.5422885325897,162.313089900443,86.2699936113772
45.2543776988689,162.397477691628,86.2640131137905
44.9663171515042,162.481353007005,86.2580326162039
44.6781078059757,162.564715592341,86.2520521186173
44.3897505781972,162.647565195036,86.2460716210306
44.101246384466,162.729901564138,86.240091123444
43.8125961414733,162.81172445034,86.2341106258574
43.5238007663573,162.893033605965,86.2281301282707
43.2348611765967,162.973828784995,86.2221496306841
42.9457782901014,163.054109743045,86.2161691330975
42.6565530251849,163.133876237374,86.2101886355108
42.3671863005156,163.213128026893,86.2042081379242
42.077679035172,163.291864872152,86.1982276403376
41.7880321486163,163.370086535349,86.1922471427509
41.4982465606683,163.447792780333,86.1862666451643
41.2083231915488,163.524983372596,86.1802861475776
40.9182629618652,163.601658079272,86.174305649991
40.6280667925507,163.677816669157,86.1683251524044
40.3377356049647,163.753458912683,86.1623446548177
40.0472703207755,163.828584581941,86.1563641572311
39.7566718620722,163.903193450663,86.1503836596445
39.4659411512573,163.977285294239,86.1444031620578
39.1750791111023,164.050859889709,86.1384226644712
38.8840866647562,164.123917015758,86.1324421668846
38.5929647356843,164.196456452732,86.1264616692979
38.3017142477232,164.268477982625,86.1204811717113
38.0103361250666,164.339981389079,86.1145006741247
37.7188312922045,164.410966457403,86.108520176538
37.427200674012,164.481432974547,86.1025396789514
37.1354451956775,164.551380729122,86.0965591813648
36.8435657827351,164.620809511391,86.0905786837781
36.5515633610487,164.689719113274,86.0845981861915
36.259438856775,164.758109328353,86.0786176886049
35.9671931964655,164.825979951852,86.0726371910182
35.6748273069112,164.893330780669,86.0666566934316
35.3823421153037,164.960161613342,86.0606761958449
35.0897385490681,165.026472250085,86.0546956982583
34.7970175360126,165.092262492755,86.0487152006717
34.5041800042201,165.157532144874,86.042734703085
34.2112268820802,165.222281011626,86.0367542054984
33.9181590982975,165.28650889985,86.0307737079118
33.6249775818665,165.350215618047,86.0247932103251
33.3316832620906,165.413400976377,86.0188127127385
33.0382770685686,165.476064786662,86.0128322151519
32.7447599311665,165.538206862388,86.0068517175652
32.4511327800762,165.599827018696,86.0008712199786
32.1573965457389,165.660925072398,85.9948907223919
31.8635521589145,165.721500841959,85.9889102248053
31.5696005506312,165.781554147511,85.9829297272187
31.2755426521589,165.841084810856,85.9769492296321
30.9813793951002,165.900092655446,85.9709687320454
30.687111711282,165.958577506408,85.9649882344588
30.3927405328338,166.016539190528,85.9590077368721
30.0982667921161,166.073977536261,85.9530272392855
29.8036914217855,166.130892373721,85.9470467416989
29.5090153547239,166.187283534695,85.9410662441122
29.2142395240912,166.243150852631,85.9350857465256
28.9193648633143,166.298494162639,85.929105248939
28.6243923060329,166.353313301506,85.9231247513523
28.329322786147,166.407608107681,85.9171442537657
28.0341572378362,166.461378421273,85.9111637561791
27.7388965954619,166.514624084071,85.9051832585924
27.4435417936712,166.567344939523,85.8992027610058
27.1480937673228,166.619540832748,85.8932222634191
26.8525534515198,166.671211610533,85.8872417658325
26.5569217815827,166.722357121334,85.8812612682459
26.2611996930704,166.772977215277,85.8752807706593
25.9653881217528,166.823071744154,85.8693002730726
25.6694880036446,166.872640561429,85.863319775486
25.3735002749415,166.921683522236,85.8573392778993
25.0774258720783,166.970200483379,85.8513587803127
24.7812657316891,167.018191303333,85.8453782827261
24.4850207906401,167.065655842239,85.8393977851394
24.1886919859791,167.112593961915,85.8334172875528
23.8922802549567,167.159005525848,85.8274367899662
23.5957865350347,167.204890399194,85.8214562923795
23.2992117638718,167.250248448784,85.8154757947929
23.0025568793079,167.295079543119,85.8094952972063
22.7058228193741,167.339383552374,85.8035147996196
22.4090105223122,167.383160348393,85.797534302033
22.1121209265253,167.426409804696,85.7915538044464
21.8151549705981,167.469131796473,85.7855733068597
21.5181135933055,167.511326200589,85.7795928092731
21.2209977335868,167.552992895583,85.7736123116864
20.9238083305894,167.59413176166,85.7676318140998
20.6265463235582,167.634742680712,85.7616513165132
20.3292126519776,167.674825536292,85.7556708189265
20.0318082554591,167.714380213633,85.7496903213399
19.7343340737875,167.753406599641,85.7437098237533
19.4367910468926,167.791904582896,85.7377293261666
19.1391801148716,167.829874053655,85.73174882858
18.8415022179614,167.867314903845,85.7257683309934
18.5437582965595,167.904227027072,85.7197878334067
18.2459492912096,167.940610318614,85.7138073358201
17.9480761425856,167.976464675425,85.7078268382335
17.6501397915019,168.011789996136,85.7018463406468
17.3521411789338,168.04658618105,85.6958658430602
17.0540812459656,168.080853132148,85.6898853454736
16.7559609338258,168.114590753085,85.6839048478869
16.4577811838575,168.147798949193,85.6779243503003
16.1595429375419,168.180477627479,85.6719438527137
15.8612471364818,168.212626696626,85.665963355127
15.5628947223742,168.244246066995,85.6599828575404
15.2644866370691,168.275335650619,85.6540023599538
14.9660238225172,168.305895361211,85.6480218623671
14.6675072207549,168.335925114159,85.6420413647805
14.3689377739622,168.365424826526,85.6360608671938
14.0703164244106,168.394394417053,85.6300803696072
13.7716441144487,168.422833806159,85.6240998720206
13.47292178656,168.450742915936,85.6181193744339
13.174150383298,168.478121670156,85.6121388768473
12.8753308473088,168.504969994265,85.6061583792607
12.576464121352,168.531287815388,85.600177881674
12.2775511482485,168.557075062325,85.5941973840874
11.9785928709155,168.582331665553,85.5882168865008
11.6795902323374,168.607057557229,85.5822363889141
11.3805441755883,168.631252671182,85.5762558913275
11.0814556438043,168.654916942923,85.5702753937409
10.782325580217,168.678050309635,85.5642948961542
10.48315492809,168.700652710181,85.5583143985676
10.1839446307884,168.722724085101,85.552333900981
9.88469563172769,168.74426437661,85.5463534033943
9.58540887435817,168.765273528602,85.5403729058077
9.28608530221091,168.785751486648,85.534392408221
8.9867258588826,168.805698197994,85.5284119106344
8.68733148798343,168.825113611564,85.5224314130478
8.38790313320789,168.84399767796,85.5164509154611
8.08844173827061,168.862350349459,85.5104704178745
7.78894824693933,168.880171580015,85.5044899202879
7.48942360300861,168.897461325262,85.4985094227012
7.18986875033276,168.914219542506,85.4925289251146
6.89028463276172,168.930446190732,85.486548427528
6.59067219419986,168.946141230604,85.4805679299413
6.29103237858982,168.961304624457,85.4745874323547
5.99136612986152,168.975936336308,85.468606934768
5.69167439200178,168.990036331847,85.4626264371814
5.39195810899105,169.003604578442,85.4566459395948
5.09221822482444,169.016641045137,85.4506654420081
4.79245568354445,169.029145702651,85.4446849444215
4.49267142914286,169.041118523381,85.4387044468349
4.19286640566492,169.052559481399,85.4327239492482
3.893041557146,169.063468552453,85.4267434516616
3.59319782759847,169.073845713967,85.420762954075
3.29333616107834,169.08369094504,85.4147824564883
2.99345750158831,169.093004226448,85.4088019589017
2.6935627931577,169.101785540641,85.4028214613151
2.39365297976707,169.110034871744,85.3968409637284
2.09372900541916,169.117752205559,85.3908604661418
1.79379181407374,169.124937529562,85.3848799685552
1.49384234969359,169.131590832904,85.3788994709685
1.19388155618235,169.137712106409,85.3729189733819
0.893910377439276,169.14330134258,85.3669384757953
0.593929757347184,169.148358535589,85.3609579782086
0.293940639719069,169.152883681287,85.354977480622
-0.00605603163157729,169.156876777196,85.3489969830353
-0.30605931295412,169.160337822513,85.3430164854487
-0.606068260527993,169.163266818108,85.3370359878621
-0.906081930676779,169.165663766526,85.3310554902754
-1.2060993797844,169.167528671984,85.3250749926888
-1.50611966427314,169.168861540373,85.3190944951022
-1.80614184061891,169.169662379257,85.3131139975155
-2.10616496536658,169.169931197871,85.3071334999289
-2.40618809509562,169.169668007124,85.3011530023423
-2.70621028648561,169.168872819598,85.2951725047556
-3.00623059623201,169.167545649546,85.289192007169
-3.30624808115978,169.165686512892,85.2832115095824
-3.60626179811686,169.163295427233,85.2772310119957
-3.9062708040256,169.160372411838,85.2712505144091
-4.20627415593404,169.156917487645,85.2652700168225
-4.50627091089778,169.152930677265,85.2592895192358
-4.8062601261284,169.148412004978,85.2533090216492
-5.1062408588873,169.143361496734,85.2473285240625
-5.40621216651302,169.137779180155,85.2413480264759
-5.70617310644824,169.131665084533,85.2353675288893
-6.00612273625503,169.125019240826,85.2293870313027
-6.30606011355681,169.117841681666,85.223406533716
-6.60598429610262,169.11013244135,85.2174260361294
-6.90589434172107,169.101891555846,85.2114455385427
-7.20578930838371,169.093119062789,85.2054650409561
-7.50566825413584,169.083815001484,85.1994845433695
-7.80553023715986,169.073979412901,85.1935040457828
-8.10537431572929,169.063612339681,85.1875235481962
-8.40519954827291,169.052713826129,85.1815430506096
-8.70500499331682,169.041283918217,85.1755625530229
-9.00478970949965,169.029322663586,85.1695820554363
-9.30455275559955,169.016830111542,85.1636015578497
-9.60429319054913,169.003806313055,85.157621060263
-9.90401007337867,168.990251320763,85.1516405626764
-10.2037024632785,168.976165188967,85.1456600650897
-10.5033694195659,168.961547973634,85.1396795675031
-10.8030100017013,168.946399732396,85.1336990699165
-11.1026232693013,168.930720524547,85.1277185723299
-11.402208282107,168.914510411048,85.1217380747432
-11.7017641000225,168.89776945452,85.1157575771566
-12.0012897831301,168.880497719248,85.1097770795699
-12.3007843916331,168.862695271179,85.1037965819833
-12.6002469859177,168.844362177925,85.0978160843967
-12.8996766265097,168.825498508756,85.09183558681
-13.1990723741245,168.806104334605,85.0858550892234
-13.4984332896342,168.786179728067,85.0798745916368
-13.7977584340943,168.765724763395,85.0738940940501
-14.0970468687229,168.744739516503,85.0679135964635
-14.396297654903,168.723224064968,85.0619330988769
-14.6955098542346,168.70117848802,85.0559526012902
-14.9946825284653,168.678602866554,85.0499721037036
-15.2938147395398,168.65549728312,85.0439916061169
-15.5929055496049,168.631861821926,85.0380111085303
-15.8919540209872,168.607696568839,85.0320306109437
-16.1909592162076,168.583001611382,85.026050113357
-16.4899201979863,168.557777038735,85.0200696157704
-16.7888360292546,168.532022941733,85.0140891181838
-17.0877057731373,168.505739412867,85.0081086205971
-17.3865284929648,168.478926546286,85.0021281230105
-17.6853032522651,168.451584437791,84.9961476254239
-17.984029114827,168.423713184836,84.9901671278372
-18.282705144595,168.395312886532,84.9841866302506
-18.5813304057549,168.366383643643,84.978206132664
-18.8799039627386,168.336925558581,84.9722256350773
-19.1784248801665,168.306938735416,84.9662451374907
-19.4768922228967,168.276423279868,84.9602646399041
-19.7753050560189,168.245379299307,84.9542841423174
-20.0736624448781,168.213806902753,84.9483036447308
-20.3719634550085,168.18170620088,84.9423231471442
-20.6702071522177,168.149077306008,84.9363426495575
-20.9683926025561,168.115920332106,84.9303621519709
-21.266518872294,168.082235394795,84.9243816543842
-21.5645850279732,168.048022611341,84.9184011567976
-21.8625901363733,168.013282100658,84.912420659211
-22.160533264528,167.978013983309,84.9064401616243
-22.4584134797269,167.9422183815,84.9004596640377
-22.7562298495176,167.905895419086,84.8944791664511
-23.0539814417235,167.869045221564,84.8884986688644
-23.3516673244069,167.83166791608,84.8825181712778
-23.6492865659345,167.793763631418,84.8765376736912
-23.9468382348963,167.755332498013,84.8705571761045
-24.2443214002028,167.716374647935,84.8645766785179
-24.5417351310051,167.676890214903,84.8585961809313
-24.8390784967576,167.636879334273,84.8526156833446
-25.1363505671733,167.596342143046,84.846635185758
-25.4335504122733,167.55527877986,84.8406546881714
-25.7306771023677,167.513689384993,84.8346741905847
-26.0277297080203,167.471574100367,84.8286936929981
-26.3247073001375,167.428933069537,84.8227131954114
-26.6216089498856,167.3857664377,84.8167326978248
-26.9184337287545,167.342074351686,84.8107522002382
-27.2151807085248,167.297856959966,84.8047717026515
-27.5118489612819,167.253114412645,84.7987912050649
-27.8084375594071,167.207846861466,84.7928107074783
-28.1049455756292,167.162054459801,84.7868302098916
-28.4013720829663,167.11573736266,84.780849712305
-28.6977161547413,167.068895726689,84.7748692147184
-28.9939768646207,167.021529710161,84.7688887171317
-29.2901532865701,166.973639472987,84.7629082195451
-29.5862444949148,166.925225176703,84.7569277219585
-29.8822495642618,166.876286984483,84.7509472243718
-30.1781675695961,166.826825061123,84.7449667267852
-30.473997586201,166.776839573056,84.7389862291986
-30.7697386897207,166.726330688337,84.7330057316119
-31.065389956115,166.675298576655,84.7270252340253
-31.3609504617092,166.623743409322,84.7210447364386
-31.6564192831629,166.571665359278,84.715064238852
-31.9517954974839,166.519064601088,84.7090837412654
-32.2470781820305,166.465941310943,84.7031032436787
-32.5422664145151,166.41229566666,84.6971227460921
-32.8373592730188,166.358127847673,84.6911422485055
-33.1323558359582,166.303438035048,84.6851617509188
-33.4272551821363,166.248226411466,84.6791812533322
-33.7220563906977,166.192493161234,84.6732007557456
-34.01675854119,166.136238470273,84.6672202581589
-34.3113607134856,166.079462526134,84.6612397605723
-34.6058619878769,166.022165517976,84.6552592629857
-34.9002614449863,165.964347636587,84.649278765399
-35.1945581658622,165.906009074364,84.6432982678124
-35.4887512319007,165.847150025325,84.6373177702258
-35.7828397249062,165.787770685101,84.6313372726391
-36.0768227270473,165.727871250944,84.6253567750525
-36.3706993209072,165.667451921713,84.6193762774658
-36.6644685894509,165.606512897884,84.6133957798792
-36.9581296160397,165.545054381547,84.6074152822926
-37.2516814844233,165.483076576406,84.6014347847059
-37.5451232787871,165.420579687766,84.5954542871193
-37.8384540836875,165.357563922554,84.5894737895327
-38.1316729841113,165.294029489298,84.583493291946
-38.4247790654216,165.229976598145,84.5775127943594
-38.7177714134413,165.165405460838,84.5715322967728
-39.0106491143854,165.100316290731,84.5655517991861
-39.3034112548769,165.03470930279,84.5595713015995
-39.5960569219957,164.968584713575,84.5535908040129
-39.8885852031878,164.901942741267,84.5476103064262
-40.1809951863965,164.834783605632,84.5416298088396
-40.4732859599489,164.76710752805,84.535649311253
-40.7654566126049,164.698914731504,84.5296688136663
-41.0575062335957,164.630205440568,84.5236883160797
-41.3494339125557,164.560979881426,84.5177078184931
-41.6412387395722,164.491238281857,84.5117273209064
-41.9329198051891,164.420980871237,84.5057468233198
-42.2244762003735,164.350207880544,84.4997663257331
-42.5159070165542,164.27891954235,84.4937858281465
-42.8072113456242,164.20711609082,84.4878053305599
-43.0983882799204,164.134797761716,84.4818248329732
-43.3894369122259,164.061964792398,84.4758443353866
-43.6803563358086,163.988617421811,84.4698638378
-43.9711456443881,163.914755890496,84.4638833402133
-44.261803932139,163.840380440588,84.4579028426267
-44.5523302937401,163.765491315805,84.4519223450401
-44.8427238243081,163.690088761459,84.4459418474534
-45.1329836194332,163.614173024454,84.4399613498668
-45.4231087752195,163.53774435327,84.4339808522801
-45.7130983882045,163.460802997987,84.4280003546935
-46.0029515554551,163.383349210256,84.4220198571069
-46.2926673744897,163.305383243325,84.4160393595203
-46.5822449433274,163.226905352019,84.4100588619336
-46.8716833604893,163.147915792744,84.404078364347
-47.1609817249689,163.068414823494,84.3980978667603
-47.4501391362677,162.98840270384,84.3921173691737
-47.7391546943981,162.907879694928,84.3861368715871
-48.0280274998525,162.826846059492,84.3801563740004
-48.3167566536522,162.745302061833,84.3741758764138
-48.6053412573022,162.663247967839,84.3681953788272
-48.8937804128427,162.580684044965,84.3622148812405
-49.1820732228034,162.497610562247,84.3562343836539
-49.4702187902655,162.414027790285,84.3502538860673
-49.7582162187713,162.329936001269,84.3442733884806
-50.046064612454,162.245335468939,84.338292890894
-50.3337630759144,162.160226468623,84.3323123933073
-50.621310714314,162.074609277207,84.3263318957207
-50.9087066333341,161.988484173152,84.3203513981341
-51.1959499391762,161.901851436485,84.3143709005475
-51.4830397386007,161.814711348798,84.3083904029608
-51.7699751388945,161.727064193246,84.3024099053742
-52.0567552478861,161.638910254553,84.2964294077875
-52.343379173947,161.550249819003,84.2904489102009
-52.629846025984,161.461083174446,84.2844684126143
-52.916154913487,161.371410610284,84.2784879150276
-53.2023049464523,161.281232417493,84.272507417441
-53.4882952354649,161.190548888594,84.2665269198544
-53.7741248916673,161.099360317669,84.2605464222677
-54.0597930267274,161.007667000367,84.2545659246811
-54.3452987529103,160.91546923388,84.2485854270945
-54.6306411830236,160.822767316964,84.2426049295078
-54.9158194304769,160.729561549915,84.2366244319212
-55.2008326092174,160.635852234595,84.2306439343346
-55.4856798337647,160.541639674414,84.2246634367479
-55.7703602192493,160.446924174324,84.2186829391613
-56.0548728813351,160.351706040838,84.2127024415746
-56.3392169363021,160.255985582008,84.206721943988
-56.623391501002,160.159763107435,84.2007414464014
-56.9073956928752,160.063038928265,84.1947609488147
-57.1912286299507,159.96581335719,84.1887804512281
-57.4748894308387,159.868086708448,84.1827999536415
-57.7583772147785,159.769859297808,84.1768194560548
-58.0416911015618,159.671131442594,84.1708389584682
-58.3248302116153,159.571903461659,84.1648584608816
-58.6077936659565,159.4721756754,84.1588779632949
-58.8905805861984,159.371948405753,84.1528974657083
-59.1731900945953,159.27122197618,84.1469169681217
-59.4556213139568,159.169996711697,84.140936470535
-59.7378733677741,159.06827293883,84.1349559729484
-60.0199453800981,158.966050985658,84.1289754753618
-60.3018364756332,158.86333118178,84.1229949777751
-60.5835457796822,158.760113858332,84.1170144801885
-60.8650724181957,158.656399347971,84.1110339826018
-61.1464155177399,158.552187984888,84.1050534850152
-61.4275742054876,158.447480104808,84.0990729874286
-61.7085476093016,158.342276044959,84.093092489842
-61.9893348576223,158.236576144117,84.0871119922553
-62.2699350795506,158.130380742569,84.0811314946687
-62.5503474048286,158.023690182128,84.075150997082
-62.8305709638515,157.916504806121,84.0691704994954
-63.1106048876268,157.808824959407,84.0631900019088
-63.3904483078556,157.700650988345,84.0572095043221
-63.6701003568671,157.591983240823,84.0512290067355
-63.9495601676217,157.482822066249,84.0452485091489
-64.2288268737696,157.373167815537,84.0392680115622
-64.5078996096088,157.263020841113,84.0332875139756
-64.7867775100979,157.152381496918,84.027307016389
-65.0654597108612,157.041250138405,84.0213265188023
-65.343945348188,156.929627122532,84.0153460212157
-65.6222335590263,156.817512807774,84.009365523629
-65.9003234810302,156.704907554095,84.0033850260424
-66.1782142524714,156.591811722991,83.9974045284558
-66.4559050123667,156.478225677431,83.9914240308692
-66.7333949003448,156.364149781917,83.9854435332825
-67.0106830567846,156.249584402425,83.9794630356959
-67.287768622682,156.134529906457,83.9734825381092
-67.5646507397772,156.018986662992,83.9675020405226
-67.8413285504666,155.90295504252,83.961521542936
-68.1178011978506,155.786435417023,83.9555410453493
-68.3940678257248,155.669428159978,83.9495605477627
-68.6701275785829,155.551933646356,83.9435800501761
-68.9459796016191,155.43395225262,83.9375995525894
-69.2216230407305,155.315484356722,83.9316190550028
-69.4970570425204,155.196530338108,83.9256385574162
-69.7722807542887,155.077090577712,83.9196580598295
-70.0472933240577,154.957165457954,83.9136775622429
-70.3220939005849,154.836755362728,83.9076970646562
-70.5966816332886,154.715860677437,83.9017165670696
-70.8710556723613,154.594481788942,83.895736069483
-71.1452151686828,154.472619085601,83.8897555718963
-71.4191592738791,154.350272957242,83.8837750743097
-71.6928871402694,154.227443795186,83.8777945767231
-71.9663979209348,154.104131992217,83.8718140791364
-72.2396907696766,153.9803379426,83.8658335815498
-72.512764841019,153.85606204208,83.8598530839632
-72.7856192902557,153.731304687858,83.8538725863765
-73.0582532733651,153.606066278634,83.8478920887899
-73.3306659471316,153.480347214547,83.8419115912033
-73.6028564690193,153.354147897238,83.8359310936166
-73.8748239972934,153.227468729786,83.82995059603
-74.146567690935,153.100310116754,83.8239700984434
-74.4180867096776,152.972672464169,83.8179896008567
-74.6893802140411,152.844556179507,83.8120091032701
-74.9604473652587,152.715961671725,83.8060286056835
-75.231287325356,152.586889351226,83.8000481080968
-75.5018992571091,152.457339629875,83.7940676105102
-75.7722823240482,152.327312921004,83.7880871129235
-76.0424356904802,152.196809639391,83.7821066153369
-76.3123585214826,152.065830201273,83.7761261177503
-76.582049982915,151.934375024331,83.7701456201636
-76.8515092413787,151.802444527718,83.764165122577
-77.1207354642847,151.670039132017,83.7581846249904
-77.3897278198132,151.537159259267,83.7522041274037
-77.6584854769144,151.403805332961,83.7462236298171
-77.9270076053455,151.269977778025,83.7402431322305
-78.1952933756282,151.135677020842,83.7342626346438
-78.4633419590853,151.000903489231,83.7282821370572
-78.7311525278311,150.865657612452,83.7223016394706
-78.9987242547739,150.729939821207,83.7163211418839
-79.2660563136194,150.593750547636,83.7103406442973
-79.5331478788618,150.457090225319,83.7043601467107
-79.7999981258188,150.319959289263,83.698379649124
-80.0666062305906,150.18235817592,83.6923991515374
-80.3329713700951,150.044287323166,83.6864186539507
-80.5990927220595,149.905747170312,83.6804381563641
-80.8649694650228,149.766738158094,83.6744576587775
-81.130600778338,149.627260728679,83.6684771611909
-81.395985842164,149.487315325666,83.6624966636042
-81.6611238375007,149.346902394064,83.6565161660176
-81.9260139461371,149.206022380327,83.6505356684309
-82.1906553507288,149.064675732304,83.6445551708443
-82.4550472347265,148.922862899283,83.6385746732577
-82.7191887824196,148.780584331964,83.632594175671
-82.9830791789192,148.637840482472,83.6266136780844
-83.2467176101907,148.494631804333,83.6206331804977
-83.5101032630147,148.350958752501,83.6146526829111
-83.7732353250216,148.206821783334,83.6086721853245
-84.0361129846824,148.062221354602,83.6026916877379
-84.2987354313114,147.917157925485,83.5967111901512
-84.5611018550696,147.771631956569,83.5907306925646
-84.8232114469447,147.625643909859,83.5847501949779
-85.0850633988177,147.479194248741,83.5787696973913
-85.3466569034016,147.332283438014,83.5727891998047
-85.6079911542441,147.184911943891,83.566808702218
-85.8690653457826,147.037080233967,83.5608282046314
-86.1298786732936,146.888788777248,83.5548477070448
-86.3904303329379,146.740038044122,83.5488672094581
-86.6507195217201,146.590828506386,83.5428867118715
-86.9107454375235,146.441160637222,83.5369062142849
-87.1705072791013,146.291034911205,83.5309257166982
-87.4300042460786,146.140451804301,83.5249452191116
-87.6892355389456,145.989411793867,83.518964721525
-87.94820035908,145.837915358645,83.5129842239383
-88.2068979087391,145.685962978758,83.5070037263517
-88.465327391062,145.533555135714,83.5010232287651
-88.7234880100724,145.380692312403,83.4950427311784
-88.9813789706702,145.227374993102,83.4890622335918
-89.2389994786654,145.073603663452,83.4830817360051
-89.4963487407283,144.91937881049,83.4771012384185
-89.7534259644642,144.764700922604,83.4711207408319
-90.0102303583335,144.609570489581,83.4651402432452
-90.2667611317264,144.453988002559,83.4591597456586
-90.5230174949131,144.29795395406,83.453179248072
-90.778998659077,144.141468837968,83.4471987504853
-91.0347038363081,143.984533149532,83.4412182528987
-91.2901322395934,143.827147385376,83.4352377553121
-91.5452830828507,143.669312043472,83.4292572577254
-91.8001555808903,143.511027623166,83.4232767601388
-92.0547489494476,143.352294625159,83.4172962625522
-92.3090624051754,143.19311355151,83.4113157649655
-92.5630951656358,143.03348490564,83.4053352673789
-92.8168464493332,142.873409192314,83.3993547697923
-93.0703154756765,142.71288691766,83.3933742722056
-93.3235014650106,142.551918589154,83.387393774619
-93.5764036385995,142.390504715626,83.3814132770324
-93.8290212186593,142.228645807242,83.3754327794457
-94.0813534283184,142.066342375527,83.3694522818591
-94.3333994916523,141.903594933344,83.3634717842724
-94.5851586336736,141.740403994899,83.3574912866858
-94.8366300803261,141.576770075745,83.3515107890992
-95.0878130585161,141.412693692761,83.3455302915125
-95.3387067960651,141.248175364184,83.3395497939259
-95.5893105217818,141.08321560956,83.3335692963393
-95.8396234653846,140.917814949796,83.3275887987526
-96.0896448575638,140.751973907118,83.321608301166
-96.3393739299745,140.585693005073,83.3156278035794
-96.5888099151971,140.41897276856,83.3096473059927
-96.8379520468017,140.251813723785,83.3036668084061
-97.0867995592995,140.084216398291,83.2976863108195
-97.3353516881742,139.916181320937,83.2917058132328
-97.583607669886,139.747709021899,83.2857253156462
-97.8315667418224,139.578800032698,83.2797448180596
-98.0792281423909,139.409454886141,83.2737643204729
-98.3265911109417,139.23967411637,83.2677838228863
-98.5736548878193,139.069458258828,83.2618033252996
-98.8204187143054,138.898807850298,83.255822827713
-99.0668818327105,138.72772342884,83.2498423301264
-99.3130434862966,138.556205533844,83.2438618325397
-99.558902919319,138.384254705999,83.2378813349531
-99.8044593770091,138.211871487307,83.2319008373665
-100.049712105596,138.039056421068,83.2259203397798
-100.294660352309,137.865810051872,83.2199398421932
-100.539303365341,137.692132925636,83.2139593446066
-100.783640393908,137.51802558955,83.2079788470199
-101.027670688204,137.343488592116,83.2019983494333
-101.271393499432,137.168522483122,83.1960178518467
-101.514808079786,136.993127813656,83.19003735426
-101.757913682483,136.817305136084,83.1840568566734
-102.000709561727,136.641055004073,83.1780763590868
-102.24319497274,136.464377972571,83.1720958615001
-102.485369171742,136.287274597818,83.1661153639135
-102.727231415979,136.109745437329,83.1601348663268
-102.968780963717,135.931791049896,83.1541543687402
-103.210017074213,135.753411995608,83.1481738711536
-103.450939007761,135.574608835822,83.1421933735669
-103.691546025684,135.395382133158,83.1362128759803
-103.931837390303,135.215732451538,83.1302323783937
-104.171812364991,135.035660356128,83.124251880807
-104.411470214128,134.855166413383,83.1182713832204
-104.650810203137,134.674251191017,83.1122908856338
-104.88983159846,134.492915258017,83.1063103880471
-105.128533667594,134.311159184622,83.1003298904605
-105.366915679054,134.128983542347,83.0943493928739
-105.604976902399,133.946388903958,83.0883688952872
-105.842716608224,133.763375843492,83.0823883977006
-106.080134068172,133.579944936231,83.0764079001139
-106.317228554934,133.396096758713,83.0704274025273
-106.553999342247,133.21183188873,83.0644469049407
-106.790445704876,133.02715090534,83.058466407354
-107.026566918677,132.842054388818,83.0524859097674
-107.262362260523,132.656542920717,83.0465054121808
-107.497831008358,132.470617083823,83.0405249145941
-107.732972441186,132.284277462161,83.0345444170075
-107.96778583907,132.097524641001,83.0285639194209
-108.202270483134,131.910359206848,83.0225834218342
-108.436425655548,131.722781747464,83.0166029242476
-108.670250639577,131.534792851822,83.010622426661
-108.903744719533,131.346393110143,83.0046419290743
-109.13690718081,131.157583113873,82.9986614314877
-109.369737309873,130.968363455687,82.9926809339011
-109.602234394253,130.778734729495,82.9867004363144
-109.834397722565,130.588697530426,82.9807199387278
-110.066226584504,130.398252454832,82.9747394411412
-110.297720270836,130.207400100293,82.9687589435545
-110.528878073429,130.016141065596,82.9627784459679
-110.759699285207,129.824475950768,82.9567979483813
-110.990183200199,129.632405357035,82.9508174507946
-111.220329113525,129.439929886839,82.944836953208
-111.450136321394,129.24705014383,82.9388564556213
-111.679604121108,129.053766732872,82.9328759580347
-111.908731811047,128.860080260049,82.9268954604481
-112.137518690715,128.66599133263,82.9209149628614
-112.365964060697,128.471500559102,82.9149344652748
-112.594067222697,128.276608549138,82.9089539676882
-112.821827479487,128.081315913642,82.9029734701015
-113.049244134988,127.885623264677,82.8969929725149
-113.276316494202,127.689531215524,82.8910124749283
-113.503043863251,127.493040380652,82.8850319773416
-113.729425549356,127.296151375728,82.879051479755
-113.955460860855,127.098864817607,82.8730709821683
-114.181149107216,126.90118132432,82.8670904845817
-114.40648959901,126.703101515095,82.8611099869951
-114.631481647933,126.504626010337,82.8551294894085
-114.856124566795,126.305755431642,82.8491489918218
-115.080417669539,126.106490401776,82.8431684942352
-115.304360271234,125.906831544681,82.8371879966485
-115.527951688064,125.706779485484,82.8312074990619
-115.751191237355,125.506334850478,82.8252270014753
-115.974078237564,125.305498267124,82.8192465038886
-116.196612008269,125.104270364063,82.813266006302
-116.418791870189,124.902651771101,82.8072855087154
-116.640617145193,124.700643119195,82.8013050111287
-116.862087156275,124.498245040479,82.7953245135421
-117.083201227576,124.295458168241,82.7893440159555
-117.303958684375,124.092283136934,82.7833635183688
-117.524358853093,123.888720582169,82.7773830207822
-117.744401061327,123.684771140687,82.7714025231955
-117.964084637777,123.480435450422,82.7654220256089
-118.183408912332,123.275714150426,82.7594415280223
-118.402373216021,123.070607880905,82.7534610304357
-118.620976881016,122.865117283232,82.747480532849
-118.839219240666,122.659242999896,82.7415000352624
-119.057099629466,122.452985674544,82.7355195376757
-119.274617383079,122.246345951957,82.7295390400891
-119.491771838329,122.039324478051,82.7235585425025
-119.70856233319,121.831921899897,82.7175780449158
-119.924988206826,121.624138865672,82.7115975473292
-120.141048799555,121.415976024703,82.7056170497426
-120.356743452871,121.207434027435,82.6996365521559
-120.572071509432,120.998513525452,82.6936560545693
-120.787032313081,120.789215171451,82.6876755569827
-121.001625208835,120.579539619254,82.681695059396
-121.215849542881,120.369487523812,82.6757145618094
-121.429704662585,120.159059541193,82.6697340642228
-121.643189916513,119.948256328566,82.6637535666361
-121.856304654397,119.737078544231,82.6577730690495
-122.069048227162,119.525526847589,82.6517925714628
-122.281419986905,119.313601899173,82.6458120738762
-122.493419286937,119.101304360592,82.6398315762896
-122.705045481751,118.888634894573,82.6338510787029
-122.916297927016,118.675594164964,82.6278705811163
-123.127175979621,118.462182836686,82.6218900835297
-123.337678997629,118.248401575786,82.615909585943
-123.547806340322,118.034251049382,82.6099290883564
-123.757557368169,117.819731925705,82.6039485907698
-123.966931442849,117.604844874067,82.5979680931831
-124.175927927244,117.389590564873,82.5919875955965
-124.384546185426,117.173969669632,82.5860070980099
-124.592785582691,116.957982860924,82.5800266004232
-124.800645485551,116.741630812401,82.5740461028366
-125.008125261709,116.524914198823,82.56806560525
-125.215224280093,116.307833696015,82.5620851076633
-125.42194191084,116.090389980884,82.5561046100767
-125.628277525319,115.872583731397,82.55012411249
-125.834230496103,115.65441562661,82.5441436149034
-126.039800196984,115.435886346651,82.5381631173168
-126.244986002983,115.216996572706,82.5321826197302
-126.44978729034,114.997746987036,82.5262021221435
-126.654203436527,114.778138272958,82.5202216245569
-126.858233820242,114.558171114851,82.5142411269702
-127.061877821408,114.33784619816,82.5082606293836
-127.265134821183,114.117164209381,82.502280131797
-127.468004201944,113.89612583608,82.4962996342103
-127.670485347336,113.674731766844,82.4903191366237
-127.872577642197,113.452982691351,82.4843386390371
-128.074280472646,113.230879300286,82.4783581414504
-128.275593226,113.008422285422,82.4723776438638
-128.476515290858,112.785612339532,82.4663971462772
-128.677046057032,112.562450156467,82.4604166486905
-128.877184915593,112.338936431099,82.4544361511039
-129.07693125886,112.115071859337,82.4484556535172
-129.276284480384,111.890857138143,82.4424751559306
-129.475243974992,111.666292965483,82.436494658344
-129.673809138745,111.441380040374,82.4305141607574
-129.871979368958,111.216119062857,82.4245336631707
-130.069754064219,110.990510733986,82.4185531655841
-130.267132624355,110.764555755851,82.4125726679974
-130.464114450447,110.538254831577,82.4065921704108
-130.660698944858,110.311608665277,82.4006116728242
-130.856885511207,110.084617962091,82.3946311752375
-131.052673554359,109.857283428192,82.3886506776509
-131.248062480462,109.629605770747,82.3826701800643
-131.443051696933,109.401585697932,82.3766896824776
-131.637640612455,109.173223918931,82.370709184891
-131.831828636969,108.94452114395,82.3647286873044
-132.025615181702,108.715478084182,82.3587481897177
-132.218999659155,108.486095451819,82.3527676921311
-132.411981483099,108.25637396006,82.3467871945444
-132.604560068598,108.026314323082,82.3408066969578
-132.796734831961,107.795917256094,82.3348261993712
-132.988505190819,107.565183475248,82.3288457017845
-133.179870564047,107.334113697733,82.3228652041979
-133.370830371835,107.102708641687,82.3168847066113
-133.561384035649,106.87096902624,82.3109042090246
-133.75153097823,106.638895571526,82.304923711438
-133.941270623627,106.406488998628,82.2989432138514
-134.13060239717,106.173750029626,82.2929627162647
-134.319525725476,105.940679387577,82.2869822186781
-134.508040036458,105.707277796507,82.2810017210915
-134.696144759341,105.473545981396,82.2750212235048
-134.883839324622,105.239484668221,82.2690407259182
-135.071123164121,105.005094583894,82.2630602283316
-135.257995710936,104.770376456322,82.2570797307449
-135.444456399488,104.535331014341,82.2510992331583
-135.630504665479,104.299958987777,82.2451187355717
-135.816139945934,104.064261107392,82.239138237985
-136.001361679189,103.828238104893,82.2331577403984
-136.18616930486,103.591890712977,82.2271772428117
-136.370562263895,103.355219665262,82.2211967452251
-136.55453999856,103.118225696301,82.2152162476385
-136.738101952414,102.880909541623,82.2092357500518
-136.921247570344,102.643271937679,82.2032552524652
-137.103976298552,102.405313621859,82.1972747548786
-137.286287584546,102.167035332513,82.1912942572919
-137.468180877172,101.928437808892,82.1853137597053
-137.649655626585,101.689521791204,82.1793332621187
-137.830711284261,101.450288020585,82.173352764532
-138.011347303,101.210737239098,82.1673722669454
-138.191563136942,100.970870189714,82.1613917693588
-138.371358241539,100.730687616346,82.1554112717721
-138.550732073574,100.490190263829,82.1494307741855
-138.729684091158,100.249378877913,82.1434502765989
-138.908213753739,100.008254205258,82.1374697790122
-139.086320522103,99.7668169934361,82.1314892814256
-139.264003858358,99.5250679909402,82.1255087838389
-139.441263225953,99.2830079471724,82.1195282862523
-139.618098089679,99.0406376124314,82.1135477886657
-139.794507915665,98.79795773792,82.1075672910791
-139.970492171363,98.5549690757718,82.1015867934924
-140.146050325606,98.3116723789609,82.0956062959058
-140.321181848524,98.0680684014271,82.0896257983191
-140.495886211632,97.8241578979451,82.0836453007325
-140.670162887765,97.5799416242218,82.0776648031459
-140.844011351127,97.335420336823,82.0716843055592
-141.017431077242,97.090594793242,82.0657038079726
-141.190421543015,96.8454657518169,82.0597233103859
-141.362982226695,96.6000339717779,82.0537428127993
-141.53511260787,96.3543002132552,82.0477623152127
-141.706812167501,96.1082652372365,82.0417818176261
-141.878080387902,95.8619298055839,82.0358013200394
-142.048916752732,95.6152946810527,82.0298208224528
-142.219320747033,95.3683606272382,82.0238403248661
-142.389291857191,95.1211284086228,82.0178598272795
-142.558829570956,94.8735987905551,82.0118793296929
-142.727933377442,94.6257725392459,82.0058988321062
-142.896602767141,94.3776504217463,81.9999183345196
-143.064837231894,94.1292332059954,81.993937836933
-143.232636264914,93.8805216607777,81.9879573393463
-143.399999360798,93.6315165557108,81.9819768417597
-143.566926015501,93.3822186612825,81.9759963441731
-143.733415726351,93.1326287488293,81.9700158465864
-143.899467992048,92.8827475905326,81.9640353489998
-144.065082312675,92.6325759594076,81.9580548514132
-144.230258189685,92.3821146293197,81.9520743538265
-144.394995125921,92.1313643749522,81.9460938562399
-144.559292625581,91.8803259718656,81.9401133586533
-144.723150194268,91.6290001964118,81.9341328610666
-144.886567338948,91.3773878258049,81.92815236348
-145.049543567991,91.1254896380564,81.9221718658933
-145.212078391131,90.8733064120344,81.9161913683067
-145.374171319508,90.6208389273997,81.9102108707201
-145.535821865631,90.3680879646643,81.9042303731334
-145.697029543408,90.1150543051387,81.8982498755468
-145.857793868139,89.861738730949,81.8922693779602
-146.018114356505,89.6081420250551,81.8862888803735
-146.177990526588,89.3542649712078,81.8803083827869
-146.33742189786,89.100108353976,81.8743278852003
-146.496407991196,88.8456729587248,81.8683473876136
-146.654948328867,88.590959571622,81.862366890027
-146.813042434527,88.3359689796578,81.8563863924404
-146.97068983324,88.0807019706103,81.8504058948537
-147.127890051486,87.8251593330217,81.8444253972671
-147.284642617112,87.5693418562915,81.8384448996805
-147.440947059403,87.313250330546,81.8324644020938
-147.596802909033,87.056885546732,81.8264839045072
-147.752209698073,86.8002482965927,81.8205034069206
-147.907166960015,86.5433393726339,81.8145229093339
-148.06167422976,86.2861595681416,81.8085424117473
-148.215731043612,86.0287096771912,81.8025619141606
-148.369336939284,85.770990494634,81.796581416574
-148.522491455911,85.5130028160837,81.7906009189874
-148.675194134032,85.2547474379354,81.7846204214007
-148.827444515603,84.9962251573527,81.7786399238141
-148.979242144001,84.7374367722545,81.7726594262275
-149.130586564015,84.4783830813332,81.7666789286408
-149.281477321859,84.2190648840307,81.7606984310542
-149.431913965152,83.9594829805697,81.7547179334676
-149.581896042949,83.699638171906,81.7487374358809
-149.731423105725,83.439531259749,81.7427569382943
-149.880494705375,83.1791630465693,81.7367764407077
-150.02911039521,82.9185343355959,81.730795943121
-150.177269729991,82.6576459307609,81.7248154455344
-150.324972265879,82.3964986367921,81.7188349479478
-150.472217560485,82.1350932591157,81.7128544503611
-150.61900517283,81.8734306039273,81.7068739527745
-150.765334663381,81.6115114781363,81.7008934551878
-150.911205594028,81.3493366893957,81.6949129576012
-151.056617528102,81.0869070460779,81.6889324600146
-151.201570030362,80.8242233572936,81.6829519624279
-151.346062667001,80.5612864328786,81.6769714648413
-151.490095005655,80.2980970833802,81.6709909672547
-151.633666615394,80.0346561200767,81.665010469668
-151.776777066723,79.7709643549631,81.6590299720814
-151.919425931591,79.5070226007504,81.6530494744948
-152.061612783391,79.2428316708496,81.6470689769081
-152.20333719696,78.978392379382,81.6410884793215
-152.344598748567,78.7137055411983,81.6351079817349
-152.485397015936,78.4487719718306,81.6291274841482
-152.625731578233,78.1835924875247,81.6231469865616
-152.765602016074,77.918167905215,81.617166488975
-152.905007911518,77.6524990425428,81.6111859913883
-153.043948848076,77.3865867178445,81.6052054938017
-153.182424410707,77.1204317501473,81.599224996215
-153.320434185826,76.8540349591572,81.5932444986284
-153.457977761296,76.5873971652769,81.5872640010418
-153.59505472644,76.3205191895825,81.5812835034551
-153.731664672024,76.053401853853,81.5753030058685
-153.867807190281,75.7860459805243,81.5693225082819
-154.003481874899,75.5184523927087,81.5633420106952
-154.138688321017,75.2506219142133,81.5573615131086
-154.27342612524,74.9825553694942,81.551381015522
-154.407694885629,74.7142535836875,81.5454005179353
-154.541494201713,74.4457173825835,81.5394200203487
-154.674823674477,74.1769475926464,81.5334395227621
-154.807682906368,73.907945041001,81.5274590251754
-154.940071501299,73.6387105554306,81.5214785275888
-155.071989064653,73.3692449643619,81.5154980300021
-155.203435203275,73.0995490968859,81.5095175324155
-155.334409525483,72.8296237827323,81.5035370348289
-155.46491164105,72.559469852301,81.4975565372422
-155.594941161228,72.2890881366248,81.4915760396556
-155.724497698748,72.0184794673572,81.485595542069
-155.853580867801,71.7476446768132,81.4796150444823
-155.982190284049,71.4765845979561,81.4736345468957
-156.110325564636,71.2053000643616,81.4676540493091
-156.237986328174,70.9337919102476,81.4616735517224
-156.365172194758,70.6620609704505,81.4556930541358
-156.491882785954,70.3901080804446,81.4497125565492
-156.618117724806,70.1179340763276,81.4437320589625
-156.743876635836,69.8455397948187,81.4377515613759
-156.869159145051,69.5729260732449,81.4317710637893
-156.993964879934,69.3000937495599,81.4257905662026
-157.11829346945,69.0270436623314,81.419810068616
-157.24214454405,68.7537766507256,81.4138295710294
-157.365517735661,68.4802935545405,81.4078490734427
-157.488412677706,68.2065952141451,81.4018685758561
-157.610829005078,67.9326824705568,81.3958880782695
-157.732766354173,67.6585561653478,81.3899075806828
-157.854224362865,67.3842171407107,81.3839270830962
-157.975202670517,67.1096662394328,81.3779465855095
-158.095700917983,66.8349043048939,81.3719660879229
-158.215718747608,66.5599321810521,81.3659855903363
-158.335255803227,66.2847507124639,81.3600050927496
-158.454311730161,66.009360744281,81.354024595163
-158.572886175238,65.7337631222042,81.3480440975764
-158.690978786771,65.4579586925344,81.3420635999897
-158.808589214562,65.1819483021613,81.3360831024031
-158.92571710992,64.9057327985256,81.3301026048165
-159.042362125649,64.6293130296387,81.3241221072298
-159.158523916042,64.3526898441036,81.3181416096432
-159.2742021369,64.0758640910663,81.3121611120565
-159.389396445518,63.7988366202472,81.3061806144699
-159.504106500691,63.5216082819274,81.3002001168833
-159.618331962721,63.2441799269346,81.2942196192967
-159.732072493406,62.9665524066626,81.28823912171
-159.845327756044,62.6887265730692,81.2822586241234
-159.958097415449,62.4107032786285,81.2762781265367
-160.070381137925,62.1324833763953,81.2702976289501
-160.182178591292,61.8540677199468,81.2643171313635
-160.293489444867,61.5754571634241,81.2583366337768
-160.404313369489,61.2966525614738,81.2523561361902
-160.514650037488,61.0176547693134,81.2463756386036
-160.624499122715,60.738464642671,81.2403951410169
-160.73386030052,60.4590830378288,81.2344146434303
-160.842733247777,60.1795108115635,81.2284341458437
-160.951117642859,59.8997488212121,81.222453648257
-161.059013165654,59.6197979246228,81.2164731506704
-161.166419497565,59.3396589801646,81.2104926530837
-161.273336321514,59.059332846701,81.2045121554971
-161.379763321928,58.7788203836461,81.1985316579105
-161.485700184752,58.4981224509143,81.1925511603238
-161.591146597448,58.2172399089291,81.1865706627372
-161.696102249001,57.9361736185991,81.1805901651506
-161.8005668299,57.6549244413832,81.1746096675639
-161.904540032164,57.3734932392071,81.1686291699773
-162.008021549329,57.0918808744957,81.1626486723907
-162.111011076446,56.8100882101938,81.156668174804
-162.213508310093,56.5281161097162,81.1506876772174
-162.315512948366,56.2459654369801,81.1447071796308
-162.417024690884,55.9636370563915,81.1387266820441
-162.518043238787,55.6811318328423,81.1327461844575
-162.618568294746,55.3984506316942,81.1267656868709
-162.718599562945,55.1155943188143,81.1207851892842
-162.818136749107,54.8325637605109,81.1148046916976
-162.917179560466,54.5493598236144,81.108824194111
-163.015727705797,54.2659833753803,81.1028436965243
-163.113780895391,53.9824352835689,81.0968631989377
-163.211338841075,53.698716416384,81.090882701351
-163.308401256202,53.4148276425046,81.0849022037644
-163.404967855653,53.1307698310709,81.0789217061778
-163.501038355836,52.8465438516945,81.0729412085911
-163.596612474707,52.5621505743952,81.0669607110045
-163.691689931731,52.2775908697045,81.0609802134179
-163.786270447917,51.9928656085817,81.0549997158312
-163.880353745812,51.70797566241,81.0490192182446
-163.973939549485,51.422921903053,81.043038720658
-164.067027584545,51.1377052028048,81.0370582230713
-164.159617578137,50.8523264343996,81.0310777254847
-164.251709258941,50.5667864709962,81.0250972278981
-164.343302357175,50.2810861862003,81.0191167303114
-164.434396604586,49.9952264540604,81.0131362327248
-164.524991734472,49.7092081490186,81.0071557351382
-164.61508748166,49.4230321459782,81.0011752375515
-164.704683582515,49.1366993202546,80.9951947399649
-164.793779774949,48.8502105475719,80.9892142423783
-164.882375798409,48.5635667040846,80.9832337447916
-164.970471393885,48.2767686663614,80.977253247205
-165.058066303902,47.9898173113959,80.9712727496184
-165.145160272539,47.7027135165564,80.9652922520317
-165.231753045408,47.4154581596533,80.9593117544451
-165.317844369671,47.1280521188785,80.9533312568584
-165.403433994026,46.840496272848,80.9473507592718
-165.488521668726,46.5527915005425,80.9413702616852
-165.573107145554,46.2649386813976,80.9353897640985
-165.657190177861,45.9769386951598,80.9294092665119
-165.740770520519,45.6887924220484,80.9234287689253
-165.823847929968,45.400500742613,80.9174482713386
-165.906422164184,45.112064537811,80.911467773752
-165.988492982692,44.8234846889949,80.9054872761654
-166.070060146565,44.5347620778855,80.8995067785787
-166.151123418435,44.2458975865563,80.8935262809921
-166.231682562472,43.9568920974913,80.8875457834054
-166.3117373444,43.6677464935343,80.8815652858188
-166.391287531495,43.3784616578981,80.8755847882322
-166.470332892584,43.0890384741498,80.8696042906456
-166.548873198044,42.799477826244,80.8636237930589
-166.626908219808,42.5097805984717,80.8576432954723
-166.704437731359,42.2199476754946,80.8516627978856
-166.781461507735,41.9299799423296,80.845682300299
-166.857979325526,41.639878284346,80.8397018027124
-166.933990962878,41.3496435872625,80.8337213051257
-167.009496199491,41.059276737146,80.8277408075391
-167.084494816625,40.7687786203952,80.8217603099525
-167.15898659709,40.4781501237625,80.8157798123658
-167.232971325253,40.1873921343508,80.8097993147792
-167.306448787041,39.8965055395759,80.8038188171926
-167.379418769938,39.6054912271989,80.7978383196059
-167.451881062982,39.3143500853229,80.7918578220193
-167.523835456777,39.023083002344,80.7858773244326
-167.595281743479,38.7316908670187,80.779896826846
-167.666219716807,38.4401745684026,80.7739163292594
-167.736649172037,38.1485349958947,80.7679358316727
-167.806569906006,37.8567730391988,80.7619553340861
-167.875981717115,37.5648895883216,80.7559748364995
-167.944884405322,37.2728855335927,80.7499943389128
-168.01327777215,36.9807617656508,80.7440138413262
-168.081161620678,36.6885191754523,80.7380333437396
-168.148535755556,36.3961586542216,80.7320528461529
-168.215399982991,36.1036810935188,80.7260723485663
-168.281754110754,35.8110873851905,80.7200918509797
-168.34759794818,35.5183784213777,80.714111353393
-168.412931306169,35.2255550945142,80.7081308558064
-168.477753997187,34.9326182973112,80.7021503582198
-168.542065835263,34.6395689227788,80.6961698606331
-168.605866635988,34.3464078642229,80.6901893630465
-168.669156216525,34.0531360152071,80.6842088654599
-168.7319343956,33.7597542695848,80.6782283678732
-168.794200993505,33.4662635214866,80.6722478702866
-168.8559558321,33.1726646653146,80.6662673726999
-168.917198734808,32.8789585957545,80.6602868751133
-168.977929526628,32.5851462077227,80.6543063775267
-169.038148034121,32.2912283964371,80.64832587994
-169.097854085416,31.9972060573651,80.6423453823534
-169.157047510214,31.7030800862219,80.6363648847668
-169.215728139783,31.4088513790023,80.6303843871801
-169.27389580696,31.1145208319324,80.6244038895935
-169.331550346151,30.8200893415122,80.6184233920069
-169.388691593334,30.5255578044788,80.6124428944202
-169.445319386057,30.2309271178021,80.6064623968336
-169.501433563441,29.9361981786951,80.600481899247
-169.557033966169,29.6413718846594,80.5945014016603
-169.612120436508,29.3464491333605,80.5885209040737
-169.666692818287,29.0514308227482,80.5825404064871
-169.720750956908,28.756317851003,80.5765599089004
-169.774294699352,28.4611111164987,80.5705794113138
-169.827323894164,28.1658115178833,80.5645989137271
-169.879838391468,27.8704199539798,80.5586184161405
-169.931838042957,27.5749373238697,80.5526379185539
-169.9833227019,27.2793645268383,80.5466574209672
-170.03429222314,26.9837024623755,80.5406769233806
-170.084746463088,26.6879520302198,80.534696425794
-170.13468527974,26.3921141302585,80.5287159282073
-170.184108532655,26.0961896626587,80.5227354306207
-170.233016082975,25.8001795277313,80.5167549330341
-170.281407793411,25.5040846260251,80.5107744354474
-170.329283528256,25.2079058582631,80.5047939378608
-170.376643153372,24.9116441253761,80.4988134402741
-170.423486536199,24.6153003285011,80.4928329426875
-170.469813545754,24.3188753689409,80.4868524451009
-170.515624052627,24.0223701482096,80.4808719475143
-170.560917928989,23.7257855679826,80.4748914499276
-170.605695048585,23.4291225301299,80.468910952341
-170.649955286734,23.1323819367124,80.4629304547543
-170.693698520337,22.8355646899435,80.4569499571677
-170.736924627871,22.5386716922227,80.4509694595811
-170.779633489388,22.2417038461208,80.4449889619944
-170.821824986519,21.9446620543766,80.4390084644078
-170.863499002472,21.6475472199074,80.4330279668212
-170.904655422036,21.3503602457557,80.4270474692345
-170.945294131572,21.0531020351739,80.4210669716479
-170.985415019026,20.7557734915346,80.4150864740613
-171.025017973921,20.4583755183648,80.4091059764746
-171.064102887353,20.1609090193806,80.403125478888
-171.102669652004,19.8633748984103,80.3971449813014
-171.140718162129,19.5657740594521,80.3911644837147
-171.178248313569,19.2681074066121,80.3851839861281
-171.215260003738,18.9703758441738,80.3792034885414
-171.251753131632,18.6725802765456,80.3732229909548
-171.287727597826,18.3747216082722,80.3672424933682
-171.323183304475,18.0768007440301,80.3612619957815
-171.358120155312,17.7788185886379,80.3552814981949
-171.392538055655,17.4807760470048,80.3493010006083
-171.426436912396,17.1826740242006,80.3433205030216
-171.45981663401,16.8845134254043,80.337340005435
-171.492677130551,16.5862951559264,80.3313595078484
-171.525018313656,16.2880201211556,80.3253790102617
-171.556840096538,15.9896892266437,80.3193985126751
-171.588142393997,15.6913033780033,80.3134180150885
-171.618925122406,15.3928634810042,80.3074375175018
-171.649188199724,15.094370441484,80.3014570199152
-171.67893154549,14.7958251653826,80.2954765223286
-171.708155080822,14.4972285587757,80.2894960247419
-171.736858728419,14.1985815277996,80.2835155271553
-171.765042412562,13.8998849787078,80.2775350295687
-171.792706059115,13.6011398178096,80.271554531982
-171.819849595519,13.302346951538,80.2655740343954
-171.846472950798,13.0035072864128,80.2595935368088
-171.872576055559,12.7046217290114,80.2536130392221
-171.898158841986,12.405691186016,80.2476325416355
-171.92322124385,12.1067165641495,80.2416520440488
-171.947763196497,11.8076987702578,80.2356715464622
-171.971784636858,11.5086387112227,80.2296910488756
-171.995285503445,11.2095372940186,80.2237105512889
-172.018265736351,10.9103954256627,80.2177300537023
-172.04072527725,10.6112140132596,80.2117495561157
-172.062664069397,10.3119939639506,80.205769058529
-172.084082057631,10.0127361849585,80.1997885609424
-172.104979188368,9.71344158353826,80.1938080633558
-172.125355409609,9.41411106702065,80.1878275657691
-172.145210670935,9.11474554276285,80.1818470681825
-172.164544923507,8.81534591819259,80.1758665705959
-172.18335812007,8.51591310077026,80.1698860730092
-172.201650214947,8.2164479979968,80.1639055754226
-172.219421164046,7.91695151741314,80.157925077836
-172.236670924853,7.61742456658299,80.1519445802493
-172.253399456437,7.31786805314036,80.1459640826627
-172.269606719447,7.01828288470104,80.139983585076
-172.285292676113,6.71866996895662,80.1340030874894
-172.300457290248,6.41903021358814,80.1280225899028
-172.315100527243,6.11936452629794,80.1220420923161
-172.329222354071,5.81967381484519,80.1160615947295
-172.342822739286,5.51995898698063,80.1100810971429
-172.355901653024,5.22022095045708,80.1041005995562
-172.368459066999,4.92046061305076,80.0981201019696
-172.380494954508,4.62067888254669,80.092139604383
-172.392009290426,4.32087666674723,80.0861591067963
-172.40300205121,4.02105487344575,80.0801786092097
-172.413473214897,3.72121441043586,80.074198111623
-172.423422761105,3.42135618549664,80.0682176140364
-172.432850671029,3.12148110642583,80.0622371164498
-172.441756927448,2.82159008100144,80.0562566188632
-172.450141514719,2.52168401699014,80.0502761212765
-172.458004418776,2.22176382214533,80.0442956236899
-172.465345627138,1.92183040420447,80.0383151261032
-172.472165128898,1.62188467089763,80.0323346285166
-172.478462914732,1.32192752990892,80.02635413093
-172.484238976894,1.02195988891048,80.0203736333433
-172.489493309217,0.721982655546904,80.0143931357567
-172.494225907112,0.421996737456669,80.0084126381701
-172.498436767569,0.122003042185767,80.0024321405834
